time,chassis_x,chassis_y,chassis_z,roll_deg,pitch_deg,yaw_deg,susp_FL,susp_FR,susp_RL,susp_RR,steer_deg,steer_FL_deg,steer_FR_deg,speed_mps
0.0020,-0.0000,0.0000,1.1900,-0.000,0.000,0.000,0.8700,0.8700,0.8700,0.8700,0.000,0.000,0.000,0.0001
0.0040,-0.0000,0.0000,1.1900,0.006,-0.000,-0.000,0.8700,0.8700,0.8700,0.8700,0.000,0.000,0.000,0.0095
0.0060,0.0000,0.0001,1.1899,0.010,0.002,-0.000,0.8700,0.8700,0.8700,0.8700,0.000,0.000,0.000,0.0157
0.0080,0.0000,0.0001,1.1900,0.002,0.001,-0.000,0.8700,0.8700,0.8700,0.8700,0.000,0.000,0.000,0.0195
0.0100,0.0000,0.0002,1.1901,0.005,-0.002,0.005,0.8700,0.8700,0.8700,0.8700,0.000,0.000,0.000,0.0457
0.0120,0.0000,0.0003,1.1901,0.007,-0.003,0.012,0.8700,0.8700,0.8700,0.8700,0.000,0.000,0.000,0.0575
0.0140,0.0000,0.0004,1.1902,0.008,-0.004,0.017,0.8700,0.8700,0.8700,0.8700,0.000,0.000,0.000,0.0524
0.0160,0.0000,0.0005,1.1901,0.009,-0.006,0.022,0.8700,0.8700,0.8700,0.8700,0.000,0.000,0.000,0.0514
0.0180,0.0000,0.0006,1.1901,0.010,-0.007,0.026,0.8700,0.8700,0.8700,0.8700,0.000,0.000,0.000,0.0518
0.0200,0.0000,0.0007,1.1900,0.012,-0.007,0.031,0.8700,0.8700,0.8700,0.8700,0.000,0.000,0.000,0.0513
0.0220,0.0000,0.0008,1.1900,0.000,0.000,0.036,0.8700,0.8700,0.8700,0.8700,0.000,0.000,0.000,0.0564
0.0240,0.0000,0.0009,1.1900,-0.002,0.001,0.037,0.8700,0.8700,0.8700,0.8700,0.000,0.000,0.000,0.0582
0.0260,0.0000,0.0010,1.1900,-0.009,0.005,0.035,0.8700,0.8700,0.8700,0.8700,0.000,0.000,0.000,0.0411
0.0280,0.0000,0.0011,1.1901,-0.008,0.003,0.030,0.8700,0.8700,0.8700,0.8700,0.000,0.000,0.000,0.0266
0.0300,0.0000,0.0011,1.1901,-0.009,-0.002,0.023,0.8700,0.8700,0.8700,0.8700,0.000,0.000,0.000,0.0014
0.0320,0.0000,0.0011,1.1902,-0.006,-0.004,0.015,0.8700,0.8700,0.8700,0.8700,0.000,0.000,0.000,0.0011
0.0340,0.0000,0.0011,1.1902,-0.002,-0.007,0.009,0.8700,0.8700,0.8701,0.8700,0.000,0.000,0.000,0.0021
0.0360,0.0000,0.0011,1.1902,0.002,-0.009,0.002,0.8700,0.8700,0.8701,0.8700,0.000,0.000,0.000,0.0020
0.0380,0.0000,0.0011,1.1901,0.003,-0.008,-0.004,0.8700,0.8700,0.8701,0.8701,0.000,0.000,0.000,0.0043
0.0400,0.0000,0.0011,1.1901,0.003,-0.005,-0.011,0.8700,0.8700,0.8701,0.8701,0.000,0.000,0.000,0.0053
0.0420,0.0000,0.0011,1.1900,0.001,-0.001,-0.017,0.8700,0.8700,0.8702,0.8701,0.000,0.000,0.000,0.0060
0.0440,0.0000,0.0011,1.1900,0.001,-0.000,-0.023,0.8700,0.8700,0.8702,0.8701,0.000,0.000,0.000,0.0045
0.0460,0.0000,0.0012,1.1900,0.002,-0.002,-0.025,0.8700,0.8700,0.8703,0.8702,0.000,0.000,0.000,0.0147
0.0480,0.0000,0.0012,1.1900,-0.002,-0.004,-0.026,0.8700,0.8700,0.8703,0.8702,0.000,0.000,0.000,0.0112
0.0500,0.0000,0.0012,1.1900,-0.000,-0.001,-0.030,0.8700,0.8700,0.8703,0.8702,0.000,0.000,0.000,0.0014
0.0520,0.0000,0.0012,1.1900,-0.001,0.000,-0.034,0.8700,0.8700,0.8704,0.8703,0.000,0.000,0.000,0.0047
0.0540,0.0000,0.0012,1.1900,-0.000,0.000,-0.038,0.8700,0.8700,0.8705,0.8703,0.000,0.000,0.000,0.0007
0.0560,0.0000,0.0012,1.1900,0.001,-0.000,-0.040,0.8700,0.8700,0.8706,0.8704,0.000,0.000,0.000,0.0043
0.0580,0.0000,0.0012,1.1900,0.003,-0.002,-0.041,0.8700,0.8700,0.8707,0.8704,0.000,0.000,0.000,0.0119
0.0600,0.0000,0.0012,1.1901,0.001,-0.002,-0.044,0.8700,0.8700,0.8708,0.8705,0.000,0.000,0.000,0.0053
0.0620,0.0000,0.0012,1.1901,-0.000,-0.003,-0.046,0.8700,0.8700,0.8710,0.8705,0.000,0.000,0.000,0.0055
0.0640,0.0000,0.0012,1.1901,-0.001,-0.003,-0.048,0.8700,0.8700,0.8711,0.8706,0.000,0.000,0.000,0.0057
0.0660,0.0000,0.0012,1.1900,-0.002,-0.003,-0.050,0.8700,0.8700,0.8712,0.8707,0.000,0.000,0.000,0.0042
0.0680,0.0000,0.0012,1.1900,0.000,-0.000,-0.052,0.8700,0.8700,0.8714,0.8708,0.000,0.000,0.000,0.0015
0.0700,0.0000,0.0012,1.1899,0.002,-0.001,-0.055,0.8700,0.8700,0.8715,0.8709,0.000,0.000,0.000,0.0004
0.0720,0.0000,0.0012,1.1900,-0.002,0.001,-0.058,0.8700,0.8700,0.8718,0.8710,0.000,0.000,0.000,0.0011
0.0740,0.0000,0.0013,1.1900,-0.001,0.001,-0.060,0.8700,0.8700,0.8719,0.8712,0.000,0.000,0.000,0.0054
0.0760,0.0000,0.0013,1.1900,0.001,-0.000,-0.059,0.8700,0.8700,0.8720,0.8714,0.000,0.000,0.000,0.0155
0.0780,0.0000,0.0013,1.1900,0.001,-0.001,-0.058,0.8700,0.8700,0.8722,0.8716,0.000,0.000,0.000,0.0191
0.0800,0.0000,0.0014,1.1900,0.001,-0.001,-0.056,0.8700,0.8700,0.8724,0.8718,0.000,0.000,0.000,0.0264
0.0820,0.0000,0.0014,1.1900,-0.000,-0.000,-0.054,0.8700,0.8700,0.8726,0.8720,0.000,0.000,0.000,0.0244
0.0840,0.0000,0.0015,1.1900,-0.003,0.001,-0.055,0.8700,0.8700,0.8729,0.8721,0.000,0.000,0.000,0.0142
0.0860,0.0000,0.0015,1.1900,-0.001,0.001,-0.055,0.8700,0.8700,0.8731,0.8723,0.000,0.000,0.000,0.0115
0.0880,0.0000,0.0015,1.1900,-0.000,0.001,-0.056,0.8700,0.8700,0.8733,0.8726,0.000,0.000,0.000,0.0099
0.0900,0.0000,0.0015,1.1900,0.000,-0.000,-0.055,0.8700,0.8700,0.8735,0.8728,0.000,0.000,0.000,0.0136
0.0920,0.0000,0.0016,1.1900,0.001,-0.001,-0.056,0.8700,0.8700,0.8738,0.8731,0.000,0.000,0.000,0.0129
0.0940,0.0000,0.0016,1.1900,-0.000,-0.001,-0.058,0.8700,0.8700,0.8742,0.8734,0.000,0.000,0.000,0.0036
0.0960,0.0000,0.0016,1.1900,-0.001,-0.001,-0.060,0.8700,0.8700,0.8745,0.8737,0.000,0.000,0.000,0.0025
0.0980,0.0000,0.0016,1.1900,-0.001,0.000,-0.062,0.8700,0.8700,0.8747,0.8741,0.000,0.000,0.000,0.0027
0.1000,0.0000,0.0016,1.1900,-0.001,0.000,-0.064,0.8700,0.8700,0.8751,0.8744,0.000,0.000,0.000,0.0040
0.1020,0.0000,0.0016,1.1900,0.000,-0.001,-0.065,0.8700,0.8700,0.8756,0.8747,0.000,0.000,0.000,0.0090
0.1040,0.0000,0.0016,1.1900,0.004,-0.002,-0.065,0.8700,0.8700,0.8760,0.8751,0.000,0.000,0.000,0.0108
0.1060,0.0001,0.0016,1.1900,0.009,-0.005,-0.063,0.8700,0.8700,0.8763,0.8755,0.000,0.000,0.000,0.0177
0.1080,0.0001,0.0017,1.1900,0.014,-0.009,-0.060,0.8700,0.8700,0.8766,0.8758,0.000,0.000,0.000,0.0238
0.1100,0.0001,0.0018,1.1900,0.002,-0.001,-0.057,0.8700,0.8700,0.8769,0.8762,0.000,0.000,0.000,0.0376
0.1120,0.0001,0.0018,1.1901,-0.003,0.003,-0.053,0.8700,0.8700,0.8772,0.8772,0.000,0.000,0.000,0.0405
0.1140,0.0001,0.0019,1.1901,-0.012,0.006,-0.051,0.8700,0.8700,0.8775,0.8783,0.000,0.000,0.000,0.0318
0.1160,0.0001,0.0020,1.1902,-0.016,0.004,-0.051,0.8700,0.8700,0.8778,0.8794,0.000,0.000,0.000,0.0214
0.1180,0.0001,0.0020,1.1902,-0.018,0.002,-0.052,0.8700,0.8700,0.8781,0.8806,0.000,0.000,0.000,0.0091
0.1200,0.0001,0.0020,1.1903,-0.018,0.001,-0.054,0.8700,0.8700,0.8785,0.8819,0.000,0.000,0.000,0.0084
0.1220,0.0001,0.0020,1.1902,-0.017,-0.001,-0.055,0.8700,0.8700,0.8790,0.8832,0.000,0.000,0.000,0.0092
0.1240,0.0002,0.0020,1.1902,-0.014,-0.001,-0.056,0.8701,0.8700,0.8795,0.8846,0.000,0.000,0.000,0.0098
0.1260,0.0002,0.0020,1.1901,-0.010,-0.000,-0.058,0.8701,0.8700,0.8802,0.8860,0.000,0.000,0.000,0.0105
0.1280,0.0002,0.0020,1.1900,-0.005,0.001,-0.059,0.8701,0.8700,0.8808,0.8875,0.000,0.000,0.000,0.0117
0.1300,0.0002,0.0020,1.1900,0.000,-0.000,-0.060,0.8701,0.8700,0.8814,0.8890,0.000,0.000,0.000,0.0131
0.1320,0.0003,0.0020,1.1900,-0.001,-0.001,-0.061,0.8701,0.8700,0.8820,0.8905,0.000,0.000,0.000,0.0148
0.1340,0.0003,0.0020,1.1900,0.002,-0.001,-0.062,0.8701,0.8700,0.8825,0.8916,0.000,0.000,0.000,0.0166
0.1360,0.0003,0.0020,1.1900,-0.001,-0.000,-0.062,0.8701,0.8700,0.8833,0.8927,0.000,0.000,0.000,0.0198
0.1380,0.0004,0.0020,1.1900,-0.001,0.000,-0.061,0.8701,0.8700,0.8840,0.8941,0.000,0.000,0.000,0.0211
0.1400,0.0004,0.0020,1.1900,-0.001,0.000,-0.061,0.8701,0.8700,0.8846,0.8955,0.000,0.000,0.000,0.0216
0.1420,0.0005,0.0021,1.1900,-0.001,-0.000,-0.061,0.8701,0.8700,0.8853,0.8970,0.000,0.000,0.000,0.0240
0.1440,0.0005,0.0021,1.1900,-0.000,-0.000,-0.061,0.8701,0.8700,0.8861,0.8984,0.000,0.000,0.000,0.0256
0.1460,0.0006,0.0021,1.1900,-0.002,-0.000,-0.061,0.8701,0.8700,0.8870,0.8997,0.000,0.000,0.000,0.0269
0.1480,0.0006,0.0021,1.1900,-0.001,0.000,-0.062,0.8701,0.8700,0.8878,0.9010,0.000,0.000,0.000,0.0290
0.1500,0.0007,0.0021,1.1900,-0.001,0.000,-0.062,0.8701,0.8700,0.8887,0.9022,0.000,0.000,0.000,0.0312
0.1520,0.0007,0.0021,1.1900,0.001,-0.001,-0.062,0.8701,0.8700,0.8896,0.9036,0.000,0.000,0.000,0.0334
0.1540,0.0008,0.0021,1.1899,-0.001,-0.003,-0.063,0.8701,0.8700,0.8905,0.9050,0.000,0.000,0.000,0.0358
0.1560,0.0009,0.0021,1.1899,-0.003,-0.005,-0.063,0.8701,0.8700,0.8913,0.9062,0.000,0.000,0.000,0.0383
0.1580,0.0010,0.0021,1.1899,-0.008,-0.007,-0.063,0.8701,0.8700,0.8921,0.9080,0.000,0.000,0.000,0.0407
0.1600,0.0011,0.0021,1.1900,0.004,-0.003,-0.062,0.8701,0.8700,0.8930,0.9095,0.000,0.000,0.000,0.0438
0.1620,0.0012,0.0021,1.1901,0.006,-0.000,-0.059,0.8701,0.8700,0.8945,0.9108,0.000,0.000,0.000,0.0470
0.1640,0.0012,0.0021,1.1901,0.003,0.001,-0.059,0.8701,0.8700,0.8961,0.9124,0.000,0.000,0.000,0.0497
0.1660,0.0014,0.0021,1.1901,-0.001,0.002,-0.060,0.8701,0.8700,0.8977,0.9140,0.000,0.000,0.000,0.0535
0.1680,0.0015,0.0021,1.1901,-0.005,0.002,-0.060,0.8701,0.8700,0.8993,0.9156,0.000,0.000,0.000,0.0572
0.1700,0.0016,0.0021,1.1900,-0.004,-0.000,-0.061,0.8701,0.8700,0.9009,0.9171,0.000,0.000,0.000,0.0611
0.1720,0.0017,0.0021,1.1900,-0.001,-0.003,-0.060,0.8701,0.8700,0.9024,0.9186,0.000,0.000,0.000,0.0650
0.1740,0.0019,0.0021,1.1899,0.007,-0.004,-0.059,0.8701,0.8700,0.9038,0.9201,0.000,0.000,0.000,0.0690
0.1760,0.0020,0.0021,1.1899,0.010,-0.009,-0.058,0.8701,0.8700,0.9048,0.9215,0.000,0.000,0.000,0.0732
0.1780,0.0022,0.0021,1.1900,0.009,-0.008,-0.056,0.8701,0.8700,0.9062,0.9227,0.000,0.000,0.000,0.0770
0.1800,0.0023,0.0021,1.1901,0.004,-0.007,-0.053,0.8701,0.8700,0.9080,0.9250,0.000,0.000,0.000,0.0816
0.1820,0.0025,0.0021,1.1902,-0.002,-0.007,-0.052,0.8701,0.8700,0.9099,0.9270,0.000,0.000,0.000,0.0865
0.1840,0.0027,0.0021,1.1902,-0.007,-0.007,-0.051,0.8701,0.8700,0.9117,0.9290,0.000,0.000,0.000,0.0919
0.1860,0.0029,0.0022,1.1902,-0.010,-0.007,-0.050,0.8701,0.8700,0.9134,0.9309,0.000,0.000,0.000,0.0974
0.1880,0.0031,0.0022,1.1902,-0.011,-0.005,-0.048,0.8701,0.8700,0.9149,0.9327,0.000,0.000,0.000,0.1028
0.1900,0.0033,0.0022,1.1902,-0.012,-0.005,-0.046,0.8701,0.8700,0.9162,0.9344,0.000,0.000,0.000,0.1082
0.1920,0.0035,0.0022,1.1901,-0.008,-0.003,-0.045,0.8701,0.8700,0.9175,0.9361,0.000,0.000,0.000,0.1135
0.1940,0.0038,0.0022,1.1900,-0.002,-0.000,-0.043,0.8701,0.8700,0.9192,0.9378,0.000,0.000,0.000,0.1188
0.1960,0.0040,0.0022,1.1900,0.000,-0.001,-0.041,0.8702,0.8700,0.9207,0.9393,0.000,0.000,0.000,0.1246
0.1980,0.0043,0.0021,1.1899,0.001,-0.002,-0.040,0.8702,0.8700,0.9219,0.9405,0.000,0.000,0.000,0.1303
0.2000,0.0045,0.0021,1.1899,0.000,-0.002,-0.039,0.8702,0.8700,0.9233,0.9418,0.000,0.000,0.000,0.1354
0.2020,0.0048,0.0021,1.1900,0.000,-0.002,-0.039,0.8702,0.8700,0.9243,0.9430,0.000,0.000,0.000,0.1410
0.2040,0.0051,0.0021,1.1899,-0.003,-0.003,-0.039,0.8702,0.8700,0.9258,0.9442,0.000,0.000,0.000,0.1462
0.2060,0.0054,0.0021,1.1899,-0.004,-0.007,-0.039,0.8702,0.8700,0.9271,0.9453,0.000,0.000,0.000,0.1518
0.2080,0.0057,0.0021,1.1899,0.005,-0.007,-0.039,0.8702,0.8700,0.9282,0.9462,0.000,0.000,0.000,0.1571
0.2100,0.0061,0.0020,1.1899,0.006,-0.009,-0.038,0.8702,0.8700,0.9291,0.9471,0.000,0.000,0.000,0.1630
0.2120,0.0064,0.0020,1.1899,0.006,-0.009,-0.037,0.8702,0.8700,0.9297,0.9477,0.000,0.000,0.000,0.1673
0.2140,0.0067,0.0020,1.1900,0.005,-0.005,-0.035,0.8702,0.8700,0.9311,0.9494,0.000,0.000,0.000,0.1716
0.2160,0.0071,0.0020,1.1900,0.003,-0.002,-0.034,0.8702,0.8700,0.9320,0.9505,0.000,0.000,0.000,0.1783
0.2180,0.0075,0.0019,1.1900,0.000,-0.001,-0.033,0.8702,0.8700,0.9329,0.9516,0.000,0.000,0.000,0.1839
0.2200,0.0078,0.0019,1.1900,-0.000,-0.002,-0.033,0.8702,0.8700,0.9337,0.9525,0.000,0.000,0.000,0.1894
0.2220,0.0082,0.0019,1.1899,0.003,-0.004,-0.031,0.8703,0.8700,0.9343,0.9532,0.000,0.000,0.000,0.1945
0.2240,0.0086,0.0019,1.1899,0.001,-0.003,-0.030,0.8703,0.8700,0.9353,0.9543,0.000,0.000,0.000,0.1994
0.2260,0.0090,0.0018,1.1900,-0.000,-0.001,-0.029,0.8703,0.8700,0.9366,0.9548,0.000,0.000,0.000,0.2054
0.2280,0.0094,0.0018,1.1900,0.000,-0.001,-0.029,0.8703,0.8700,0.9376,0.9552,0.000,0.000,0.000,0.2106
0.2300,0.0099,0.0018,1.1900,-0.001,-0.000,-0.028,0.8703,0.8700,0.9387,0.9558,0.000,0.000,0.000,0.2159
0.2320,0.0103,0.0017,1.1900,0.000,-0.001,-0.027,0.8703,0.8700,0.9395,0.9563,0.000,0.000,0.000,0.2212
0.2340,0.0108,0.0017,1.1900,-0.000,-0.002,-0.027,0.8703,0.8700,0.9404,0.9567,0.000,0.000,0.000,0.2265
0.2360,0.0112,0.0017,1.1899,0.000,-0.003,-0.026,0.8703,0.8700,0.9414,0.9573,0.000,0.000,0.000,0.2314
0.2380,0.0117,0.0017,1.1899,-0.000,-0.005,-0.026,0.8703,0.8700,0.9423,0.9579,0.000,0.000,0.000,0.2372
0.2400,0.0122,0.0016,1.1898,0.002,-0.007,-0.026,0.8704,0.8700,0.9428,0.9583,0.000,0.000,0.000,0.2427
0.2420,0.0127,0.0016,1.1899,0.001,-0.006,-0.026,0.8704,0.8700,0.9440,0.9585,0.000,0.000,0.000,0.2476
0.2440,0.0132,0.0015,1.1899,-0.003,-0.006,-0.027,0.8704,0.8700,0.9449,0.9595,0.000,0.000,0.000,0.2534
0.2460,0.0137,0.0015,1.1899,-0.007,-0.007,-0.029,0.8704,0.8700,0.9455,0.9601,0.000,0.000,0.000,0.2596
0.2480,0.0142,0.0015,1.1899,-0.010,-0.010,-0.030,0.8704,0.8701,0.9460,0.9602,0.000,0.000,0.000,0.2645
0.2500,0.0148,0.0014,1.1900,-0.003,-0.008,-0.031,0.8704,0.8701,0.9463,0.9606,0.000,0.000,0.000,0.2691
0.2520,0.0153,0.0014,1.1900,0.001,-0.003,-0.032,0.8705,0.8701,0.9477,0.9609,0.000,0.000,0.000,0.2743
0.2540,0.0159,0.0013,1.1900,0.002,-0.001,-0.034,0.8705,0.8701,0.9488,0.9615,0.000,0.000,0.000,0.2802
0.2560,0.0164,0.0013,1.1900,0.002,-0.001,-0.034,0.8705,0.8701,0.9498,0.9619,0.000,0.000,0.000,0.2860
0.2580,0.0170,0.0013,1.1900,0.001,-0.002,-0.034,0.8705,0.8701,0.9507,0.9620,0.000,0.000,0.000,0.2915
0.2600,0.0176,0.0013,1.1900,0.001,-0.002,-0.033,0.8705,0.8701,0.9511,0.9624,0.000,0.000,0.000,0.2969
0.2620,0.0182,0.0013,1.1899,-0.001,-0.003,-0.033,0.8706,0.8701,0.9516,0.9626,0.000,0.000,0.000,0.3021
0.2640,0.0188,0.0013,1.1899,0.001,-0.003,-0.032,0.8706,0.8701,0.9519,0.9629,0.000,0.000,0.000,0.3071
0.2660,0.0195,0.0012,1.1899,0.001,-0.004,-0.032,0.8706,0.8702,0.9526,0.9628,0.000,0.000,0.000,0.3121
0.2680,0.0201,0.0012,1.1899,0.000,-0.003,-0.032,0.8706,0.8702,0.9529,0.9631,0.000,0.000,0.000,0.3171
0.2700,0.0207,0.0012,1.1899,-0.000,-0.002,-0.032,0.8706,0.8702,0.9536,0.9629,0.000,0.000,0.000,0.3222
0.2720,0.0214,0.0012,1.1900,-0.000,-0.002,-0.033,0.8707,0.8702,0.9540,0.9628,0.000,0.000,0.000,0.3271
0.2740,0.0221,0.0012,1.1899,0.000,-0.002,-0.033,0.8707,0.8702,0.9544,0.9628,0.000,0.000,0.000,0.3317
0.2760,0.0227,0.0012,1.1899,-0.000,-0.003,-0.034,0.8707,0.8702,0.9547,0.9628,0.000,0.000,0.000,0.3364
0.2780,0.0234,0.0011,1.1899,-0.001,-0.005,-0.034,0.8707,0.8702,0.9549,0.9626,0.000,0.000,0.000,0.3411
0.2800,0.0241,0.0011,1.1899,0.000,-0.006,-0.034,0.8708,0.8703,0.9548,0.9626,0.000,0.000,0.000,0.3454
0.2820,0.0248,0.0011,1.1899,0.001,-0.004,-0.033,0.8708,0.8703,0.9554,0.9622,0.000,0.000,0.000,0.3497
0.2840,0.0255,0.0011,1.1900,-0.004,-0.003,-0.032,0.8708,0.8703,0.9554,0.9625,0.000,0.000,0.000,0.3545
0.2860,0.0262,0.0011,1.1900,-0.004,-0.002,-0.031,0.8709,0.8704,0.9555,0.9624,0.000,0.000,0.000,0.3594
0.2880,0.0270,0.0010,1.1900,-0.005,-0.003,-0.030,0.8709,0.8704,0.9558,0.9622,0.000,0.000,0.000,0.3638
0.2900,0.0277,0.0010,1.1900,-0.003,-0.002,-0.030,0.8709,0.8704,0.9559,0.9620,0.000,0.000,0.000,0.3683
0.2920,0.0284,0.0010,1.1899,0.000,-0.002,-0.029,0.8709,0.8705,0.9557,0.9617,0.000,0.000,0.000,0.3725
0.2940,0.0292,0.0009,1.1899,0.000,-0.003,-0.028,0.8710,0.8705,0.9556,0.9616,0.000,0.000,0.000,0.3763
0.2960,0.0299,0.0009,1.1899,0.000,-0.003,-0.027,0.8710,0.8706,0.9558,0.9615,0.000,0.000,0.000,0.3800
0.2980,0.0307,0.0009,1.1899,-0.002,-0.005,-0.026,0.8710,0.8706,0.9557,0.9611,0.000,0.000,0.000,0.3845
0.3000,0.0315,0.0009,1.1899,0.000,-0.002,-0.025,0.8711,0.8706,0.9554,0.9608,0.000,0.000,0.000,0.3881
0.3020,0.0323,0.0008,1.1900,0.001,-0.002,-0.026,0.8711,0.8707,0.9560,0.9608,0.000,0.000,0.000,0.3917
0.3040,0.0331,0.0009,1.1900,0.002,-0.002,-0.027,0.8712,0.8707,0.9565,0.9605,0.000,0.000,0.000,0.3966
0.3060,0.0339,0.0009,1.1900,0.002,-0.002,-0.028,0.8712,0.8707,0.9568,0.9604,0.000,0.000,0.000,0.4012
0.3080,0.0347,0.0009,1.1899,-0.000,-0.003,-0.029,0.8712,0.8708,0.9570,0.9599,0.000,0.000,0.000,0.4058
0.3100,0.0355,0.0009,1.1899,0.000,-0.003,-0.030,0.8713,0.8708,0.9570,0.9596,0.000,0.000,0.000,0.4101
0.3120,0.0363,0.0010,1.1899,-0.003,-0.003,-0.031,0.8713,0.8708,0.9568,0.9592,0.000,0.000,0.000,0.4139
0.3140,0.0372,0.0010,1.1899,-0.004,-0.007,-0.032,0.8714,0.8709,0.9565,0.9586,0.000,0.000,0.000,0.4173
0.3160,0.0380,0.0010,1.1898,-0.012,-0.009,-0.032,0.8714,0.8709,0.9561,0.9582,0.000,0.000,0.000,0.4204
0.3180,0.0389,0.0011,1.1899,-0.007,-0.004,-0.033,0.8715,0.8709,0.9555,0.9579,0.000,0.000,0.000,0.4238
0.3200,0.0397,0.0011,1.1899,0.006,0.001,-0.036,0.8716,0.8710,0.9562,0.9575,0.000,0.000,0.000,0.4271
0.3220,0.0406,0.0011,1.1900,0.007,-0.003,-0.041,0.8717,0.8710,0.9564,0.9572,0.000,0.000,0.000,0.4321
0.3240,0.0414,0.0012,1.1901,-0.000,-0.005,-0.051,0.8717,0.8710,0.9565,0.9569,0.000,0.000,0.000,0.4356
0.3260,0.0423,0.0012,1.1901,-0.009,-0.008,-0.063,0.8718,0.8711,0.9563,0.9565,0.000,0.000,0.000,0.4391
0.3280,0.0432,0.0012,1.1902,-0.012,-0.008,-0.074,0.8718,0.8711,0.9558,0.9560,0.000,0.000,0.000,0.4425
0.3300,0.0441,0.0012,1.1902,-0.014,-0.006,-0.084,0.8719,0.8711,0.9557,0.9555,0.000,0.000,0.000,0.4455
0.3320,0.0450,0.0012,1.1902,-0.016,-0.004,-0.092,0.8719,0.8711,0.9552,0.9550,0.000,0.000,0.000,0.4490
0.3340,0.0459,0.0011,1.1902,-0.015,-0.002,-0.101,0.8720,0.8711,0.9548,0.9543,0.000,0.000,0.000,0.4518
0.3360,0.0468,0.0011,1.1901,-0.012,-0.001,-0.110,0.8721,0.8712,0.9545,0.9537,0.000,0.000,0.000,0.4548
0.3380,0.0477,0.0011,1.1901,-0.005,-0.001,-0.117,0.8721,0.8712,0.9543,0.9530,0.000,0.000,0.000,0.4576
0.3400,0.0486,0.0010,1.1900,0.001,-0.000,-0.124,0.8722,0.8712,0.9539,0.9523,0.000,0.000,0.000,0.4605
0.3420,0.0496,0.0010,1.1899,0.001,-0.004,-0.132,0.8723,0.8712,0.9535,0.9515,0.000,0.000,0.000,0.4631
0.3440,0.0505,0.0010,1.1899,0.001,-0.005,-0.138,0.8723,0.8714,0.9532,0.9509,0.000,0.000,0.000,0.4655
0.3460,0.0514,0.0010,1.1899,0.003,-0.006,-0.143,0.8724,0.8715,0.9526,0.9504,0.000,0.000,0.000,0.4682
0.3480,0.0524,0.0010,1.1899,0.001,-0.005,-0.148,0.8725,0.8715,0.9521,0.9500,0.000,0.000,0.000,0.4707
0.3500,0.0533,0.0010,1.1899,0.001,-0.003,-0.153,0.8726,0.8716,0.9519,0.9496,0.000,0.000,0.000,0.4733
0.3520,0.0543,0.0010,1.1900,0.000,-0.002,-0.157,0.8726,0.8717,0.9517,0.9492,0.000,0.000,0.000,0.4764
0.3540,0.0552,0.0010,1.1900,-0.000,-0.002,-0.161,0.8727,0.8717,0.9513,0.9488,0.000,0.000,0.000,0.4795
0.3560,0.0562,0.0010,1.1900,-0.002,-0.003,-0.164,0.8728,0.8718,0.9509,0.9483,0.000,0.000,0.000,0.4822
0.3580,0.0572,0.0010,1.1899,-0.004,-0.005,-0.168,0.8729,0.8718,0.9504,0.9478,0.000,0.000,0.000,0.4848
0.3600,0.0581,0.0010,1.1900,-0.003,-0.003,-0.169,0.8730,0.8719,0.9498,0.9475,0.000,0.000,0.000,0.4873
0.3620,0.0591,0.0010,1.1900,-0.002,-0.002,-0.170,0.8731,0.8719,0.9497,0.9470,0.000,0.000,0.000,0.4898
0.3640,0.0601,0.0010,1.1900,0.000,-0.001,-0.171,0.8732,0.8720,0.9496,0.9465,0.000,0.000,0.000,0.4927
0.3660,0.0611,0.0010,1.1900,-0.001,-0.001,-0.171,0.8733,0.8720,0.9492,0.9461,0.000,0.000,0.000,0.4956
0.3680,0.0621,0.0010,1.1900,0.000,-0.001,-0.172,0.8733,0.8721,0.9489,0.9456,0.000,0.000,0.000,0.4981
0.3700,0.0631,0.0010,1.1900,-0.000,-0.002,-0.172,0.8734,0.8722,0.9484,0.9451,0.000,0.000,0.000,0.5008
0.3720,0.0641,0.0010,1.1899,-0.001,-0.002,-0.172,0.8735,0.8723,0.9480,0.9447,0.000,0.000,0.000,0.5032
0.3740,0.0651,0.0009,1.1899,-0.001,-0.003,-0.172,0.8735,0.8723,0.9475,0.9442,0.000,0.000,0.000,0.5056
0.3760,0.0661,0.0009,1.1900,0.000,-0.001,-0.175,0.8736,0.8724,0.9472,0.9438,0.000,0.000,0.000,0.5079
0.3780,0.0671,0.0009,1.1900,-0.001,-0.001,-0.176,0.8738,0.8724,0.9472,0.9435,0.000,0.000,0.000,0.5106
0.3800,0.0682,0.0009,1.1900,0.001,-0.002,-0.177,0.8738,0.8725,0.9469,0.9430,0.000,0.000,0.000,0.5136
0.3820,0.0692,0.0009,1.1900,0.001,-0.002,-0.177,0.8739,0.8725,0.9466,0.9425,0.000,0.000,0.000,0.5160
0.3840,0.0702,0.0009,1.1900,0.003,-0.002,-0.178,0.8741,0.8725,0.9462,0.9421,0.000,0.000,0.000,0.5184
0.3860,0.0713,0.0008,1.1899,0.003,-0.004,-0.179,0.8742,0.8726,0.9456,0.9416,0.000,0.000,0.000,0.5208
0.3880,0.0723,0.0008,1.1899,0.001,-0.002,-0.179,0.8743,0.8727,0.9452,0.9410,0.000,0.000,0.000,0.5228
0.3900,0.0734,0.0008,1.1899,0.002,-0.003,-0.182,0.8744,0.8727,0.9447,0.9408,0.000,0.000,0.000,0.5248
0.3920,0.0744,0.0009,1.1900,0.008,-0.006,-0.183,0.8745,0.8728,0.9443,0.9405,0.000,0.000,0.000,0.5277
0.3940,0.0755,0.0009,1.1900,0.005,-0.003,-0.183,0.8746,0.8729,0.9440,0.9401,0.000,0.000,0.000,0.5307
0.3960,0.0766,0.0010,1.1900,0.003,-0.000,-0.183,0.8748,0.8730,0.9436,0.9388,0.000,0.000,0.000,0.5332
0.3980,0.0776,0.0011,1.1900,-0.000,0.001,-0.184,0.8749,0.8731,0.9431,0.9374,0.000,0.000,0.000,0.5342
0.4000,0.0787,0.0011,1.1900,-0.001,-0.000,-0.185,0.8750,0.8732,0.9426,0.9360,0.000,0.000,0.000,0.5350
0.4020,0.0798,0.0012,1.1900,-0.005,-0.004,-0.188,0.8751,0.8733,0.9421,0.9346,0.000,0.000,0.000,0.5354
0.4040,0.0808,0.0012,1.1900,-0.002,-0.001,-0.191,0.8753,0.8734,0.9415,0.9335,0.000,0.000,0.000,0.5361
0.4060,0.0819,0.0012,1.1900,-0.006,0.002,-0.192,0.8754,0.8735,0.9417,0.9326,0.000,0.000,0.000,0.5368
0.4080,0.0830,0.0012,1.1900,-0.008,0.003,-0.191,0.8756,0.8736,0.9418,0.9317,0.000,0.000,0.000,0.5391
0.4100,0.0841,0.0011,1.1901,-0.004,-0.001,-0.192,0.8757,0.8737,0.9416,0.9308,0.000,0.000,0.000,0.5411
0.4120,0.0851,0.0011,1.1900,0.001,-0.006,-0.194,0.8759,0.8738,0.9413,0.9299,0.000,0.000,0.000,0.5427
0.4140,0.0862,0.0011,1.1900,0.002,-0.007,-0.196,0.8762,0.8739,0.9410,0.9289,0.000,0.000,0.000,0.5439
0.4160,0.0873,0.0010,1.1900,-0.001,-0.005,-0.197,0.8764,0.8740,0.9408,0.9285,0.000,0.000,0.000,0.5452
0.4180,0.0884,0.0010,1.1900,-0.001,-0.002,-0.198,0.8767,0.8741,0.9407,0.9283,0.000,0.000,0.000,0.5470
0.4200,0.0895,0.0010,1.1900,-0.000,-0.002,-0.201,0.8770,0.8742,0.9406,0.9280,0.000,0.000,0.000,0.5492
0.4220,0.0906,0.0010,1.1899,-0.001,-0.001,-0.202,0.8772,0.8743,0.9404,0.9278,0.000,0.000,0.000,0.5512
0.4240,0.0917,0.0010,1.1899,-0.004,-0.002,-0.204,0.8774,0.8744,0.9405,0.9273,0.000,0.000,0.000,0.5533
0.4260,0.0928,0.0010,1.1900,-0.003,-0.003,-0.206,0.8776,0.8745,0.9405,0.9269,0.000,0.000,0.000,0.5556
0.4280,0.0940,0.0009,1.1900,-0.003,-0.004,-0.207,0.8777,0.8746,0.9400,0.9268,0.000,0.000,0.000,0.5577
0.4300,0.0951,0.0009,1.1900,-0.001,-0.001,-0.204,0.8777,0.8747,0.9396,0.9265,0.000,0.000,0.000,0.5596
0.4320,0.0962,0.0009,1.1900,-0.001,-0.001,-0.201,0.8778,0.8748,0.9394,0.9263,0.000,0.000,0.000,0.5615
0.4340,0.0973,0.0009,1.1900,-0.000,-0.001,-0.199,0.8779,0.8750,0.9392,0.9261,0.000,0.000,0.000,0.5637
0.4360,0.0985,0.0008,1.1900,-0.000,-0.002,-0.197,0.8780,0.8751,0.9391,0.9259,0.000,0.000,0.000,0.5657
0.4380,0.0996,0.0008,1.1900,0.000,-0.001,-0.196,0.8781,0.8752,0.9391,0.9255,0.000,0.000,0.000,0.5678
0.4400,0.1007,0.0008,1.1900,-0.000,-0.001,-0.195,0.8782,0.8753,0.9388,0.9253,0.000,0.000,0.000,0.5697
0.4420,0.1019,0.0007,1.1900,-0.001,-0.001,-0.194,0.8783,0.8754,0.9385,0.9250,0.000,0.000,0.000,0.5716
0.4440,0.1030,0.0007,1.1900,-0.003,-0.000,-0.193,0.8783,0.8755,0.9383,0.9249,0.000,0.000,0.000,0.5735
0.4460,0.1042,0.0007,1.1900,-0.000,-0.001,-0.192,0.8784,0.8757,0.9384,0.9247,0.000,0.000,0.000,0.5756
0.4480,0.1053,0.0007,1.1900,-0.000,-0.001,-0.191,0.8786,0.8758,0.9383,0.9243,0.000,0.000,0.000,0.5779
0.4500,0.1065,0.0006,1.1900,-0.002,-0.001,-0.191,0.8789,0.8760,0.9381,0.9241,0.000,0.000,0.000,0.5797
0.4520,0.1076,0.0006,1.1899,-0.003,0.000,-0.190,0.8791,0.8761,0.9379,0.9240,0.000,0.000,0.000,0.5815
0.4540,0.1088,0.0006,1.1899,-0.006,0.000,-0.190,0.8793,0.8762,0.9380,0.9237,0.000,0.000,0.000,0.5834
0.4560,0.1100,0.0006,1.1900,-0.001,-0.002,-0.190,0.8795,0.8764,0.9380,0.9233,0.000,0.000,0.000,0.5856
0.4580,0.1112,0.0005,1.1900,-0.003,-0.003,-0.191,0.8796,0.8765,0.9380,0.9233,0.000,0.000,0.000,0.5876
0.4600,0.1123,0.0005,1.1900,-0.003,-0.002,-0.193,0.8796,0.8766,0.9379,0.9231,0.000,0.000,0.000,0.5901
0.4620,0.1135,0.0004,1.1900,-0.002,-0.001,-0.195,0.8797,0.8767,0.9375,0.9230,0.000,0.000,0.000,0.5921
0.4640,0.1147,0.0004,1.1900,-0.000,-0.000,-0.196,0.8798,0.8768,0.9371,0.9229,0.000,0.000,0.000,0.5939
0.4660,0.1159,0.0003,1.1900,-0.000,-0.001,-0.198,0.8800,0.8769,0.9368,0.9230,0.000,0.000,0.000,0.5956
0.4680,0.1171,0.0003,1.1899,-0.001,-0.001,-0.199,0.8801,0.8770,0.9364,0.9229,0.000,0.000,0.000,0.5974
0.4700,0.1183,0.0003,1.1899,-0.002,-0.000,-0.199,0.8803,0.8772,0.9359,0.9229,0.000,0.000,0.000,0.5991
0.4720,0.1195,0.0002,1.1899,-0.003,0.000,-0.200,0.8804,0.8772,0.9359,0.9231,0.000,0.000,0.000,0.6007
0.4740,0.1207,0.0002,1.1899,-0.004,0.000,-0.201,0.8805,0.8774,0.9356,0.9232,0.000,0.000,0.000,0.6031
0.4760,0.1219,0.0002,1.1899,-0.004,0.000,-0.202,0.8806,0.8774,0.9355,0.9232,0.000,0.000,0.000,0.6050
0.4780,0.1231,0.0001,1.1900,-0.000,-0.000,-0.202,0.8808,0.8776,0.9353,0.9231,0.000,0.000,0.000,0.6072
0.4800,0.1243,0.0001,1.1900,0.001,-0.001,-0.203,0.8811,0.8777,0.9353,0.9235,0.000,0.000,0.000,0.6091
0.4820,0.1256,0.0001,1.1900,0.001,-0.001,-0.204,0.8815,0.8778,0.9354,0.9237,0.000,0.000,0.000,0.6115
0.4840,0.1268,0.0000,1.1900,-0.001,-0.000,-0.204,0.8818,0.8780,0.9353,0.9237,0.000,0.000,0.000,0.6138
0.4860,0.1280,-0.0000,1.1900,-0.000,-0.001,-0.205,0.8822,0.8781,0.9352,0.9236,0.000,0.000,0.000,0.6159
0.4880,0.1293,-0.0000,1.1900,-0.000,-0.002,-0.205,0.8824,0.8782,0.9349,0.9235,0.000,0.000,0.000,0.6175
0.4900,0.1305,-0.0001,1.1899,0.001,-0.004,-0.205,0.8826,0.8784,0.9347,0.9237,0.000,0.000,0.000,0.6193
0.4920,0.1317,-0.0001,1.1899,0.001,-0.006,-0.205,0.8828,0.8785,0.9344,0.9238,0.000,0.000,0.000,0.6212
0.4940,0.1330,-0.0001,1.1899,0.005,-0.006,-0.205,0.8830,0.8786,0.9342,0.9238,0.000,0.000,0.000,0.6231
0.4960,0.1342,-0.0001,1.1899,0.006,-0.008,-0.205,0.8832,0.8786,0.9331,0.9238,0.000,0.000,0.000,0.6250
0.4980,0.1355,-0.0001,1.1899,0.008,-0.011,-0.205,0.8834,0.8786,0.9318,0.9237,0.000,0.000,0.000,0.6258
0.5000,0.1367,-0.0002,1.1899,0.014,-0.012,-0.206,0.8836,0.8786,0.9306,0.9237,0.000,0.000,0.000,0.6265
0.5020,0.1380,-0.0002,1.1900,0.002,-0.002,-0.205,0.8838,0.8787,0.9300,0.9236,0.000,0.000,0.000,0.6272
0.5040,0.1392,-0.0002,1.1901,-0.001,0.004,-0.204,0.8839,0.8788,0.9294,0.9249,0.000,0.000,0.000,0.6284
0.5060,0.1405,-0.0002,1.1902,-0.002,0.006,-0.203,0.8839,0.8788,0.9288,0.9261,0.000,0.000,0.000,0.6311
0.5080,0.1418,-0.0002,1.1902,-0.002,0.008,-0.203,0.8839,0.8789,0.9282,0.9273,0.000,0.000,0.000,0.6339
0.5100,0.1430,-0.0003,1.1902,-0.002,0.009,-0.201,0.8840,0.8790,0.9276,0.9283,0.000,0.000,0.000,0.6365
0.5120,0.1443,-0.0003,1.1902,-0.000,0.008,-0.200,0.8841,0.8791,0.9270,0.9294,0.000,0.000,0.000,0.6391
0.5140,0.1456,-0.0003,1.1901,-0.000,0.005,-0.199,0.8842,0.8791,0.9263,0.9303,0.000,0.000,0.000,0.6415
0.5160,0.1469,-0.0003,1.1900,-0.000,0.000,-0.197,0.8844,0.8793,0.9256,0.9312,0.000,0.000,0.000,0.6439
0.5180,0.1482,-0.0004,1.1899,-0.002,-0.003,-0.196,0.8845,0.8794,0.9249,0.9320,0.000,0.000,0.000,0.6461
0.5200,0.1495,-0.0004,1.1900,-0.003,0.001,-0.194,0.8845,0.8795,0.9242,0.9325,0.000,0.000,0.000,0.6483
0.5220,0.1508,-0.0004,1.1900,0.000,0.000,-0.193,0.8845,0.8798,0.9245,0.9322,0.000,0.000,0.000,0.6502
0.5240,0.1521,-0.0004,1.1900,0.002,-0.002,-0.194,0.8847,0.8799,0.9246,0.9319,0.000,0.000,0.000,0.6522
0.5260,0.1534,-0.0004,1.1900,0.000,-0.002,-0.195,0.8848,0.8800,0.9248,0.9316,0.000,0.000,0.000,0.6540
0.5280,0.1547,-0.0004,1.1900,-0.001,-0.001,-0.196,0.8850,0.8801,0.9248,0.9317,0.000,0.000,0.000,0.6558
0.5300,0.1560,-0.0004,1.1900,-0.001,-0.002,-0.196,0.8852,0.8802,0.9248,0.9317,0.000,0.000,0.000,0.6579
0.5320,0.1573,-0.0004,1.1900,-0.001,-0.001,-0.197,0.8852,0.8803,0.9246,0.9320,0.000,0.000,0.000,0.6599
0.5340,0.1587,-0.0004,1.1900,-0.001,-0.001,-0.197,0.8852,0.8804,0.9243,0.9320,0.000,0.000,0.000,0.6621
0.5360,0.1600,-0.0004,1.1900,0.000,-0.002,-0.197,0.8854,0.8805,0.9241,0.9321,0.000,0.000,0.000,0.6639
0.5380,0.1613,-0.0004,1.1900,0.001,-0.002,-0.197,0.8855,0.8807,0.9241,0.9322,0.000,0.000,0.000,0.6657
0.5400,0.1627,-0.0005,1.1899,0.002,-0.003,-0.196,0.8856,0.8808,0.9238,0.9323,0.000,0.000,0.000,0.6678
0.5420,0.1640,-0.0005,1.1900,0.003,-0.003,-0.196,0.8857,0.8810,0.9237,0.9325,0.000,0.000,0.000,0.6696
0.5440,0.1653,-0.0005,1.1900,0.005,-0.004,-0.196,0.8858,0.8809,0.9242,0.9325,0.000,0.000,0.000,0.6716
0.5460,0.1667,-0.0005,1.1900,0.007,-0.005,-0.195,0.8859,0.8809,0.9245,0.9326,0.000,0.000,0.000,0.6742
0.5480,0.1680,-0.0005,1.1900,0.002,-0.001,-0.195,0.8860,0.8809,0.9248,0.9326,0.000,0.000,0.000,0.6767
0.5500,0.1694,-0.0005,1.1900,0.001,0.001,-0.195,0.8861,0.8810,0.9248,0.9334,0.000,0.000,0.000,0.6790
0.5520,0.1708,-0.0005,1.1900,-0.000,-0.000,-0.195,0.8862,0.8810,0.9248,0.9340,0.000,0.000,0.000,0.6819
0.5540,0.1721,-0.0005,1.1900,-0.000,-0.001,-0.195,0.8862,0.8811,0.9246,0.9346,0.000,0.000,0.000,0.6846
0.5560,0.1735,-0.0005,1.1900,-0.000,-0.000,-0.195,0.8863,0.8813,0.9247,0.9351,0.000,0.000,0.000,0.6872
0.5580,0.1749,-0.0005,1.1900,-0.001,-0.001,-0.195,0.8864,0.8814,0.9243,0.9351,0.000,0.000,0.000,0.6899
0.5600,0.1763,-0.0005,1.1900,-0.001,-0.002,-0.195,0.8865,0.8816,0.9238,0.9352,0.000,0.000,0.000,0.6916
0.5620,0.1777,-0.0005,1.1899,0.000,-0.002,-0.195,0.8865,0.8817,0.9233,0.9353,0.000,0.000,0.000,0.6932
0.5640,0.1790,-0.0005,1.1900,-0.000,-0.002,-0.195,0.8864,0.8818,0.9231,0.9354,0.000,0.000,0.000,0.6950
0.5660,0.1804,-0.0005,1.1900,0.000,0.000,-0.195,0.8865,0.8821,0.9231,0.9358,0.000,0.000,0.000,0.6969
0.5680,0.1818,-0.0005,1.1900,0.000,-0.001,-0.194,0.8866,0.8823,0.9229,0.9358,0.000,0.000,0.000,0.6994
0.5700,0.1832,-0.0005,1.1900,0.001,-0.002,-0.194,0.8867,0.8825,0.9227,0.9358,0.000,0.000,0.000,0.7012
0.5720,0.1847,-0.0005,1.1900,0.000,-0.002,-0.192,0.8868,0.8826,0.9226,0.9357,0.000,0.000,0.000,0.7030
0.5740,0.1861,-0.0005,1.1899,0.000,-0.002,-0.191,0.8869,0.8827,0.9226,0.9360,0.000,0.000,0.000,0.7048
0.5760,0.1875,-0.0005,1.1899,-0.000,-0.002,-0.190,0.8870,0.8828,0.9225,0.9360,0.000,0.000,0.000,0.7071
0.5780,0.1889,-0.0005,1.1899,-0.001,-0.002,-0.189,0.8870,0.8830,0.9227,0.9363,0.000,0.000,0.000,0.7090
0.5800,0.1903,-0.0005,1.1900,0.000,-0.002,-0.188,0.8872,0.8831,0.9226,0.9362,0.000,0.000,0.000,0.7114
0.5820,0.1917,-0.0005,1.1900,-0.001,0.000,-0.188,0.8872,0.8833,0.9224,0.9363,0.000,0.000,0.000,0.7133
0.5840,0.1932,-0.0005,1.1900,-0.003,0.001,-0.187,0.8873,0.8835,0.9224,0.9365,0.000,0.000,0.000,0.7152
0.5860,0.1946,-0.0005,1.1899,-0.005,0.000,-0.186,0.8874,0.8837,0.9223,0.9367,0.000,0.000,0.000,0.7174
0.5880,0.1960,-0.0005,1.1900,0.000,-0.001,-0.185,0.8874,0.8839,0.9222,0.9367,0.000,0.000,0.000,0.7195
0.5900,0.1975,-0.0005,1.1900,0.002,-0.002,-0.184,0.8878,0.8840,0.9226,0.9366,0.000,0.000,0.000,0.7214
0.5920,0.1989,-0.0006,1.1900,0.004,-0.003,-0.184,0.8881,0.8841,0.9229,0.9365,0.000,0.000,0.000,0.7235
0.5940,0.2004,-0.0006,1.1900,0.001,-0.002,-0.183,0.8885,0.8842,0.9232,0.9364,0.000,0.000,0.000,0.7256
0.5960,0.2018,-0.0006,1.1900,0.000,-0.001,-0.182,0.8888,0.8844,0.9234,0.9367,0.000,0.000,0.000,0.7276
0.5980,0.2033,-0.0006,1.1900,-0.000,-0.002,-0.181,0.8891,0.8845,0.9233,0.9369,0.000,0.000,0.000,0.7299
0.6000,0.2048,-0.0006,1.1899,-0.004,-0.002,-0.180,0.8893,0.8847,0.9232,0.9370,0.000,0.000,0.000,0.7319
0.6020,0.2062,-0.0006,1.1899,-0.007,-0.001,-0.179,0.8894,0.8848,0.9231,0.9368,0.000,0.000,0.000,0.7338
0.6040,0.2077,-0.0006,1.1899,-0.005,-0.000,-0.178,0.8894,0.8850,0.9229,0.9370,0.000,0.000,0.000,0.7354
0.6060,0.2092,-0.0006,1.1899,-0.002,-0.001,-0.176,0.8895,0.8851,0.9232,0.9372,0.000,0.000,0.000,0.7374
0.6080,0.2107,-0.0006,1.1900,-0.000,-0.000,-0.176,0.8894,0.8851,0.9233,0.9373,0.000,0.000,0.000,0.7399
0.6100,0.2121,-0.0006,1.1900,0.000,-0.001,-0.174,0.8895,0.8853,0.9234,0.9370,0.000,0.000,0.000,0.7422
0.6120,0.2136,-0.0006,1.1900,0.000,-0.001,-0.172,0.8896,0.8854,0.9235,0.9366,0.000,0.000,0.000,0.7440
0.6140,0.2151,-0.0007,1.1900,-0.000,-0.002,-0.170,0.8896,0.8856,0.9236,0.9362,0.000,0.000,0.000,0.7457
0.6160,0.2166,-0.0007,1.1899,0.002,-0.003,-0.168,0.8897,0.8857,0.9236,0.9359,0.000,0.000,0.000,0.7473
0.6180,0.2181,-0.0007,1.1900,0.000,-0.000,-0.167,0.8897,0.8857,0.9241,0.9354,0.000,0.000,0.000,0.7488
0.6200,0.2196,-0.0007,1.1900,-0.001,0.001,-0.166,0.8897,0.8859,0.9241,0.9356,0.000,0.000,0.000,0.7509
0.6220,0.2211,-0.0007,1.1900,-0.001,0.000,-0.164,0.8897,0.8860,0.9241,0.9356,0.000,0.000,0.000,0.7530
0.6240,0.2226,-0.0008,1.1900,-0.000,-0.001,-0.163,0.8897,0.8862,0.9240,0.9356,0.000,0.000,0.000,0.7550
0.6260,0.2241,-0.0008,1.1899,-0.001,-0.002,-0.161,0.8897,0.8863,0.9240,0.9355,0.000,0.000,0.000,0.7569
0.6280,0.2257,-0.0008,1.1899,-0.003,-0.004,-0.160,0.8897,0.8865,0.9240,0.9355,0.000,0.000,0.000,0.7588
0.6300,0.2272,-0.0008,1.1900,-0.006,-0.005,-0.159,0.8896,0.8866,0.9240,0.9352,0.000,0.000,0.000,0.7607
0.6320,0.2287,-0.0008,1.1900,-0.003,-0.002,-0.157,0.8897,0.8868,0.9239,0.9354,0.000,0.000,0.000,0.7623
0.6340,0.2302,-0.0009,1.1900,-0.002,-0.000,-0.156,0.8897,0.8869,0.9244,0.9354,0.000,0.000,0.000,0.7644
0.6360,0.2318,-0.0009,1.1900,-0.001,-0.001,-0.155,0.8898,0.8871,0.9248,0.9353,0.000,0.000,0.000,0.7668
0.6380,0.2333,-0.0009,1.1899,-0.002,-0.002,-0.154,0.8897,0.8871,0.9252,0.9353,0.000,0.000,0.000,0.7691
0.6400,0.2349,-0.0009,1.1899,-0.003,-0.001,-0.153,0.8896,0.8871,0.9254,0.9351,0.000,0.000,0.000,0.7716
0.6420,0.2364,-0.0010,1.1899,0.000,-0.003,-0.152,0.8895,0.8872,0.9255,0.9350,0.000,0.000,0.000,0.7737
0.6440,0.2379,-0.0010,1.1899,0.002,-0.003,-0.151,0.8896,0.8874,0.9259,0.9350,0.000,0.000,0.000,0.7758
0.6460,0.2395,-0.0010,1.1899,0.001,-0.004,-0.151,0.8898,0.8875,0.9262,0.9349,0.000,0.000,0.000,0.7780
0.6480,0.2411,-0.0011,1.1900,0.002,-0.003,-0.150,0.8899,0.8876,0.9262,0.9349,0.000,0.000,0.000,0.7800
0.6500,0.2426,-0.0011,1.1900,0.001,-0.001,-0.150,0.8900,0.8879,0.9270,0.9348,0.000,0.000,0.000,0.7820
0.6520,0.2442,-0.0011,1.1900,-0.001,-0.001,-0.150,0.8901,0.8880,0.9276,0.9345,0.000,0.000,0.000,0.7845
0.6540,0.2458,-0.0011,1.1900,0.001,-0.002,-0.151,0.8902,0.8882,0.9282,0.9343,0.000,0.000,0.000,0.7868
0.6560,0.2473,-0.0011,1.1899,0.000,-0.004,-0.151,0.8902,0.8883,0.9286,0.9340,0.000,0.000,0.000,0.7891
0.6580,0.2489,-0.0011,1.1899,-0.004,-0.005,-0.151,0.8901,0.8884,0.9289,0.9335,0.000,0.000,0.000,0.7912
0.6600,0.2505,-0.0011,1.1900,-0.002,0.000,-0.151,0.8902,0.8885,0.9292,0.9340,0.000,0.000,0.000,0.7931
0.6620,0.2521,-0.0011,1.1900,-0.000,0.002,-0.152,0.8903,0.8887,0.9288,0.9339,0.000,0.000,0.000,0.7958
0.6640,0.2537,-0.0012,1.1900,0.001,0.002,-0.152,0.8902,0.8887,0.9283,0.9337,0.000,0.000,0.000,0.7972
0.6660,0.2553,-0.0012,1.1900,0.000,0.001,-0.152,0.8902,0.8888,0.9278,0.9335,0.000,0.000,0.000,0.7986
0.6680,0.2569,-0.0012,1.1900,-0.001,-0.000,-0.152,0.8901,0.8889,0.9273,0.9333,0.000,0.000,0.000,0.8000
0.6700,0.2585,-0.0012,1.1899,-0.002,-0.002,-0.152,0.8900,0.8889,0.9268,0.9330,0.000,0.000,0.000,0.8012
0.6720,0.2601,-0.0012,1.1899,0.003,-0.005,-0.152,0.8900,0.8889,0.9261,0.9327,0.000,0.000,0.000,0.8024
0.6740,0.2617,-0.0012,1.1898,0.004,-0.011,-0.152,0.8901,0.8892,0.9263,0.9323,0.000,0.000,0.000,0.8034
0.6760,0.2633,-0.0012,1.1899,-0.008,-0.009,-0.152,0.8901,0.8892,0.9264,0.9318,0.000,0.000,0.000,0.8050
0.6780,0.2649,-0.0012,1.1900,-0.015,-0.010,-0.152,0.8901,0.8893,0.9264,0.9329,0.000,0.000,0.000,0.8064
0.6800,0.2666,-0.0012,1.1901,-0.010,-0.005,-0.152,0.8898,0.8893,0.9263,0.9334,0.000,0.000,0.000,0.8095
0.6820,0.2682,-0.0012,1.1902,-0.005,0.000,-0.151,0.8894,0.8893,0.9274,0.9338,0.000,0.000,0.000,0.8122
0.6840,0.2698,-0.0012,1.1902,-0.001,0.004,-0.151,0.8890,0.8893,0.9283,0.9341,0.000,0.000,0.000,0.8160
0.6860,0.2715,-0.0013,1.1903,0.003,0.007,-0.150,0.8886,0.8894,0.9291,0.9344,0.000,0.000,0.000,0.8195
0.6880,0.2731,-0.0013,1.1902,0.006,0.009,-0.150,0.8882,0.8894,0.9299,0.9346,0.000,0.000,0.000,0.8230
0.6900,0.2748,-0.0013,1.1902,0.007,0.009,-0.150,0.8879,0.8895,0.9306,0.9348,0.000,0.000,0.000,0.8264
0.6920,0.2764,-0.0013,1.1901,0.004,0.005,-0.149,0.8875,0.8895,0.9313,0.9349,0.000,0.000,0.000,0.8296
0.6940,0.2781,-0.0013,1.1900,0.003,0.001,-0.149,0.8872,0.8897,0.9318,0.9349,0.000,0.000,0.000,0.8328
0.6960,0.2797,-0.0013,1.1900,-0.002,-0.003,-0.149,0.8869,0.8900,0.9324,0.9349,0.000,0.000,0.000,0.8358
0.6980,0.2814,-0.0013,1.1899,-0.011,-0.004,-0.149,0.8866,0.8902,0.9329,0.9345,0.000,0.000,0.000,0.8386
0.7000,0.2831,-0.0013,1.1899,-0.001,-0.003,-0.149,0.8864,0.8904,0.9332,0.9344,0.000,0.000,0.000,0.8409
0.7020,0.2848,-0.0013,1.1900,0.000,-0.001,-0.149,0.8866,0.8906,0.9326,0.9338,0.000,0.000,0.000,0.8435
0.7040,0.2865,-0.0013,1.1900,0.002,0.001,-0.149,0.8868,0.8907,0.9319,0.9335,0.000,0.000,0.000,0.8442
0.7060,0.2882,-0.0013,1.1901,0.002,0.002,-0.148,0.8871,0.8907,0.9311,0.9332,0.000,0.000,0.000,0.8451
0.7080,0.2899,-0.0013,1.1901,0.006,0.005,-0.148,0.8873,0.8907,0.9302,0.9328,0.000,0.000,0.000,0.8460
0.7100,0.2916,-0.0014,1.1902,0.008,0.006,-0.148,0.8875,0.8909,0.9305,0.9324,0.000,0.000,0.000,0.8467
0.7120,0.2933,-0.0014,1.1902,0.009,0.005,-0.149,0.8877,0.8910,0.9305,0.9320,0.000,0.000,0.000,0.8483
0.7140,0.2950,-0.0014,1.1902,0.010,0.004,-0.149,0.8880,0.8910,0.9306,0.9315,0.000,0.000,0.000,0.8498
0.7160,0.2967,-0.0014,1.1902,0.010,0.001,-0.150,0.8882,0.8911,0.9306,0.9310,0.000,0.000,0.000,0.8513
0.7180,0.2984,-0.0014,1.1901,0.009,-0.002,-0.151,0.8885,0.8911,0.9305,0.9305,0.000,0.000,0.000,0.8526
0.7200,0.3001,-0.0014,1.1900,0.009,-0.005,-0.152,0.8887,0.8911,0.9303,0.9300,0.000,0.000,0.000,0.8539
0.7220,0.3018,-0.0014,1.1899,0.010,-0.007,-0.153,0.8889,0.8911,0.9305,0.9295,0.000,0.000,0.000,0.8551
0.7240,0.3035,-0.0014,1.1900,0.011,-0.009,-0.154,0.8891,0.8909,0.9302,0.9289,0.000,0.000,0.000,0.8565
0.7260,0.3052,-0.0014,1.1900,0.003,-0.005,-0.154,0.8893,0.8910,0.9306,0.9283,0.000,0.000,0.000,0.8575
0.7280,0.3069,-0.0014,1.1900,-0.004,-0.001,-0.155,0.8895,0.8911,0.9308,0.9287,0.000,0.000,0.000,0.8591
0.7300,0.3086,-0.0014,1.1900,-0.007,0.004,-0.157,0.8897,0.8912,0.9309,0.9291,0.000,0.000,0.000,0.8616
0.7320,0.3104,-0.0014,1.1900,-0.008,0.004,-0.158,0.8899,0.8913,0.9310,0.9293,0.000,0.000,0.000,0.8638
0.7340,0.3121,-0.0014,1.1900,-0.001,-0.000,-0.159,0.8899,0.8913,0.9311,0.9295,0.000,0.000,0.000,0.8660
0.7360,0.3138,-0.0014,1.1900,-0.000,-0.002,-0.160,0.8895,0.8913,0.9312,0.9297,0.000,0.000,0.000,0.8683
0.7380,0.3156,-0.0014,1.1900,-0.000,-0.003,-0.162,0.8891,0.8914,0.9313,0.9295,0.000,0.000,0.000,0.8708
0.7400,0.3173,-0.0014,1.1900,0.001,-0.002,-0.163,0.8887,0.8914,0.9312,0.9294,0.000,0.000,0.000,0.8728
0.7420,0.3191,-0.0014,1.1899,-0.001,-0.002,-0.165,0.8883,0.8914,0.9314,0.9295,0.000,0.000,0.000,0.8749
0.7440,0.3208,-0.0015,1.1899,0.002,-0.003,-0.166,0.8879,0.8912,0.9315,0.9295,0.000,0.000,0.000,0.8775
0.7460,0.3226,-0.0015,1.1899,0.003,-0.004,-0.168,0.8877,0.8912,0.9312,0.9296,0.000,0.000,0.000,0.8799
0.7480,0.3244,-0.0015,1.1899,0.000,-0.004,-0.169,0.8874,0.8911,0.9311,0.9294,0.000,0.000,0.000,0.8818
0.7500,0.3261,-0.0015,1.1899,-0.003,-0.005,-0.170,0.8872,0.8911,0.9309,0.9297,0.000,0.000,0.000,0.8837
0.7520,0.3279,-0.0015,1.1900,-0.002,0.001,-0.171,0.8871,0.8910,0.9307,0.9297,0.000,0.000,0.000,0.8860
0.7540,0.3297,-0.0015,1.1900,0.000,0.002,-0.173,0.8870,0.8910,0.9313,0.9300,0.000,0.000,0.000,0.8880
0.7560,0.3315,-0.0016,1.1901,0.002,0.002,-0.174,0.8871,0.8909,0.9319,0.9301,0.000,0.000,0.000,0.8910
0.7580,0.3332,-0.0016,1.1900,0.003,0.000,-0.176,0.8872,0.8908,0.9323,0.9303,0.000,0.000,0.000,0.8939
0.7600,0.3350,-0.0016,1.1900,0.003,-0.001,-0.177,0.8873,0.8907,0.9327,0.9303,0.000,0.000,0.000,0.8966
0.7620,0.3368,-0.0016,1.1900,-0.000,-0.001,-0.178,0.8874,0.8907,0.9331,0.9304,0.000,0.000,0.000,0.8992
0.7640,0.3386,-0.0016,1.1900,0.001,-0.001,-0.180,0.8874,0.8907,0.9331,0.9300,0.000,0.000,0.000,0.9017
0.7660,0.3404,-0.0016,1.1900,0.002,-0.002,-0.182,0.8874,0.8907,0.9331,0.9297,0.000,0.000,0.000,0.9034
0.7680,0.3423,-0.0016,1.1900,0.001,0.000,-0.184,0.8874,0.8904,0.9336,0.9293,0.000,0.000,0.000,0.9052
0.7700,0.3441,-0.0016,1.1900,-0.002,0.001,-0.185,0.8874,0.8902,0.9337,0.9294,0.000,0.000,0.000,0.9076
0.7720,0.3459,-0.0016,1.1900,-0.001,-0.001,-0.187,0.8873,0.8902,0.9336,0.9294,0.000,0.000,0.000,0.9101
0.7740,0.3477,-0.0016,1.1900,-0.001,0.000,-0.188,0.8871,0.8901,0.9338,0.9293,0.000,0.000,0.000,0.9121
0.7760,0.3495,-0.0016,1.1900,-0.002,0.000,-0.190,0.8869,0.8900,0.9336,0.9294,0.000,0.000,0.000,0.9145
0.7780,0.3514,-0.0016,1.1899,-0.003,0.001,-0.191,0.8867,0.8900,0.9332,0.9295,0.000,0.000,0.000,0.9167
0.7800,0.3532,-0.0016,1.1900,-0.003,0.001,-0.192,0.8865,0.8899,0.9332,0.9295,0.000,0.000,0.000,0.9186
0.7820,0.3551,-0.0016,1.1900,-0.003,0.001,-0.193,0.8863,0.8901,0.9337,0.9295,0.000,0.000,0.000,0.9209
0.7840,0.3569,-0.0016,1.1900,0.000,-0.001,-0.194,0.8862,0.8901,0.9339,0.9294,0.000,0.000,0.000,0.9235
0.7860,0.3588,-0.0016,1.1900,0.002,-0.002,-0.195,0.8861,0.8902,0.9339,0.9293,0.000,0.000,0.000,0.9259
0.7880,0.3606,-0.0016,1.1900,0.001,-0.001,-0.196,0.8860,0.8901,0.9340,0.9292,0.000,0.000,0.000,0.9279
0.7900,0.3625,-0.0016,1.1900,-0.001,-0.000,-0.197,0.8859,0.8901,0.9339,0.9296,0.000,0.000,0.000,0.9302
0.7920,0.3643,-0.0016,1.1900,-0.001,-0.001,-0.198,0.8859,0.8900,0.9337,0.9297,0.000,0.000,0.000,0.9327
0.7940,0.3662,-0.0016,1.1900,-0.001,-0.002,-0.199,0.8859,0.8899,0.9335,0.9296,0.000,0.000,0.000,0.9348
0.7960,0.3681,-0.0016,1.1899,-0.002,-0.002,-0.200,0.8858,0.8898,0.9333,0.9297,0.000,0.000,0.000,0.9367
0.7980,0.3700,-0.0016,1.1899,-0.000,-0.002,-0.200,0.8857,0.8898,0.9332,0.9295,0.000,0.000,0.000,0.9387
0.8000,0.3718,-0.0016,1.1900,0.000,0.000,-0.201,0.8858,0.8897,0.9336,0.9298,0.000,0.000,0.000,0.9407
0.8020,0.3737,-0.0017,1.1899,0.000,0.003,-0.202,0.8859,0.8895,0.9338,0.9299,0.000,0.000,0.000,0.9437
0.8040,0.3756,-0.0017,1.1900,0.000,-0.001,-0.202,0.8860,0.8894,0.9338,0.9299,0.000,0.000,0.000,0.9461
0.8060,0.3775,-0.0017,1.1900,0.001,-0.003,-0.203,0.8859,0.8895,0.9337,0.9298,0.000,0.000,0.000,0.9484
0.8080,0.3794,-0.0017,1.1900,0.003,-0.005,-0.203,0.8858,0.8896,0.9338,0.9298,0.000,0.000,0.000,0.9504
0.8100,0.3813,-0.0017,1.1900,-0.002,-0.003,-0.204,0.8857,0.8897,0.9339,0.9297,0.000,0.000,0.000,0.9526
0.8120,0.3832,-0.0017,1.1899,-0.007,-0.001,-0.205,0.8856,0.8897,0.9339,0.9303,0.000,0.000,0.000,0.9547
0.8140,0.3851,-0.0017,1.1899,-0.006,-0.004,-0.205,0.8855,0.8898,0.9338,0.9307,0.000,0.000,0.000,0.9575
0.8160,0.3871,-0.0017,1.1899,-0.010,-0.004,-0.206,0.8857,0.8899,0.9337,0.9308,0.000,0.000,0.000,0.9600
0.8180,0.3890,-0.0017,1.1899,-0.006,0.001,-0.207,0.8860,0.8900,0.9334,0.9305,0.000,0.000,0.000,0.9622
0.8200,0.3909,-0.0017,1.1899,-0.002,0.006,-0.207,0.8862,0.8900,0.9342,0.9303,0.000,0.000,0.000,0.9635
0.8220,0.3928,-0.0017,1.1900,-0.007,0.004,-0.208,0.8865,0.8901,0.9347,0.9301,0.000,0.000,0.000,0.9662
0.8240,0.3948,-0.0017,1.1900,-0.009,0.003,-0.209,0.8867,0.8897,0.9351,0.9298,0.000,0.000,0.000,0.9685
0.8260,0.3967,-0.0017,1.1899,-0.011,0.002,-0.210,0.8869,0.8893,0.9353,0.9295,0.000,0.000,0.000,0.9709
0.8280,0.3987,-0.0017,1.1899,-0.006,0.002,-0.211,0.8872,0.8889,0.9353,0.9292,0.000,0.000,0.000,0.9731
0.8300,0.4006,-0.0017,1.1899,0.002,-0.001,-0.212,0.8873,0.8886,0.9349,0.9288,0.000,0.000,0.000,0.9751
0.8320,0.4026,-0.0017,1.1899,0.005,-0.008,-0.213,0.8873,0.8884,0.9345,0.9284,0.000,0.000,0.000,0.9765
0.8340,0.4045,-0.0017,1.1900,0.003,-0.007,-0.214,0.8873,0.8884,0.9339,0.9279,0.000,0.000,0.000,0.9779
0.8360,0.4065,-0.0017,1.1900,0.001,-0.003,-0.215,0.8872,0.8885,0.9341,0.9285,0.000,0.000,0.000,0.9789
0.8380,0.4085,-0.0017,1.1901,-0.002,0.001,-0.216,0.8872,0.8885,0.9341,0.9288,0.000,0.000,0.000,0.9820
0.8400,0.4104,-0.0018,1.1900,-0.002,0.002,-0.217,0.8871,0.8885,0.9339,0.9290,0.000,0.000,0.000,0.9843
0.8420,0.4124,-0.0018,1.1900,-0.001,0.001,-0.218,0.8870,0.8885,0.9338,0.9292,0.000,0.000,0.000,0.9866
0.8440,0.4144,-0.0018,1.1900,-0.001,-0.000,-0.219,0.8869,0.8885,0.9335,0.9293,0.000,0.000,0.000,0.9888
0.8460,0.4164,-0.0018,1.1900,-0.001,-0.002,-0.220,0.8868,0.8884,0.9335,0.9293,0.000,0.000,0.000,0.9909
0.8480,0.4183,-0.0018,1.1899,-0.003,-0.004,-0.221,0.8867,0.8883,0.9335,0.9295,0.000,0.000,0.000,0.9931
0.8500,0.4203,-0.0018,1.1900,0.000,-0.000,-0.222,0.8865,0.8882,0.9334,0.9294,0.000,0.000,0.000,0.9955
0.8520,0.4223,-0.0018,1.1900,-0.000,0.001,-0.223,0.8865,0.8881,0.9340,0.9297,0.000,0.000,0.000,0.9976
0.8540,0.4243,-0.0018,1.1900,-0.001,0.002,-0.224,0.8864,0.8881,0.9346,0.9299,0.000,0.000,0.000,1.0009
0.8560,0.4263,-0.0018,1.1900,-0.000,-0.000,-0.225,0.8863,0.8880,0.9351,0.9301,0.000,0.000,0.000,1.0040
0.8580,0.4284,-0.0018,1.1900,-0.001,-0.002,-0.225,0.8862,0.8879,0.9355,0.9302,0.000,0.000,0.000,1.0070
0.8600,0.4304,-0.0018,1.1900,-0.000,-0.001,-0.226,0.8860,0.8878,0.9358,0.9301,0.000,0.000,0.000,1.0100
0.8620,0.4324,-0.0018,1.1900,-0.002,-0.000,-0.227,0.8860,0.8877,0.9356,0.9304,0.000,0.000,0.000,1.0126
0.8640,0.4344,-0.0018,1.1900,0.000,-0.001,-0.228,0.8860,0.8876,0.9354,0.9305,0.000,0.000,0.000,1.0151
0.8660,0.4365,-0.0018,1.1900,-0.000,-0.000,-0.229,0.8859,0.8875,0.9353,0.9305,0.000,0.000,0.000,1.0173
0.8680,0.4385,-0.0018,1.1900,-0.000,-0.001,-0.229,0.8857,0.8875,0.9352,0.9305,0.000,0.000,0.000,1.0196
0.8700,0.4405,-0.0019,1.1900,-0.002,-0.002,-0.230,0.8857,0.8873,0.9352,0.9306,0.000,0.000,0.000,1.0218
0.8720,0.4426,-0.0019,1.1900,0.000,-0.000,-0.231,0.8856,0.8871,0.9352,0.9303,0.000,0.000,0.000,1.0244
0.8740,0.4446,-0.0019,1.1900,0.000,-0.000,-0.231,0.8856,0.8870,0.9348,0.9303,0.000,0.000,0.000,1.0265
0.8760,0.4467,-0.0019,1.1900,-0.000,-0.001,-0.232,0.8855,0.8869,0.9343,0.9302,0.000,0.000,0.000,1.0284
0.8780,0.4488,-0.0019,1.1899,-0.001,-0.003,-0.233,0.8855,0.8868,0.9338,0.9301,0.000,0.000,0.000,1.0301
0.8800,0.4508,-0.0019,1.1899,0.001,-0.003,-0.233,0.8853,0.8867,0.9332,0.9301,0.000,0.000,0.000,1.0318
0.8820,0.4529,-0.0019,1.1899,0.007,-0.001,-0.234,0.8852,0.8866,0.9333,0.9301,0.000,0.000,0.000,1.0335
0.8840,0.4550,-0.0019,1.1899,0.004,-0.005,-0.234,0.8851,0.8864,0.9329,0.9301,0.000,0.000,0.000,1.0360
0.8860,0.4570,-0.0019,1.1899,0.007,-0.007,-0.234,0.8850,0.8867,0.9329,0.9301,0.000,0.000,0.000,1.0379
0.8880,0.4591,-0.0019,1.1900,0.010,-0.009,-0.235,0.8849,0.8871,0.9325,0.9300,0.000,0.000,0.000,1.0400
0.8900,0.4612,-0.0020,1.1900,0.014,-0.011,-0.235,0.8847,0.8873,0.9326,0.9299,0.000,0.000,0.000,1.0416
0.8920,0.4633,-0.0020,1.1900,0.008,-0.007,-0.236,0.8846,0.8874,0.9325,0.9296,0.000,0.000,0.000,1.0437
0.8940,0.4654,-0.0019,1.1900,0.000,-0.001,-0.236,0.8845,0.8875,0.9324,0.9305,0.000,0.000,0.000,1.0454
0.8960,0.4675,-0.0019,1.1900,-0.006,0.003,-0.236,0.8843,0.8877,0.9323,0.9308,0.000,0.000,0.000,1.0485
0.8980,0.4696,-0.0019,1.1900,-0.010,0.004,-0.237,0.8843,0.8878,0.9322,0.9311,0.000,0.000,0.000,1.0509
0.9000,0.4717,-0.0019,1.1900,-0.006,-0.000,-0.237,0.8842,0.8879,0.9319,0.9313,0.000,0.000,0.000,1.0532
0.9020,0.4738,-0.0020,1.1900,-0.002,-0.003,-0.238,0.8843,0.8880,0.9317,0.9315,0.000,0.000,0.000,1.0555
0.9040,0.4759,-0.0020,1.1900,0.001,-0.002,-0.238,0.8845,0.8882,0.9317,0.9316,0.000,0.000,0.000,1.0574
0.9060,0.4780,-0.0020,1.1900,0.000,-0.001,-0.238,0.8846,0.8883,0.9316,0.9320,0.000,0.000,0.000,1.0596
0.9080,0.4802,-0.0020,1.1900,-0.000,-0.001,-0.238,0.8848,0.8883,0.9315,0.9320,0.000,0.000,0.000,1.0619
0.9100,0.4823,-0.0020,1.1900,0.002,-0.000,-0.238,0.8848,0.8882,0.9313,0.9322,0.000,0.000,0.000,1.0640
0.9120,0.4844,-0.0020,1.1900,0.000,-0.001,-0.238,0.8848,0.8882,0.9313,0.9321,0.000,0.000,0.000,1.0662
0.9140,0.4866,-0.0021,1.1900,-0.001,-0.001,-0.238,0.8847,0.8880,0.9312,0.9321,0.000,0.000,0.000,1.0684
0.9160,0.4887,-0.0021,1.1900,-0.000,-0.001,-0.238,0.8846,0.8878,0.9310,0.9322,0.000,0.000,0.000,1.0706
0.9180,0.4908,-0.0021,1.1900,0.001,0.000,-0.238,0.8844,0.8877,0.9312,0.9325,0.000,0.000,0.000,1.0730
0.9200,0.4930,-0.0021,1.1900,0.002,0.000,-0.238,0.8842,0.8876,0.9312,0.9327,0.000,0.000,0.000,1.0758
0.9220,0.4951,-0.0021,1.1900,0.001,-0.001,-0.238,0.8841,0.8875,0.9310,0.9326,0.000,0.000,0.000,1.0784
0.9240,0.4973,-0.0021,1.1899,-0.000,-0.003,-0.238,0.8839,0.8873,0.9310,0.9327,0.000,0.000,0.000,1.0805
0.9260,0.4995,-0.0021,1.1899,-0.002,-0.003,-0.238,0.8838,0.8871,0.9309,0.9327,0.000,0.000,0.000,1.0829
0.9280,0.5016,-0.0021,1.1899,-0.004,-0.005,-0.239,0.8837,0.8870,0.9309,0.9326,0.000,0.000,0.000,1.0852
0.9300,0.5038,-0.0021,1.1899,-0.001,-0.002,-0.239,0.8837,0.8868,0.9308,0.9329,0.000,0.000,0.000,1.0876
0.9320,0.5060,-0.0021,1.1900,-0.001,-0.000,-0.239,0.8836,0.8867,0.9302,0.9326,0.000,0.000,0.000,1.0901
0.9340,0.5082,-0.0022,1.1900,-0.002,0.001,-0.238,0.8835,0.8865,0.9296,0.9324,0.000,0.000,0.000,1.0915
0.9360,0.5104,-0.0022,1.1900,-0.002,0.003,-0.238,0.8834,0.8864,0.9290,0.9321,0.000,0.000,0.000,1.0930
0.9380,0.5126,-0.0022,1.1900,-0.004,0.002,-0.237,0.8834,0.8863,0.9285,0.9318,0.000,0.000,0.000,1.0944
0.9400,0.5148,-0.0022,1.1899,-0.007,0.000,-0.237,0.8833,0.8863,0.9283,0.9314,0.000,0.000,0.000,1.0958
0.9420,0.5169,-0.0022,1.1899,-0.003,0.004,-0.236,0.8832,0.8862,0.9280,0.9310,0.000,0.000,0.000,1.0975
0.9440,0.5191,-0.0022,1.1899,-0.005,0.003,-0.236,0.8831,0.8861,0.9284,0.9308,0.000,0.000,0.000,1.0990
0.9460,0.5213,-0.0022,1.1900,-0.001,0.000,-0.235,0.8830,0.8857,0.9284,0.9305,0.000,0.000,0.000,1.1014
0.9480,0.5236,-0.0022,1.1900,0.001,-0.002,-0.235,0.8828,0.8853,0.9283,0.9302,0.000,0.000,0.000,1.1036
0.9500,0.5258,-0.0023,1.1900,0.002,-0.002,-0.235,0.8825,0.8849,0.9282,0.9300,0.000,0.000,0.000,1.1056
0.9520,0.5280,-0.0023,1.1900,0.002,-0.001,-0.234,0.8823,0.8844,0.9283,0.9301,0.000,0.000,0.000,1.1078
0.9540,0.5302,-0.0023,1.1900,0.000,-0.001,-0.234,0.8821,0.8841,0.9284,0.9302,0.000,0.000,0.000,1.1104
0.9560,0.5324,-0.0023,1.1900,-0.001,-0.002,-0.234,0.8819,0.8838,0.9285,0.9300,0.000,0.000,0.000,1.1131
0.9580,0.5347,-0.0023,1.1900,-0.002,0.001,-0.234,0.8818,0.8835,0.9285,0.9300,0.000,0.000,0.000,1.1154
0.9600,0.5369,-0.0023,1.1900,-0.004,0.003,-0.234,0.8817,0.8834,0.9292,0.9302,0.000,0.000,0.000,1.1178
0.9620,0.5391,-0.0023,1.1900,-0.001,-0.000,-0.234,0.8816,0.8833,0.9297,0.9304,0.000,0.000,0.000,1.1210
0.9640,0.5414,-0.0024,1.1900,0.001,-0.002,-0.234,0.8814,0.8832,0.9300,0.9305,0.000,0.000,0.000,1.1240
0.9660,0.5436,-0.0024,1.1900,0.001,-0.001,-0.234,0.8811,0.8831,0.9303,0.9305,0.000,0.000,0.000,1.1268
0.9680,0.5459,-0.0024,1.1900,-0.000,-0.000,-0.234,0.8808,0.8830,0.9302,0.9301,0.000,0.000,0.000,1.1296
0.9700,0.5482,-0.0024,1.1900,-0.001,-0.001,-0.235,0.8806,0.8830,0.9301,0.9299,0.000,0.000,0.000,1.1315
0.9720,0.5504,-0.0024,1.1899,-0.002,-0.002,-0.235,0.8804,0.8829,0.9301,0.9298,0.000,0.000,0.000,1.1337
0.9740,0.5527,-0.0024,1.1899,-0.009,-0.001,-0.235,0.8802,0.8828,0.9300,0.9296,0.000,0.000,0.000,1.1358
0.9760,0.5550,-0.0024,1.1899,-0.007,-0.006,-0.235,0.8801,0.8827,0.9298,0.9298,0.000,0.000,0.000,1.1379
0.9780,0.5573,-0.0025,1.1900,-0.007,-0.010,-0.236,0.8804,0.8826,0.9297,0.9296,0.000,0.000,0.000,1.1403
0.9800,0.5595,-0.0025,1.1901,-0.002,-0.006,-0.236,0.8807,0.8825,0.9295,0.9297,0.000,0.000,0.000,1.1420
0.9820,0.5618,-0.0025,1.1901,0.003,-0.003,-0.236,0.8811,0.8824,0.9302,0.9295,0.000,0.000,0.000,1.1442
0.9840,0.5641,-0.0025,1.1901,0.008,0.000,-0.237,0.8814,0.8823,0.9308,0.9292,0.000,0.000,0.000,1.1468
0.9860,0.5664,-0.0025,1.1901,0.010,-0.000,-0.237,0.8817,0.8822,0.9313,0.9288,0.000,0.000,0.000,1.1492
0.9880,0.5687,-0.0025,1.1901,0.009,-0.001,-0.238,0.8821,0.8819,0.9318,0.9284,0.000,0.000,0.000,1.1516
0.9900,0.5710,-0.0026,1.1900,0.007,-0.002,-0.239,0.8824,0.8818,0.9323,0.9282,0.000,0.000,0.000,1.1539
0.9920,0.5733,-0.0026,1.1900,0.001,-0.002,-0.240,0.8828,0.8816,0.9327,0.9279,0.000,0.000,0.000,1.1562
0.9940,0.5757,-0.0026,1.1899,-0.007,-0.001,-0.241,0.8831,0.8815,0.9330,0.9280,0.000,0.000,0.000,1.1585
0.9960,0.5780,-0.0026,1.1898,-0.013,0.000,-0.242,0.8835,0.8814,0.9333,0.9279,0.000,0.000,0.000,1.1612
0.9980,0.5803,-0.0026,1.1899,-0.001,-0.002,-0.243,0.8838,0.8813,0.9331,0.9277,0.000,0.000,0.000,1.1634
1.0000,0.5826,-0.0026,1.1900,0.003,-0.003,-0.244,0.8837,0.8812,0.9340,0.9277,0.000,0.000,0.000,1.1652
1.0020,0.5850,-0.0026,1.1900,0.005,-0.003,-0.245,0.8835,0.8811,0.9347,0.9273,0.000,0.000,0.000,1.1686
1.0040,0.5873,-0.0027,1.1901,0.006,-0.003,-0.245,0.8834,0.8810,0.9352,0.9270,0.000,0.000,0.000,1.1713
1.0060,0.5897,-0.0027,1.1901,0.006,-0.003,-0.246,0.8832,0.8810,0.9357,0.9269,0.000,0.000,0.000,1.1740
1.0080,0.5920,-0.0027,1.1901,0.006,-0.003,-0.247,0.8831,0.8809,0.9362,0.9267,0.000,0.000,0.000,1.1768
1.0100,0.5944,-0.0027,1.1900,0.005,-0.003,-0.249,0.8829,0.8809,0.9366,0.9265,0.000,0.000,0.000,1.1795
1.0120,0.5967,-0.0027,1.1900,0.001,-0.002,-0.250,0.8828,0.8808,0.9369,0.9266,0.000,0.000,0.000,1.1822
1.0140,0.5991,-0.0028,1.1899,-0.001,-0.002,-0.251,0.8826,0.8807,0.9368,0.9262,0.000,0.000,0.000,1.1850
1.0160,0.6015,-0.0028,1.1899,-0.002,-0.001,-0.252,0.8826,0.8805,0.9367,0.9262,0.000,0.000,0.000,1.1871
1.0180,0.6039,-0.0028,1.1900,-0.000,-0.001,-0.254,0.8826,0.8805,0.9371,0.9261,0.000,0.000,0.000,1.1893
1.0200,0.6062,-0.0028,1.1900,0.000,-0.001,-0.255,0.8824,0.8803,0.9370,0.9263,0.000,0.000,0.000,1.1920
1.0220,0.6086,-0.0028,1.1900,-0.000,-0.001,-0.255,0.8822,0.8801,0.9369,0.9264,0.000,0.000,0.000,1.1948
1.0240,0.6110,-0.0029,1.1900,-0.001,-0.001,-0.256,0.8820,0.8799,0.9369,0.9264,0.000,0.000,0.000,1.1974
1.0260,0.6134,-0.0029,1.1899,-0.004,-0.002,-0.257,0.8818,0.8797,0.9368,0.9263,0.000,0.000,0.000,1.1999
1.0280,0.6158,-0.0029,1.1899,-0.005,0.001,-0.258,0.8816,0.8796,0.9366,0.9265,0.000,0.000,0.000,1.2022
1.0300,0.6182,-0.0029,1.1899,-0.007,0.003,-0.259,0.8814,0.8796,0.9374,0.9262,0.000,0.000,0.000,1.2047
1.0320,0.6207,-0.0029,1.1900,0.000,-0.001,-0.260,0.8812,0.8796,0.9379,0.9260,0.000,0.000,0.000,1.2078
1.0340,0.6231,-0.0030,1.1900,0.005,-0.004,-0.261,0.8813,0.8795,0.9382,0.9256,0.000,0.000,0.000,1.2107
1.0360,0.6255,-0.0030,1.1900,0.007,-0.006,-0.263,0.8814,0.8795,0.9384,0.9256,0.000,0.000,0.000,1.2130
1.0380,0.6279,-0.0030,1.1900,0.002,-0.005,-0.264,0.8815,0.8794,0.9386,0.9256,0.000,0.000,0.000,1.2156
1.0400,0.6304,-0.0030,1.1900,0.001,-0.002,-0.266,0.8817,0.8793,0.9387,0.9250,0.000,0.000,0.000,1.2181
1.0420,0.6328,-0.0030,1.1900,-0.000,-0.000,-0.267,0.8818,0.8792,0.9385,0.9244,0.000,0.000,0.000,1.2201
1.0440,0.6353,-0.0030,1.1900,-0.003,0.000,-0.269,0.8818,0.8791,0.9384,0.9239,0.000,0.000,0.000,1.2216
1.0460,0.6377,-0.0031,1.1900,-0.000,-0.001,-0.271,0.8818,0.8790,0.9383,0.9234,0.000,0.000,0.000,1.2234
1.0480,0.6402,-0.0031,1.1900,0.000,-0.001,-0.273,0.8816,0.8790,0.9384,0.9231,0.000,0.000,0.000,1.2251
1.0500,0.6426,-0.0031,1.1900,-0.001,-0.001,-0.275,0.8814,0.8789,0.9385,0.9229,0.000,0.000,0.000,1.2275
1.0520,0.6451,-0.0031,1.1900,0.001,-0.002,-0.276,0.8813,0.8788,0.9385,0.9230,0.000,0.000,0.000,1.2299
1.0540,0.6475,-0.0031,1.1900,-0.000,-0.001,-0.278,0.8812,0.8788,0.9387,0.9229,0.000,0.000,0.000,1.2324
1.0560,0.6500,-0.0031,1.1900,0.001,-0.000,-0.280,0.8811,0.8787,0.9386,0.9232,0.000,0.000,0.000,1.2350
1.0580,0.6525,-0.0031,1.1900,0.001,-0.001,-0.282,0.8810,0.8785,0.9385,0.9233,0.000,0.000,0.000,1.2376
1.0600,0.6550,-0.0032,1.1900,-0.001,-0.002,-0.283,0.8810,0.8785,0.9385,0.9234,0.000,0.000,0.000,1.2401
1.0620,0.6574,-0.0032,1.1899,-0.003,-0.003,-0.285,0.8808,0.8784,0.9384,0.9232,0.000,0.000,0.000,1.2425
1.0640,0.6599,-0.0032,1.1899,-0.002,0.003,-0.286,0.8806,0.8783,0.9382,0.9231,0.000,0.000,0.000,1.2447
1.0660,0.6624,-0.0032,1.1900,0.000,-0.001,-0.287,0.8805,0.8783,0.9388,0.9233,0.000,0.000,0.000,1.2469
1.0680,0.6649,-0.0032,1.1900,0.000,-0.003,-0.289,0.8806,0.8780,0.9392,0.9235,0.000,0.000,0.000,1.2502
1.0700,0.6674,-0.0032,1.1900,0.001,-0.006,-0.290,0.8807,0.8778,0.9395,0.9235,0.000,0.000,0.000,1.2533
1.0720,0.6699,-0.0032,1.1900,0.000,-0.007,-0.292,0.8807,0.8775,0.9396,0.9234,0.000,0.000,0.000,1.2561
1.0740,0.6725,-0.0033,1.1900,-0.000,-0.005,-0.293,0.8808,0.8773,0.9397,0.9237,0.000,0.000,0.000,1.2587
1.0760,0.6750,-0.0033,1.1900,-0.000,-0.004,-0.295,0.8809,0.8770,0.9399,0.9237,0.000,0.000,0.000,1.2614
1.0780,0.6775,-0.0033,1.1900,0.001,-0.000,-0.297,0.8810,0.8768,0.9400,0.9236,0.000,0.000,0.000,1.2642
1.0800,0.6801,-0.0033,1.1900,-0.003,0.000,-0.298,0.8810,0.8765,0.9398,0.9240,0.000,0.000,0.000,1.2667
1.0820,0.6826,-0.0033,1.1899,0.000,-0.002,-0.299,0.8810,0.8764,0.9398,0.9242,0.000,0.000,0.000,1.2694
1.0840,0.6851,-0.0033,1.1899,-0.002,-0.003,-0.301,0.8809,0.8764,0.9399,0.9244,0.000,0.000,0.000,1.2721
1.0860,0.6877,-0.0034,1.1900,-0.000,-0.001,-0.302,0.8808,0.8763,0.9398,0.9242,0.000,0.000,0.000,1.2749
1.0880,0.6902,-0.0034,1.1900,0.000,0.000,-0.303,0.8808,0.8762,0.9401,0.9243,0.000,0.000,0.000,1.2772
1.0900,0.6928,-0.0034,1.1900,-0.001,0.000,-0.304,0.8808,0.8762,0.9404,0.9243,0.000,0.000,0.000,1.2802
1.0920,0.6954,-0.0034,1.1900,-0.001,0.001,-0.305,0.8808,0.8761,0.9406,0.9243,0.000,0.000,0.000,1.2830
1.0940,0.6979,-0.0034,1.1900,-0.002,-0.000,-0.306,0.8808,0.8761,0.9404,0.9243,0.000,0.000,0.000,1.2858
1.0960,0.7005,-0.0034,1.1899,-0.004,-0.002,-0.307,0.8808,0.8761,0.9404,0.9244,0.000,0.000,0.000,1.2881
1.0980,0.7031,-0.0035,1.1899,-0.001,-0.006,-0.308,0.8808,0.8760,0.9403,0.9243,0.000,0.000,0.000,1.2906
1.1000,0.7057,-0.0035,1.1899,-0.003,-0.004,-0.309,0.8806,0.8759,0.9403,0.9244,0.000,0.000,0.000,1.2929
1.1020,0.7083,-0.0035,1.1900,-0.002,-0.002,-0.310,0.8805,0.8758,0.9399,0.9237,0.000,0.000,0.000,1.2956
1.1040,0.7109,-0.0035,1.1900,-0.001,-0.001,-0.311,0.8804,0.8757,0.9398,0.9229,0.000,0.000,0.000,1.2969
1.1060,0.7135,-0.0035,1.1900,0.000,-0.001,-0.312,0.8803,0.8757,0.9395,0.9222,0.000,0.000,0.000,1.2986
1.1080,0.7161,-0.0036,1.1900,0.001,-0.002,-0.313,0.8802,0.8756,0.9392,0.9214,0.000,0.000,0.000,1.3001
1.1100,0.7187,-0.0036,1.1900,-0.001,-0.001,-0.314,0.8802,0.8756,0.9391,0.9206,0.000,0.000,0.000,1.3014
1.1120,0.7213,-0.0036,1.1900,-0.001,-0.002,-0.316,0.8801,0.8756,0.9392,0.9201,0.000,0.000,0.000,1.3029
1.1140,0.7239,-0.0036,1.1899,-0.003,-0.002,-0.317,0.8799,0.8755,0.9393,0.9198,0.000,0.000,0.000,1.3050
1.1160,0.7265,-0.0036,1.1899,-0.004,-0.003,-0.319,0.8797,0.8755,0.9393,0.9195,0.000,0.000,0.000,1.3072
1.1180,0.7291,-0.0036,1.1900,-0.001,-0.002,-0.320,0.8796,0.8754,0.9392,0.9197,0.000,0.000,0.000,1.3094
1.1200,0.7317,-0.0037,1.1900,-0.000,-0.000,-0.321,0.8794,0.8754,0.9397,0.9194,0.000,0.000,0.000,1.3118
1.1220,0.7344,-0.0037,1.1900,0.000,0.001,-0.323,0.8792,0.8753,0.9400,0.9193,0.000,0.000,0.000,1.3146
1.1240,0.7370,-0.0037,1.1900,-0.001,-0.001,-0.324,0.8791,0.8753,0.9401,0.9190,0.000,0.000,0.000,1.3172
1.1260,0.7396,-0.0037,1.1899,-0.001,-0.002,-0.326,0.8789,0.8753,0.9402,0.9188,0.000,0.000,0.000,1.3196
1.1280,0.7423,-0.0037,1.1899,-0.001,0.002,-0.328,0.8787,0.8753,0.9406,0.9186,0.000,0.000,0.000,1.3219
1.1300,0.7449,-0.0037,1.1900,-0.005,0.002,-0.329,0.8785,0.8753,0.9404,0.9188,0.000,0.000,0.000,1.3246
1.1320,0.7476,-0.0037,1.1900,-0.007,0.003,-0.331,0.8784,0.8751,0.9404,0.9190,0.000,0.000,0.000,1.3271
1.1340,0.7502,-0.0038,1.1900,-0.001,-0.001,-0.333,0.8782,0.8750,0.9405,0.9191,0.000,0.000,0.000,1.3297
1.1360,0.7529,-0.0038,1.1900,0.003,-0.005,-0.335,0.8783,0.8748,0.9405,0.9192,0.000,0.000,0.000,1.3324
1.1380,0.7556,-0.0038,1.1900,0.003,-0.006,-0.336,0.8784,0.8747,0.9405,0.9192,0.000,0.000,0.000,1.3348
1.1400,0.7583,-0.0038,1.1900,0.003,-0.004,-0.338,0.8785,0.8746,0.9404,0.9195,0.000,0.000,0.000,1.3372
1.1420,0.7609,-0.0038,1.1900,0.001,-0.003,-0.339,0.8786,0.8744,0.9406,0.9197,0.000,0.000,0.000,1.3399
1.1440,0.7636,-0.0039,1.1899,0.001,-0.001,-0.341,0.8787,0.8743,0.9407,0.9196,0.000,0.000,0.000,1.3426
1.1460,0.7663,-0.0039,1.1900,0.002,0.001,-0.343,0.8787,0.8742,0.9405,0.9200,0.000,0.000,0.000,1.3451
1.1480,0.7690,-0.0039,1.1900,-0.000,-0.001,-0.344,0.8785,0.8741,0.9403,0.9201,0.000,0.000,0.000,1.3477
1.1500,0.7717,-0.0039,1.1900,-0.001,-0.002,-0.346,0.8784,0.8741,0.9402,0.9203,0.000,0.000,0.000,1.3501
1.1520,0.7744,-0.0039,1.1900,-0.004,-0.003,-0.347,0.8783,0.8740,0.9400,0.9204,0.000,0.000,0.000,1.3526
1.1540,0.7771,-0.0039,1.1900,-0.003,-0.000,-0.349,0.8783,0.8740,0.9398,0.9203,0.000,0.000,0.000,1.3549
1.1560,0.7798,-0.0040,1.1899,-0.001,0.003,-0.351,0.8782,0.8740,0.9402,0.9203,0.000,0.000,0.000,1.3570
1.1580,0.7826,-0.0040,1.1899,-0.004,0.001,-0.352,0.8782,0.8739,0.9403,0.9202,0.000,0.000,0.000,1.3599
1.1600,0.7853,-0.0040,1.1900,-0.000,-0.002,-0.354,0.8781,0.8739,0.9402,0.9201,0.000,0.000,0.000,1.3625
1.1620,0.7880,-0.0040,1.1900,0.003,-0.003,-0.354,0.8780,0.8739,0.9403,0.9202,0.000,0.000,0.000,1.3647
1.1640,0.7907,-0.0040,1.1900,0.004,-0.003,-0.355,0.8778,0.8739,0.9400,0.9204,0.000,0.000,0.000,1.3673
1.1660,0.7935,-0.0040,1.1899,0.004,-0.003,-0.355,0.8777,0.8739,0.9400,0.9205,0.000,0.000,0.000,1.3698
1.1680,0.7962,-0.0040,1.1899,-0.002,-0.003,-0.355,0.8775,0.8738,0.9399,0.9206,0.000,0.000,0.000,1.3723
1.1700,0.7990,-0.0040,1.1899,-0.000,-0.002,-0.356,0.8773,0.8738,0.9396,0.9205,0.000,0.000,0.000,1.3747
1.1720,0.8017,-0.0041,1.1899,0.002,-0.003,-0.356,0.8773,0.8738,0.9400,0.9203,0.000,0.000,0.000,1.3768
1.1740,0.8045,-0.0041,1.1899,0.000,-0.000,-0.357,0.8772,0.8738,0.9402,0.9201,0.000,0.000,0.000,1.3795
1.1760,0.8073,-0.0041,1.1899,-0.000,0.004,-0.358,0.8772,0.8737,0.9402,0.9204,0.000,0.000,0.000,1.3821
1.1780,0.8100,-0.0041,1.1900,-0.000,-0.000,-0.358,0.8772,0.8737,0.9402,0.9206,0.000,0.000,0.000,1.3849
1.1800,0.8128,-0.0041,1.1900,-0.001,-0.004,-0.359,0.8769,0.8738,0.9401,0.9206,0.000,0.000,0.000,1.3874
1.1820,0.8156,-0.0041,1.1900,-0.000,-0.008,-0.359,0.8767,0.8739,0.9401,0.9206,0.000,0.000,0.000,1.3898
1.1840,0.8184,-0.0041,1.1900,-0.004,-0.009,-0.360,0.8765,0.8740,0.9401,0.9206,0.000,0.000,0.000,1.3924
1.1860,0.8212,-0.0041,1.1900,-0.006,-0.007,-0.361,0.8763,0.8741,0.9399,0.9211,0.000,0.000,0.000,1.3948
1.1880,0.8239,-0.0041,1.1900,-0.004,-0.002,-0.361,0.8760,0.8742,0.9403,0.9215,0.000,0.000,0.000,1.3976
1.1900,0.8267,-0.0041,1.1900,-0.003,0.001,-0.362,0.8758,0.8743,0.9403,0.9217,0.000,0.000,0.000,1.4010
1.1920,0.8296,-0.0041,1.1900,-0.005,0.001,-0.363,0.8756,0.8743,0.9404,0.9218,0.000,0.000,0.000,1.4037
1.1940,0.8324,-0.0042,1.1900,-0.000,-0.002,-0.364,0.8754,0.8743,0.9402,0.9219,0.000,0.000,0.000,1.4065
1.1960,0.8352,-0.0042,1.1900,0.000,-0.002,-0.365,0.8754,0.8742,0.9403,0.9220,0.000,0.000,0.000,1.4090
1.1980,0.8380,-0.0042,1.1900,-0.001,-0.002,-0.366,0.8753,0.8741,0.9402,0.9224,0.000,0.000,0.000,1.4116
1.2000,0.8408,-0.0042,1.1900,-0.002,-0.000,-0.366,0.8753,0.8741,0.9400,0.9226,0.000,0.000,0.000,1.4145
1.2020,0.8437,-0.0042,1.1900,-0.000,-0.002,-0.367,0.8752,0.8740,0.9402,0.9228,0.000,0.000,0.000,1.4169
1.2040,0.8465,-0.0042,1.1900,-0.000,-0.001,-0.367,0.8751,0.8740,0.9402,0.9230,0.000,0.000,0.000,1.4199
1.2060,0.8494,-0.0043,1.1900,-0.000,-0.000,-0.368,0.8750,0.8740,0.9400,0.9228,0.000,0.000,0.000,1.4227
1.2080,0.8522,-0.0043,1.1900,0.000,-0.001,-0.368,0.8750,0.8740,0.9398,0.9228,0.000,0.000,0.000,1.4248
1.2100,0.8551,-0.0043,1.1900,-0.000,-0.001,-0.369,0.8749,0.8739,0.9395,0.9226,0.000,0.000,0.000,1.4271
1.2120,0.8579,-0.0043,1.1900,0.000,-0.001,-0.370,0.8749,0.8739,0.9396,0.9229,0.000,0.000,0.000,1.4292
1.2140,0.8608,-0.0043,1.1900,0.001,-0.002,-0.370,0.8748,0.8739,0.9395,0.9231,0.000,0.000,0.000,1.4321
1.2160,0.8637,-0.0043,1.1899,-0.002,-0.002,-0.371,0.8747,0.8739,0.9397,0.9233,0.000,0.000,0.000,1.4347
1.2180,0.8665,-0.0043,1.1899,-0.003,-0.001,-0.371,0.8747,0.8739,0.9396,0.9232,0.000,0.000,0.000,1.4376
1.2200,0.8694,-0.0044,1.1899,0.001,-0.003,-0.372,0.8746,0.8740,0.9394,0.9231,0.000,0.000,0.000,1.4401
1.2220,0.8723,-0.0044,1.1899,0.003,-0.005,-0.373,0.8746,0.8739,0.9396,0.9230,0.000,0.000,0.000,1.4421
1.2240,0.8752,-0.0044,1.1900,-0.002,-0.002,-0.373,0.8747,0.8738,0.9397,0.9230,0.000,0.000,0.000,1.4448
1.2260,0.8781,-0.0044,1.1900,-0.001,-0.001,-0.374,0.8747,0.8738,0.9396,0.9237,0.000,0.000,0.000,1.4474
1.2280,0.8810,-0.0044,1.1900,-0.000,-0.000,-0.375,0.8747,0.8737,0.9397,0.9243,0.000,0.000,0.000,1.4505
1.2300,0.8839,-0.0045,1.1900,0.000,-0.002,-0.375,0.8746,0.8737,0.9397,0.9248,0.000,0.000,0.000,1.4538
1.2320,0.8868,-0.0045,1.1899,0.000,-0.004,-0.376,0.8746,0.8736,0.9396,0.9253,0.000,0.000,0.000,1.4570
1.2340,0.8897,-0.0045,1.1900,-0.000,-0.002,-0.377,0.8745,0.8736,0.9395,0.9257,0.000,0.000,0.000,1.4600
1.2360,0.8926,-0.0045,1.1900,-0.000,0.000,-0.378,0.8746,0.8736,0.9400,0.9254,0.000,0.000,0.000,1.4628
1.2380,0.8956,-0.0045,1.1900,0.000,0.000,-0.379,0.8746,0.8736,0.9404,0.9250,0.000,0.000,0.000,1.4657
1.2400,0.8985,-0.0045,1.1900,0.000,-0.001,-0.381,0.8746,0.8736,0.9407,0.9246,0.000,0.000,0.000,1.4684
1.2420,0.9015,-0.0045,1.1899,0.000,-0.003,-0.382,0.8746,0.8735,0.9409,0.9241,0.000,0.000,0.000,1.4709
1.2440,0.9044,-0.0045,1.1899,0.004,-0.003,-0.384,0.8746,0.8735,0.9410,0.9237,0.000,0.000,0.000,1.4733
1.2460,0.9074,-0.0045,1.1899,0.004,-0.006,-0.385,0.8746,0.8735,0.9406,0.9234,0.000,0.000,0.000,1.4755
1.2480,0.9103,-0.0046,1.1900,0.000,-0.001,-0.387,0.8746,0.8735,0.9408,0.9231,0.000,0.000,0.000,1.4773
1.2500,0.9133,-0.0046,1.1900,-0.001,0.001,-0.389,0.8746,0.8734,0.9405,0.9236,0.000,0.000,0.000,1.4799
1.2520,0.9162,-0.0046,1.1900,-0.001,0.001,-0.390,0.8745,0.8734,0.9402,0.9239,0.000,0.000,0.000,1.4826
1.2540,0.9192,-0.0046,1.1900,-0.001,0.001,-0.392,0.8745,0.8733,0.9399,0.9242,0.000,0.000,0.000,1.4852
1.2560,0.9222,-0.0046,1.1900,0.000,-0.001,-0.393,0.8744,0.8733,0.9394,0.9245,0.000,0.000,0.000,1.4877
1.2580,0.9252,-0.0046,1.1899,0.002,-0.003,-0.395,0.8744,0.8733,0.9390,0.9247,0.000,0.000,0.000,1.4901
1.2600,0.9281,-0.0046,1.1900,-0.001,-0.002,-0.396,0.8744,0.8733,0.9391,0.9249,0.000,0.000,0.000,1.4925
1.2620,0.9311,-0.0046,1.1900,-0.003,0.000,-0.397,0.8743,0.8733,0.9386,0.9245,0.000,0.000,0.000,1.4952
1.2640,0.9341,-0.0046,1.1900,0.000,-0.002,-0.398,0.8742,0.8733,0.9383,0.9239,0.000,0.000,0.000,1.4968
1.2660,0.9371,-0.0046,1.1899,0.002,-0.004,-0.400,0.8743,0.8733,0.9379,0.9234,0.000,0.000,0.000,1.4985
1.2680,0.9401,-0.0046,1.1899,-0.002,-0.003,-0.401,0.8743,0.8733,0.9376,0.9228,0.000,0.000,0.000,1.5000
1.2700,0.9431,-0.0046,1.1899,-0.003,-0.000,-0.402,0.8743,0.8733,0.9373,0.9230,0.000,0.000,0.000,1.5016
1.2720,0.9461,-0.0046,1.1899,0.000,-0.004,-0.404,0.8744,0.8733,0.9374,0.9230,0.000,0.000,0.000,1.5039
1.2740,0.9491,-0.0046,1.1899,0.001,-0.006,-0.406,0.8742,0.8733,0.9373,0.9231,0.000,0.000,0.000,1.5064
1.2760,0.9522,-0.0047,1.1899,0.002,-0.006,-0.407,0.8741,0.8733,0.9371,0.9232,0.000,0.000,0.000,1.5089
1.2780,0.9552,-0.0047,1.1899,-0.001,-0.003,-0.408,0.8740,0.8733,0.9374,0.9231,0.000,0.000,0.000,1.5113
1.2800,0.9582,-0.0047,1.1900,-0.000,-0.001,-0.410,0.8739,0.8733,0.9373,0.9237,0.000,0.000,0.000,1.5140
1.2820,0.9612,-0.0047,1.1900,-0.000,-0.000,-0.411,0.8739,0.8733,0.9372,0.9242,0.000,0.000,0.000,1.5170
1.2840,0.9643,-0.0047,1.1900,-0.000,-0.000,-0.412,0.8739,0.8734,0.9371,0.9246,0.000,0.000,0.000,1.5199
1.2860,0.9673,-0.0047,1.1900,-0.000,-0.000,-0.413,0.8739,0.8734,0.9369,0.9249,0.000,0.000,0.000,1.5226
1.2880,0.9704,-0.0047,1.1900,0.002,-0.000,-0.414,0.8739,0.8734,0.9369,0.9249,0.000,0.000,0.000,1.5252
1.2900,0.9734,-0.0047,1.1899,0.005,-0.001,-0.416,0.8738,0.8734,0.9367,0.9250,0.000,0.000,0.000,1.5277
1.2920,0.9765,-0.0047,1.1899,0.004,-0.005,-0.417,0.8738,0.8734,0.9366,0.9249,0.000,0.000,0.000,1.5301
1.2940,0.9796,-0.0047,1.1900,0.006,-0.006,-0.417,0.8738,0.8732,0.9370,0.9250,0.000,0.000,0.000,1.5324
1.2960,0.9826,-0.0048,1.1900,0.007,-0.006,-0.418,0.8738,0.8730,0.9370,0.9251,0.000,0.000,0.000,1.5354
1.2980,0.9857,-0.0048,1.1900,0.001,-0.002,-0.418,0.8737,0.8729,0.9370,0.9252,0.000,0.000,0.000,1.5380
1.3000,0.9888,-0.0048,1.1900,0.000,-0.000,-0.419,0.8737,0.8727,0.9369,0.9258,0.000,0.000,0.000,1.5407
1.3020,0.9919,-0.0048,1.1900,0.000,-0.000,-0.420,0.8737,0.8725,0.9369,0.9264,0.000,0.000,0.000,1.5439
1.3040,0.9950,-0.0048,1.1900,-0.000,-0.001,-0.421,0.8737,0.8724,0.9368,0.9268,0.000,0.000,0.000,1.5470
1.3060,0.9981,-0.0048,1.1899,-0.001,-0.002,-0.421,0.8736,0.8723,0.9366,0.9271,0.000,0.000,0.000,1.5499
1.3080,1.0012,-0.0048,1.1899,0.002,-0.005,-0.422,0.8736,0.8722,0.9365,0.9273,0.000,0.000,0.000,1.5526
1.3100,1.0043,-0.0048,1.1899,-0.002,-0.004,-0.422,0.8736,0.8721,0.9361,0.9274,0.000,0.000,0.000,1.5553
1.3120,1.0074,-0.0048,1.1900,-0.001,-0.002,-0.422,0.8735,0.8720,0.9356,0.9269,0.000,0.000,0.000,1.5575
1.3140,1.0105,-0.0048,1.1900,-0.000,-0.000,-0.422,0.8736,0.8720,0.9355,0.9268,0.000,0.000,0.000,1.5590
1.3160,1.0136,-0.0048,1.1900,0.000,-0.000,-0.423,0.8736,0.8719,0.9353,0.9266,0.000,0.000,0.000,1.5613
1.3180,1.0168,-0.0048,1.1900,-0.001,-0.000,-0.423,0.8736,0.8719,0.9351,0.9263,0.000,0.000,0.000,1.5634
1.3200,1.0199,-0.0048,1.1900,0.000,-0.001,-0.423,0.8736,0.8718,0.9350,0.9262,0.000,0.000,0.000,1.5654
1.3220,1.0230,-0.0048,1.1900,0.002,-0.003,-0.424,0.8736,0.8719,0.9352,0.9259,0.000,0.000,0.000,1.5676
1.3240,1.0262,-0.0049,1.1900,0.001,-0.000,-0.424,0.8736,0.8719,0.9352,0.9257,0.000,0.000,0.000,1.5701
1.3260,1.0293,-0.0049,1.1900,-0.000,-0.001,-0.425,0.8736,0.8718,0.9354,0.9259,0.000,0.000,0.000,1.5723
1.3280,1.0325,-0.0049,1.1900,0.001,-0.002,-0.425,0.8736,0.8718,0.9355,0.9261,0.000,0.000,0.000,1.5753
1.3300,1.0356,-0.0049,1.1900,-0.000,-0.000,-0.426,0.8735,0.8719,0.9355,0.9262,0.000,0.000,0.000,1.5780
1.3320,1.0388,-0.0049,1.1900,-0.000,0.000,-0.426,0.8735,0.8718,0.9358,0.9259,0.000,0.000,0.000,1.5807
1.3340,1.0420,-0.0049,1.1900,-0.001,-0.001,-0.426,0.8735,0.8718,0.9360,0.9255,0.000,0.000,0.000,1.5832
1.3360,1.0451,-0.0049,1.1900,0.000,-0.000,-0.427,0.8735,0.8718,0.9362,0.9250,0.000,0.000,0.000,1.5855
1.3380,1.0483,-0.0049,1.1900,0.002,-0.001,-0.428,0.8735,0.8718,0.9361,0.9250,0.000,0.000,0.000,1.5878
1.3400,1.0515,-0.0049,1.1900,-0.000,-0.002,-0.428,0.8735,0.8718,0.9359,0.9248,0.000,0.000,0.000,1.5901
1.3420,1.0547,-0.0050,1.1899,-0.003,-0.003,-0.429,0.8735,0.8718,0.9359,0.9251,0.000,0.000,0.000,1.5922
1.3440,1.0579,-0.0050,1.1899,0.004,-0.002,-0.430,0.8735,0.8719,0.9358,0.9253,0.000,0.000,0.000,1.5950
1.3460,1.0611,-0.0050,1.1900,0.000,-0.000,-0.430,0.8735,0.8719,0.9364,0.9255,0.000,0.000,0.000,1.5976
1.3480,1.0643,-0.0050,1.1900,-0.002,-0.000,-0.431,0.8734,0.8718,0.9367,0.9251,0.000,0.000,0.000,1.6010
1.3500,1.0675,-0.0050,1.1900,-0.003,-0.000,-0.431,0.8734,0.8718,0.9368,0.9247,0.000,0.000,0.000,1.6033
1.3520,1.0707,-0.0050,1.1900,-0.002,-0.002,-0.432,0.8734,0.8718,0.9368,0.9242,0.000,0.000,0.000,1.6056
1.3540,1.0739,-0.0050,1.1899,0.001,-0.002,-0.433,0.8734,0.8717,0.9368,0.9238,0.000,0.000,0.000,1.6077
1.3560,1.0771,-0.0051,1.1900,-0.001,-0.001,-0.434,0.8734,0.8717,0.9371,0.9233,0.000,0.000,0.000,1.6097
1.3580,1.0803,-0.0051,1.1900,-0.000,-0.001,-0.435,0.8734,0.8717,0.9370,0.9234,0.000,0.000,0.000,1.6120
1.3600,1.0836,-0.0051,1.1900,-0.001,-0.001,-0.436,0.8733,0.8717,0.9371,0.9234,0.000,0.000,0.000,1.6145
1.3620,1.0868,-0.0051,1.1900,0.000,-0.002,-0.437,0.8734,0.8717,0.9371,0.9235,0.000,0.000,0.000,1.6170
1.3640,1.0900,-0.0051,1.1900,0.001,0.000,-0.438,0.8734,0.8717,0.9370,0.9236,0.000,0.000,0.000,1.6196
1.3660,1.0933,-0.0051,1.1900,-0.000,-0.000,-0.438,0.8733,0.8717,0.9373,0.9232,0.000,0.000,0.000,1.6222
1.3680,1.0965,-0.0052,1.1900,-0.001,-0.002,-0.439,0.8733,0.8717,0.9375,0.9228,0.000,0.000,0.000,1.6246
1.3700,1.0998,-0.0052,1.1900,-0.003,-0.003,-0.440,0.8732,0.8718,0.9377,0.9223,0.000,0.000,0.000,1.6269
1.3720,1.1030,-0.0052,1.1900,-0.002,-0.002,-0.441,0.8733,0.8718,0.9378,0.9223,0.000,0.000,0.000,1.6290
1.3740,1.1063,-0.0052,1.1900,-0.000,-0.000,-0.442,0.8733,0.8718,0.9376,0.9225,0.000,0.000,0.000,1.6316
1.3760,1.1096,-0.0052,1.1900,0.000,-0.000,-0.443,0.8732,0.8719,0.9373,0.9225,0.000,0.000,0.000,1.6340
1.3780,1.1128,-0.0053,1.1900,0.000,-0.000,-0.444,0.8732,0.8719,0.9371,0.9225,0.000,0.000,0.000,1.6362
1.3800,1.1161,-0.0053,1.1900,0.000,-0.002,-0.446,0.8732,0.8719,0.9370,0.9226,0.000,0.000,0.000,1.6384
1.3820,1.1194,-0.0053,1.1900,0.002,-0.003,-0.447,0.8732,0.8719,0.9368,0.9227,0.000,0.000,0.000,1.6408
1.3840,1.1227,-0.0053,1.1899,0.004,-0.005,-0.448,0.8732,0.8719,0.9371,0.9228,0.000,0.000,0.000,1.6432
1.3860,1.1260,-0.0053,1.1900,0.000,-0.002,-0.449,0.8732,0.8720,0.9371,0.9228,0.000,0.000,0.000,1.6460
1.3880,1.1293,-0.0053,1.1900,-0.003,0.001,-0.450,0.8732,0.8720,0.9374,0.9235,0.000,0.000,0.000,1.6485
1.3900,1.1326,-0.0054,1.1900,-0.000,-0.000,-0.451,0.8732,0.8720,0.9374,0.9241,0.000,0.000,0.000,1.6520
1.3920,1.1359,-0.0054,1.1900,0.000,-0.001,-0.451,0.8732,0.8720,0.9373,0.9247,0.000,0.000,0.000,1.6551
1.3940,1.1392,-0.0054,1.1900,0.001,-0.002,-0.452,0.8732,0.8720,0.9373,0.9251,0.000,0.000,0.000,1.6581
1.3960,1.1425,-0.0054,1.1900,0.000,-0.000,-0.452,0.8733,0.8720,0.9372,0.9254,0.000,0.000,0.000,1.6609
1.3980,1.1459,-0.0054,1.1900,0.000,-0.000,-0.453,0.8733,0.8720,0.9367,0.9252,0.000,0.000,0.000,1.6637
1.4000,1.1492,-0.0055,1.1900,-0.002,-0.000,-0.453,0.8732,0.8720,0.9362,0.9249,0.000,0.000,0.000,1.6655
1.4020,1.1525,-0.0055,1.1900,-0.001,-0.002,-0.453,0.8732,0.8720,0.9357,0.9247,0.000,0.000,0.000,1.6672
1.4040,1.1559,-0.0055,1.1899,-0.003,-0.004,-0.454,0.8733,0.8720,0.9352,0.9247,0.000,0.000,0.000,1.6689
1.4060,1.1592,-0.0055,1.1899,0.000,-0.003,-0.454,0.8733,0.8720,0.9345,0.9251,0.000,0.000,0.000,1.6708
1.4080,1.1625,-0.0055,1.1900,-0.000,-0.001,-0.454,0.8733,0.8720,0.9345,0.9253,0.000,0.000,0.000,1.6729
1.4100,1.1659,-0.0056,1.1900,-0.000,-0.001,-0.454,0.8733,0.8720,0.9344,0.9261,0.000,0.000,0.000,1.6756
1.4120,1.1693,-0.0056,1.1900,0.000,-0.000,-0.454,0.8732,0.8721,0.9343,0.9268,0.000,0.000,0.000,1.6787
1.4140,1.1726,-0.0056,1.1900,-0.000,-0.000,-0.454,0.8732,0.8721,0.9343,0.9272,0.000,0.000,0.000,1.6817
1.4160,1.1760,-0.0056,1.1900,0.000,-0.002,-0.454,0.8732,0.8721,0.9342,0.9275,0.000,0.000,0.000,1.6847
1.4180,1.1794,-0.0057,1.1900,-0.000,-0.001,-0.454,0.8732,0.8721,0.9340,0.9277,0.000,0.000,0.000,1.6873
1.4200,1.1827,-0.0057,1.1900,-0.000,-0.001,-0.454,0.8732,0.8721,0.9341,0.9276,0.000,0.000,0.000,1.6898
1.4220,1.1861,-0.0057,1.1900,-0.002,-0.001,-0.454,0.8732,0.8721,0.9341,0.9277,0.000,0.000,0.000,1.6924
1.4240,1.1895,-0.0057,1.1899,-0.000,-0.003,-0.454,0.8732,0.8722,0.9340,0.9278,0.000,0.000,0.000,1.6949
1.4260,1.1929,-0.0058,1.1899,0.001,-0.007,-0.454,0.8732,0.8722,0.9338,0.9279,0.000,0.000,0.000,1.6975
1.4280,1.1963,-0.0058,1.1899,0.002,-0.001,-0.454,0.8733,0.8722,0.9337,0.9280,0.000,0.000,0.000,1.6999
1.4300,1.1997,-0.0058,1.1900,-0.000,0.000,-0.454,0.8733,0.8722,0.9344,0.9291,0.000,0.000,0.000,1.7022
1.4320,1.2031,-0.0058,1.1901,-0.002,0.001,-0.454,0.8733,0.8723,0.9350,0.9301,0.000,0.000,0.000,1.7068
1.4340,1.2065,-0.0058,1.1901,-0.004,0.000,-0.454,0.8733,0.8724,0.9356,0.9310,0.000,0.000,0.000,1.7110
1.4360,1.2100,-0.0059,1.1900,-0.005,-0.001,-0.454,0.8733,0.8725,0.9361,0.9318,0.000,0.000,0.000,1.7152
1.4380,1.2134,-0.0059,1.1900,-0.005,-0.004,-0.454,0.8733,0.8726,0.9365,0.9326,0.000,0.000,0.000,1.7192
1.4400,1.2169,-0.0059,1.1899,-0.008,-0.007,-0.454,0.8733,0.8727,0.9369,0.9332,0.000,0.000,0.000,1.7232
1.4420,1.2203,-0.0059,1.1899,-0.012,-0.010,-0.454,0.8733,0.8728,0.9372,0.9333,0.000,0.000,0.000,1.7270
1.4440,1.2238,-0.0059,1.1900,-0.004,-0.004,-0.454,0.8733,0.8729,0.9374,0.9331,0.000,0.000,0.000,1.7301
1.4460,1.2272,-0.0060,1.1900,0.001,0.001,-0.455,0.8733,0.8730,0.9365,0.9332,0.000,0.000,0.000,1.7329
1.4480,1.2307,-0.0060,1.1900,0.006,0.005,-0.455,0.8733,0.8730,0.9355,0.9332,0.000,0.000,0.000,1.7347
1.4500,1.2342,-0.0060,1.1900,0.003,0.002,-0.455,0.8733,0.8731,0.9344,0.9331,0.000,0.000,0.000,1.7363
1.4520,1.2377,-0.0060,1.1900,0.000,-0.000,-0.455,0.8733,0.8730,0.9333,0.9330,0.000,0.000,0.000,1.7377
1.4540,1.2411,-0.0061,1.1899,-0.002,-0.003,-0.455,0.8733,0.8729,0.9322,0.9328,0.000,0.000,0.000,1.7392
1.4560,1.2446,-0.0061,1.1900,-0.000,-0.001,-0.454,0.8734,0.8728,0.9312,0.9327,0.000,0.000,0.000,1.7405
1.4580,1.2481,-0.0061,1.1900,-0.000,-0.000,-0.454,0.8733,0.8728,0.9309,0.9331,0.000,0.000,0.000,1.7418
1.4600,1.2516,-0.0061,1.1900,-0.000,-0.000,-0.454,0.8732,0.8727,0.9306,0.9335,0.000,0.000,0.000,1.7446
1.4620,1.2551,-0.0061,1.1900,-0.000,-0.001,-0.453,0.8732,0.8727,0.9304,0.9338,0.000,0.000,0.000,1.7473
1.4640,1.2586,-0.0062,1.1900,-0.001,-0.001,-0.453,0.8732,0.8727,0.9302,0.9339,0.000,0.000,0.000,1.7499
1.4660,1.2621,-0.0062,1.1900,0.000,-0.001,-0.452,0.8732,0.8727,0.9300,0.9344,0.000,0.000,0.000,1.7524
1.4680,1.2656,-0.0062,1.1900,0.000,-0.001,-0.452,0.8733,0.8727,0.9301,0.9349,0.000,0.000,0.000,1.7554
1.4700,1.2691,-0.0062,1.1900,0.001,-0.002,-0.451,0.8733,0.8728,0.9300,0.9352,0.000,0.000,0.000,1.7585
1.4720,1.2726,-0.0063,1.1899,0.002,-0.003,-0.450,0.8733,0.8728,0.9297,0.9354,0.000,0.000,0.000,1.7613
1.4740,1.2762,-0.0063,1.1899,0.005,-0.003,-0.450,0.8734,0.8729,0.9297,0.9356,0.000,0.000,0.000,1.7638
1.4760,1.2797,-0.0063,1.1899,0.011,-0.002,-0.449,0.8734,0.8730,0.9295,0.9358,0.000,0.000,0.000,1.7666
1.4780,1.2832,-0.0063,1.1899,-0.000,-0.003,-0.448,0.8734,0.8731,0.9296,0.9358,0.000,0.000,0.000,1.7692
1.4800,1.2868,-0.0063,1.1900,-0.005,-0.003,-0.448,0.8735,0.8729,0.9294,0.9367,0.000,0.000,0.000,1.7719
1.4820,1.2903,-0.0063,1.1900,-0.009,-0.004,-0.448,0.8735,0.8728,0.9291,0.9375,0.000,0.000,0.000,1.7754
1.4840,1.2939,-0.0063,1.1900,-0.012,-0.006,-0.448,0.8735,0.8726,0.9289,0.9382,0.000,0.000,0.000,1.7786
1.4860,1.2975,-0.0063,1.1901,-0.005,-0.002,-0.448,0.8735,0.8725,0.9286,0.9388,0.000,0.000,0.000,1.7817
1.4880,1.3010,-0.0064,1.1901,0.001,0.002,-0.448,0.8735,0.8724,0.9294,0.9394,0.000,0.000,0.000,1.7848
1.4900,1.3046,-0.0064,1.1900,0.001,0.001,-0.447,0.8735,0.8722,0.9301,0.9399,0.000,0.000,0.000,1.7891
1.4920,1.3082,-0.0064,1.1900,0.002,-0.001,-0.446,0.8735,0.8722,0.9307,0.9404,0.000,0.000,0.000,1.7932
1.4940,1.3118,-0.0064,1.1900,0.003,-0.003,-0.446,0.8735,0.8722,0.9313,0.9408,0.000,0.000,0.000,1.7972
1.4960,1.3154,-0.0064,1.1900,0.001,-0.002,-0.445,0.8735,0.8722,0.9315,0.9410,0.000,0.000,0.000,1.8010
1.4980,1.3190,-0.0064,1.1900,-0.000,-0.000,-0.445,0.8735,0.8723,0.9313,0.9408,0.000,0.000,0.000,1.8043
1.5000,1.3226,-0.0064,1.1900,0.001,-0.001,-0.444,0.8736,0.8723,0.9313,0.9407,0.000,0.000,0.000,1.8067
1.5020,1.3262,-0.0064,1.1900,0.001,-0.002,-0.444,0.8736,0.8723,0.9312,0.9405,0.000,0.000,0.000,1.8093
1.5040,1.3299,-0.0064,1.1900,-0.000,-0.002,-0.443,0.8736,0.8723,0.9311,0.9402,0.075,0.075,0.075,1.8118
1.5060,1.3335,-0.0064,1.1900,-0.002,-0.003,-0.443,0.8736,0.8724,0.9309,0.9404,0.150,0.150,0.150,1.8141
1.5080,1.3371,-0.0064,1.1900,0.002,-0.002,-0.442,0.8736,0.8724,0.9307,0.9405,0.225,0.225,0.225,1.8170
1.5100,1.3408,-0.0065,1.1900,0.001,-0.002,-0.442,0.8736,0.8724,0.9310,0.9404,0.300,0.300,0.300,1.8197
1.5120,1.3444,-0.0065,1.1900,0.000,-0.001,-0.441,0.8736,0.8725,0.9311,0.9402,0.375,0.375,0.375,1.8227
1.5140,1.3480,-0.0065,1.1900,0.000,-0.001,-0.441,0.8737,0.8725,0.9310,0.9401,0.450,0.450,0.450,1.8253
1.5160,1.3517,-0.0065,1.1900,0.000,0.000,-0.440,0.8737,0.8726,0.9310,0.9399,0.525,0.525,0.525,1.8277
1.5180,1.3554,-0.0065,1.1900,-0.000,-0.001,-0.440,0.8737,0.8726,0.9307,0.9399,0.600,0.600,0.600,1.8303
1.5200,1.3590,-0.0065,1.1899,-0.002,-0.001,-0.439,0.8737,0.8727,0.9303,0.9397,0.675,0.675,0.675,1.8327
1.5220,1.3627,-0.0066,1.1900,0.000,-0.001,-0.439,0.8737,0.8727,0.9299,0.9395,0.750,0.750,0.750,1.8350
1.5240,1.3664,-0.0066,1.1900,-0.000,-0.000,-0.439,0.8738,0.8728,0.9301,0.9397,0.825,0.825,0.825,1.8371
1.5260,1.3701,-0.0066,1.1900,0.000,-0.000,-0.439,0.8739,0.8728,0.9301,0.9397,0.900,0.900,0.900,1.8402
1.5280,1.3737,-0.0066,1.1900,-0.000,-0.001,-0.439,0.8739,0.8728,0.9300,0.9395,0.975,0.975,0.975,1.8428
1.5300,1.3774,-0.0067,1.1900,-0.001,-0.002,-0.440,0.8740,0.8729,0.9298,0.9394,1.050,1.050,1.050,1.8452
1.5320,1.3811,-0.0067,1.1900,-0.001,-0.000,-0.440,0.8739,0.8729,0.9296,0.9391,1.125,1.125,1.125,1.8477
1.5340,1.3848,-0.0067,1.1900,-0.000,-0.000,-0.440,0.8739,0.8730,0.9299,0.9390,1.200,1.200,1.200,1.8499
1.5360,1.3885,-0.0068,1.1900,0.001,-0.001,-0.440,0.8740,0.8730,0.9299,0.9388,1.275,1.275,1.275,1.8527
1.5380,1.3922,-0.0068,1.1899,0.002,-0.003,-0.441,0.8740,0.8731,0.9299,0.9386,1.350,1.350,1.350,1.8552
1.5400,1.3960,-0.0068,1.1899,0.004,-0.004,-0.442,0.8741,0.8731,0.9296,0.9383,1.425,1.425,1.425,1.8575
1.5420,1.3997,-0.0069,1.1900,-0.000,-0.002,-0.443,0.8741,0.8732,0.9298,0.9379,1.500,1.500,1.500,1.8596
1.5440,1.4034,-0.0069,1.1900,0.000,-0.001,-0.444,0.8741,0.8733,0.9299,0.9382,1.575,1.575,1.575,1.8620
1.5460,1.4071,-0.0069,1.1900,-0.000,-0.001,-0.444,0.8741,0.8734,0.9297,0.9383,1.650,1.650,1.650,1.8651
1.5480,1.4109,-0.0070,1.1899,0.000,-0.003,-0.445,0.8741,0.8735,0.9294,0.9382,1.725,1.725,1.725,1.8676
1.5500,1.4146,-0.0070,1.1900,0.000,-0.001,-0.446,0.8741,0.8735,0.9291,0.9381,1.800,1.800,1.800,1.8700
1.5520,1.4183,-0.0071,1.1900,-0.001,-0.000,-0.447,0.8741,0.8736,0.9293,0.9375,1.875,1.875,1.875,1.8722
1.5540,1.4221,-0.0071,1.1900,-0.000,-0.000,-0.448,0.8742,0.8737,0.9292,0.9369,1.950,1.950,1.950,1.8743
1.5560,1.4258,-0.0071,1.1900,0.000,-0.001,-0.449,0.8742,0.8737,0.9291,0.9363,2.025,2.025,2.025,1.8762
1.5580,1.4296,-0.0072,1.1899,-0.002,-0.002,-0.451,0.8742,0.8738,0.9289,0.9357,2.100,2.100,2.100,1.8780
1.5600,1.4334,-0.0072,1.1900,0.000,-0.000,-0.452,0.8742,0.8738,0.9286,0.9355,2.175,2.175,2.175,1.8796
1.5620,1.4371,-0.0073,1.1900,0.001,0.000,-0.453,0.8742,0.8739,0.9290,0.9356,2.250,2.250,2.250,1.8817
1.5640,1.4409,-0.0073,1.1900,0.000,0.000,-0.455,0.8741,0.8739,0.9294,0.9357,2.325,2.325,2.325,1.8848
1.5660,1.4447,-0.0074,1.1900,0.000,-0.001,-0.457,0.8741,0.8740,0.9296,0.9357,2.400,2.400,2.400,1.8879
1.5680,1.4485,-0.0074,1.1899,0.001,-0.002,-0.459,0.8741,0.8740,0.9297,0.9357,2.475,2.475,2.475,1.8907
1.5700,1.4522,-0.0075,1.1899,-0.002,-0.004,-0.460,0.8741,0.8741,0.9298,0.9354,2.550,2.550,2.550,1.8934
1.5720,1.4560,-0.0075,1.1899,-0.002,-0.007,-0.462,0.8742,0.8742,0.9298,0.9348,2.625,2.625,2.625,1.8957
1.5740,1.4598,-0.0076,1.1900,0.001,-0.001,-0.464,0.8742,0.8742,0.9297,0.9341,2.700,2.700,2.700,1.8976
1.5760,1.4636,-0.0076,1.1900,-0.000,0.002,-0.466,0.8742,0.8743,0.9307,0.9344,2.775,2.775,2.775,1.8993
1.5780,1.4674,-0.0077,1.1901,-0.001,0.003,-0.468,0.8743,0.8743,0.9316,0.9346,2.850,2.850,2.850,1.9032
1.5800,1.4712,-0.0078,1.1901,-0.001,0.004,-0.471,0.8743,0.8743,0.9324,0.9347,2.925,2.925,2.925,1.9069
1.5820,1.4751,-0.0078,1.1901,-0.001,0.003,-0.473,0.8743,0.8743,0.9331,0.9348,3.000,3.000,3.000,1.9106
1.5840,1.4789,-0.0079,1.1900,-0.000,0.000,-0.476,0.8744,0.8742,0.9338,0.9348,3.075,3.075,3.075,1.9141
1.5860,1.4827,-0.0080,1.1900,-0.000,-0.001,-0.479,0.8744,0.8742,0.9345,0.9348,3.150,3.150,3.150,1.9176
1.5880,1.4866,-0.0080,1.1900,-0.000,-0.001,-0.482,0.8745,0.8743,0.9348,0.9344,3.225,3.225,3.225,1.9209
1.5900,1.4904,-0.0081,1.1900,0.001,-0.002,-0.485,0.8745,0.8743,0.9348,0.9343,3.300,3.300,3.300,1.9235
1.5920,1.4943,-0.0082,1.1899,0.001,-0.001,-0.488,0.8746,0.8744,0.9347,0.9340,3.375,3.375,3.375,1.9261
1.5940,1.4981,-0.0082,1.1899,-0.001,-0.002,-0.491,0.8746,0.8745,0.9348,0.9335,3.450,3.450,3.450,1.9283
1.5960,1.5020,-0.0083,1.1900,-0.001,-0.002,-0.495,0.8747,0.8745,0.9347,0.9332,3.525,3.525,3.525,1.9306
1.5980,1.5058,-0.0084,1.1900,0.000,-0.000,-0.499,0.8747,0.8745,0.9350,0.9328,3.600,3.600,3.600,1.9328
1.6000,1.5097,-0.0085,1.1900,0.001,0.001,-0.503,0.8748,0.8745,0.9349,0.9325,3.675,3.675,3.675,1.9353
1.6020,1.5136,-0.0086,1.1900,0.001,-0.001,-0.507,0.8748,0.8746,0.9348,0.9322,3.750,3.750,3.750,1.9376
1.6040,1.5175,-0.0087,1.1899,0.000,-0.003,-0.512,0.8749,0.8746,0.9346,0.9318,3.825,3.825,3.825,1.9396
1.6060,1.5213,-0.0087,1.1899,0.004,-0.003,-0.516,0.8749,0.8747,0.9344,0.9314,3.900,3.900,3.900,1.9417
1.6080,1.5252,-0.0088,1.1899,0.001,-0.002,-0.521,0.8749,0.8748,0.9350,0.9309,3.975,3.975,3.975,1.9436
1.6100,1.5291,-0.0089,1.1900,0.000,-0.001,-0.525,0.8750,0.8748,0.9354,0.9310,4.050,4.050,4.050,1.9462
1.6120,1.5330,-0.0090,1.1900,-0.000,0.000,-0.530,0.8751,0.8748,0.9354,0.9308,4.125,4.125,4.125,1.9494
1.6140,1.5369,-0.0091,1.1900,-0.000,-0.000,-0.535,0.8752,0.8749,0.9354,0.9305,4.200,4.200,4.200,1.9517
1.6160,1.5408,-0.0092,1.1900,0.000,-0.000,-0.540,0.8753,0.8749,0.9352,0.9302,4.275,4.275,4.275,1.9539
1.6180,1.5447,-0.0093,1.1900,0.001,-0.001,-0.545,0.8754,0.8750,0.9352,0.9301,4.350,4.350,4.350,1.9560
1.6200,1.5487,-0.0094,1.1900,-0.001,-0.002,-0.550,0.8754,0.8751,0.9350,0.9299,4.425,4.425,4.425,1.9584
1.6220,1.5526,-0.0095,1.1899,-0.001,-0.004,-0.556,0.8755,0.8752,0.9347,0.9294,4.500,4.500,4.500,1.9606
1.6240,1.5565,-0.0096,1.1900,0.003,-0.004,-0.562,0.8755,0.8753,0.9344,0.9290,4.575,4.575,4.575,1.9624
1.6260,1.5604,-0.0097,1.1900,0.003,-0.001,-0.568,0.8755,0.8752,0.9351,0.9284,4.650,4.650,4.650,1.9641
1.6280,1.5644,-0.0098,1.1900,0.004,0.001,-0.574,0.8755,0.8752,0.9357,0.9283,4.725,4.725,4.725,1.9668
1.6300,1.5683,-0.0099,1.1900,-0.000,-0.001,-0.580,0.8755,0.8752,0.9361,0.9281,4.800,4.800,4.800,1.9698
1.6320,1.5722,-0.0100,1.1900,-0.001,-0.001,-0.586,0.8756,0.8753,0.9365,0.9278,4.875,4.875,4.875,1.9726
1.6340,1.5762,-0.0101,1.1900,-0.000,-0.001,-0.592,0.8756,0.8754,0.9365,0.9276,4.950,4.950,4.950,1.9752
1.6360,1.5801,-0.0102,1.1900,-0.001,-0.002,-0.599,0.8757,0.8755,0.9364,0.9273,5.025,5.025,5.025,1.9775
1.6380,1.5841,-0.0104,1.1899,-0.005,-0.001,-0.606,0.8757,0.8755,0.9362,0.9271,5.100,5.100,5.100,1.9795
1.6400,1.5881,-0.0105,1.1899,-0.001,-0.002,-0.613,0.8758,0.8756,0.9359,0.9267,5.175,5.175,5.175,1.9817
1.6420,1.5920,-0.0106,1.1899,-0.000,-0.002,-0.620,0.8760,0.8757,0.9362,0.9266,5.250,5.250,5.250,1.9835
1.6440,1.5960,-0.0107,1.1900,-0.000,-0.001,-0.628,0.8763,0.8758,0.9362,0.9263,5.325,5.325,5.325,1.9861
1.6460,1.6000,-0.0109,1.1900,-0.000,-0.001,-0.636,0.8764,0.8758,0.9359,0.9263,5.400,5.400,5.400,1.9882
1.6480,1.6040,-0.0110,1.1900,0.000,-0.001,-0.644,0.8766,0.8759,0.9356,0.9261,5.475,5.475,5.475,1.9902
1.6500,1.6079,-0.0111,1.1900,-0.001,-0.001,-0.651,0.8767,0.8760,0.9354,0.9259,5.550,5.550,5.550,1.9921
1.6520,1.6119,-0.0113,1.1900,-0.002,-0.002,-0.659,0.8768,0.8760,0.9351,0.9259,5.625,5.625,5.625,1.9940
1.6540,1.6159,-0.0114,1.1900,-0.000,-0.001,-0.668,0.8768,0.8761,0.9347,0.9255,5.700,5.700,5.700,1.9961
1.6560,1.6199,-0.0116,1.1900,0.000,-0.000,-0.676,0.8768,0.8762,0.9348,0.9250,5.775,5.775,5.775,1.9978
1.6580,1.6239,-0.0117,1.1900,-0.000,-0.001,-0.685,0.8768,0.8763,0.9347,0.9248,5.850,5.850,5.850,1.9998
1.6600,1.6279,-0.0119,1.1900,0.000,-0.001,-0.694,0.8768,0.8764,0.9345,0.9246,5.925,5.925,5.925,2.0017
1.6620,1.6319,-0.0120,1.1900,0.002,-0.001,-0.703,0.8770,0.8765,0.9344,0.9246,6.000,6.000,6.000,2.0036
1.6640,1.6359,-0.0122,1.1900,-0.001,-0.001,-0.711,0.8770,0.8765,0.9343,0.9245,6.075,6.075,6.075,2.0059
1.6660,1.6399,-0.0123,1.1900,-0.004,-0.003,-0.720,0.8771,0.8766,0.9343,0.9240,6.150,6.150,6.150,2.0080
1.6680,1.6439,-0.0125,1.1900,-0.007,-0.005,-0.729,0.8772,0.8767,0.9342,0.9237,6.225,6.225,6.225,2.0098
1.6700,1.6480,-0.0126,1.1900,-0.004,-0.003,-0.738,0.8772,0.8767,0.9339,0.9237,6.300,6.300,6.300,2.0117
1.6720,1.6520,-0.0128,1.1900,-0.001,0.000,-0.748,0.8772,0.8768,0.9346,0.9235,6.375,6.375,6.375,2.0139
1.6740,1.6560,-0.0130,1.1900,-0.000,-0.000,-0.757,0.8772,0.8768,0.9351,0.9233,6.450,6.450,6.450,2.0167
1.6760,1.6601,-0.0131,1.1900,0.001,0.000,-0.766,0.8772,0.8770,0.9355,0.9231,6.525,6.525,6.525,2.0193
1.6780,1.6641,-0.0133,1.1900,-0.000,-0.000,-0.775,0.8773,0.8771,0.9357,0.9232,6.600,6.600,6.600,2.0217
1.6800,1.6681,-0.0135,1.1900,-0.001,0.000,-0.785,0.8774,0.8771,0.9357,0.9230,6.675,6.675,6.675,2.0243
1.6820,1.6722,-0.0136,1.1900,0.000,-0.000,-0.795,0.8775,0.8772,0.9355,0.9228,6.750,6.750,6.750,2.0265
1.6840,1.6762,-0.0138,1.1899,-0.000,-0.002,-0.805,0.8775,0.8773,0.9354,0.9227,6.825,6.825,6.825,2.0284
1.6860,1.6803,-0.0140,1.1900,-0.002,0.000,-0.816,0.8775,0.8774,0.9352,0.9227,6.900,6.900,6.900,2.0306
1.6880,1.6844,-0.0142,1.1900,-0.000,-0.000,-0.826,0.8775,0.8774,0.9356,0.9229,6.975,6.975,6.975,2.0327
1.6900,1.6884,-0.0144,1.1900,0.000,-0.001,-0.837,0.8777,0.8775,0.9358,0.9230,7.050,7.050,7.050,2.0356
1.6920,1.6925,-0.0146,1.1900,0.000,-0.000,-0.847,0.8779,0.8776,0.9359,0.9230,7.125,7.125,7.125,2.0381
1.6940,1.6966,-0.0147,1.1900,-0.000,-0.001,-0.857,0.8781,0.8777,0.9359,0.9227,7.200,7.200,7.200,2.0405
1.6960,1.7007,-0.0149,1.1899,0.000,-0.003,-0.868,0.8782,0.8778,0.9357,0.9225,7.275,7.275,7.275,2.0425
1.6980,1.7047,-0.0151,1.1899,-0.002,-0.003,-0.878,0.8783,0.8779,0.9356,0.9222,7.350,7.350,7.350,2.0444
1.7000,1.7088,-0.0153,1.1899,-0.005,-0.005,-0.889,0.8784,0.8780,0.9354,0.9225,7.425,7.425,7.425,2.0462
1.7020,1.7129,-0.0155,1.1900,-0.002,-0.001,-0.900,0.8785,0.8781,0.9352,0.9226,7.500,7.500,7.500,2.0486
1.7040,1.7170,-0.0157,1.1900,-0.000,0.001,-0.911,0.8786,0.8782,0.9358,0.9227,7.575,7.575,7.575,2.0508
1.7060,1.7211,-0.0159,1.1900,0.000,0.001,-0.921,0.8787,0.8782,0.9362,0.9227,7.650,7.650,7.650,2.0537
1.7080,1.7252,-0.0161,1.1900,-0.000,-0.000,-0.932,0.8788,0.8784,0.9366,0.9227,7.725,7.725,7.725,2.0564
1.7100,1.7293,-0.0164,1.1900,0.000,-0.002,-0.944,0.8789,0.8785,0.9369,0.9227,7.800,7.800,7.800,2.0591
1.7120,1.7335,-0.0166,1.1899,-0.000,-0.002,-0.955,0.8790,0.8785,0.9369,0.9225,7.875,7.875,7.875,2.0617
1.7140,1.7376,-0.0168,1.1900,-0.002,-0.001,-0.967,0.8791,0.8786,0.9367,0.9223,7.950,7.950,7.950,2.0639
1.7160,1.7417,-0.0170,1.1900,-0.002,-0.002,-0.979,0.8792,0.8787,0.9368,0.9221,8.025,8.025,8.025,2.0657
1.7180,1.7458,-0.0172,1.1900,-0.005,-0.003,-0.991,0.8794,0.8788,0.9367,0.9221,8.100,8.100,8.100,2.0679
1.7200,1.7500,-0.0175,1.1900,-0.000,-0.003,-1.003,0.8796,0.8789,0.9366,0.9219,8.175,8.175,8.175,2.0701
1.7220,1.7541,-0.0177,1.1900,-0.001,-0.001,-1.016,0.8796,0.8790,0.9370,0.9216,8.250,8.250,8.250,2.0721
1.7240,1.7582,-0.0179,1.1899,-0.002,-0.000,-1.028,0.8797,0.8791,0.9372,0.9217,8.325,8.325,8.325,2.0746
1.7260,1.7624,-0.0182,1.1900,0.001,-0.002,-1.041,0.8798,0.8792,0.9373,0.9216,8.400,8.400,8.400,2.0772
1.7280,1.7665,-0.0184,1.1900,-0.002,-0.002,-1.054,0.8799,0.8793,0.9369,0.9216,8.475,8.475,8.475,2.0794
1.7300,1.7707,-0.0187,1.1900,-0.003,-0.002,-1.066,0.8801,0.8795,0.9366,0.9215,8.550,8.550,8.550,2.0811
1.7320,1.7749,-0.0189,1.1900,-0.004,-0.004,-1.078,0.8802,0.8796,0.9362,0.9214,8.625,8.625,8.625,2.0829
1.7340,1.7790,-0.0192,1.1900,-0.002,-0.002,-1.091,0.8804,0.8798,0.9357,0.9215,8.700,8.700,8.700,2.0846
1.7360,1.7832,-0.0195,1.1900,-0.000,-0.000,-1.103,0.8805,0.8799,0.9359,0.9213,8.775,8.775,8.775,2.0865
1.7380,1.7874,-0.0197,1.1900,0.000,-0.000,-1.116,0.8806,0.8800,0.9360,0.9211,8.850,8.850,8.850,2.0886
1.7400,1.7915,-0.0200,1.1900,0.000,-0.002,-1.129,0.8808,0.8801,0.9360,0.9209,8.925,8.925,8.925,2.0906
1.7420,1.7957,-0.0203,1.1899,-0.002,-0.002,-1.142,0.8809,0.8802,0.9359,0.9207,9.000,9.000,9.000,2.0925
1.7440,1.7999,-0.0205,1.1900,-0.001,-0.001,-1.156,0.8811,0.8803,0.9357,0.9209,9.075,9.075,9.075,2.0943
1.7460,1.8041,-0.0208,1.1900,0.000,-0.001,-1.170,0.8812,0.8804,0.9359,0.9208,9.150,9.150,9.150,2.0965
1.7480,1.8083,-0.0211,1.1900,-0.001,-0.000,-1.183,0.8813,0.8805,0.9359,0.9207,9.225,9.225,9.225,2.0988
1.7500,1.8124,-0.0214,1.1900,-0.001,-0.001,-1.197,0.8814,0.8806,0.9357,0.9207,9.300,9.300,9.300,2.1008
1.7520,1.8166,-0.0217,1.1900,-0.000,-0.001,-1.212,0.8816,0.8807,0.9355,0.9207,9.375,9.375,9.375,2.1029
1.7540,1.8208,-0.0219,1.1900,-0.000,-0.000,-1.227,0.8817,0.8808,0.9356,0.9210,9.450,9.450,9.450,2.1048
1.7560,1.8250,-0.0222,1.1900,-0.000,-0.001,-1.241,0.8819,0.8809,0.9356,0.9211,9.525,9.525,9.525,2.1073
1.7580,1.8293,-0.0225,1.1900,-0.000,-0.002,-1.256,0.8820,0.8810,0.9356,0.9212,9.600,9.600,9.600,2.1095
1.7600,1.8335,-0.0228,1.1899,-0.000,-0.003,-1.271,0.8822,0.8811,0.9353,0.9214,9.675,9.675,9.675,2.1116
1.7620,1.8377,-0.0231,1.1899,-0.003,-0.004,-1.286,0.8824,0.8812,0.9351,0.9216,9.750,9.750,9.750,2.1137
1.7640,1.8419,-0.0234,1.1900,-0.003,-0.000,-1.301,0.8823,0.8813,0.9347,0.9212,9.825,9.825,9.825,2.1159
1.7660,1.8461,-0.0237,1.1900,-0.000,0.001,-1.317,0.8823,0.8814,0.9351,0.9209,9.900,9.900,9.900,2.1175
1.7680,1.8504,-0.0241,1.1900,0.002,0.001,-1.333,0.8824,0.8815,0.9355,0.9205,9.975,9.975,9.975,2.1196
1.7700,1.8546,-0.0244,1.1900,0.001,0.000,-1.348,0.8825,0.8816,0.9357,0.9201,10.050,10.050,10.050,2.1215
1.7720,1.8588,-0.0247,1.1899,-0.000,0.000,-1.364,0.8826,0.8818,0.9359,0.9199,10.125,10.125,10.125,2.1234
1.7740,1.8631,-0.0250,1.1900,0.002,0.001,-1.380,0.8827,0.8819,0.9360,0.9197,10.200,10.200,10.200,2.1254
1.7760,1.8673,-0.0253,1.1900,-0.000,-0.001,-1.396,0.8831,0.8821,0.9358,0.9200,10.275,10.275,10.275,2.1273
1.7780,1.8716,-0.0256,1.1899,-0.001,-0.004,-1.412,0.8834,0.8822,0.9355,0.9201,10.350,10.350,10.350,2.1292
1.7800,1.8758,-0.0259,1.1899,-0.005,-0.005,-1.428,0.8837,0.8823,0.9352,0.9201,10.425,10.425,10.425,2.1309
1.7820,1.8801,-0.0262,1.1899,-0.010,-0.007,-1.444,0.8839,0.8824,0.9349,0.9206,10.500,10.500,10.500,2.1326
1.7840,1.8843,-0.0266,1.1900,-0.005,-0.003,-1.460,0.8840,0.8824,0.9345,0.9208,10.575,10.575,10.575,2.1349
1.7860,1.8886,-0.0269,1.1900,-0.002,0.000,-1.476,0.8842,0.8825,0.9353,0.9207,10.650,10.650,10.650,2.1371
1.7880,1.8928,-0.0272,1.1900,0.000,0.002,-1.492,0.8844,0.8825,0.9358,0.9206,10.725,10.725,10.725,2.1397
1.7900,1.8971,-0.0276,1.1900,0.000,0.001,-1.508,0.8845,0.8827,0.9363,0.9204,10.800,10.800,10.800,2.1420
1.7920,1.9014,-0.0279,1.1900,0.001,-0.000,-1.525,0.8846,0.8827,0.9368,0.9202,10.875,10.875,10.875,2.1444
1.7940,1.9057,-0.0282,1.1899,-0.001,-0.002,-1.541,0.8848,0.8828,0.9371,0.9200,10.950,10.950,10.950,2.1467
1.7960,1.9100,-0.0286,1.1899,-0.001,0.000,-1.559,0.8849,0.8829,0.9373,0.9202,11.025,11.025,11.025,2.1490
1.7980,1.9142,-0.0289,1.1899,-0.001,-0.001,-1.576,0.8851,0.8829,0.9369,0.9204,11.100,11.100,11.100,2.1515
1.8000,1.9185,-0.0293,1.1899,-0.004,-0.003,-1.594,0.8852,0.8831,0.9366,0.9205,11.175,11.175,11.175,2.1537
1.8020,1.9228,-0.0296,1.1899,-0.006,-0.006,-1.612,0.8854,0.8833,0.9362,0.9203,11.250,11.250,11.250,2.1555
1.8040,1.9271,-0.0300,1.1899,-0.001,-0.006,-1.631,0.8855,0.8835,0.9357,0.9201,11.325,11.325,11.325,2.1571
1.8060,1.9314,-0.0304,1.1900,-0.000,-0.001,-1.649,0.8856,0.8836,0.9362,0.9199,11.400,11.400,11.400,2.1585
1.8080,1.9357,-0.0308,1.1900,0.000,0.001,-1.668,0.8857,0.8837,0.9362,0.9202,11.475,11.475,11.475,2.1607
1.8100,1.9400,-0.0311,1.1900,0.002,0.001,-1.687,0.8859,0.8837,0.9362,0.9204,11.550,11.550,11.550,2.1629
1.8120,1.9444,-0.0315,1.1900,-0.000,0.000,-1.705,0.8861,0.8838,0.9361,0.9206,11.625,11.625,11.625,2.1650
1.8140,1.9487,-0.0319,1.1900,0.001,-0.002,-1.724,0.8862,0.8839,0.9360,0.9207,11.700,11.700,11.700,2.1671
1.8160,1.9530,-0.0323,1.1899,0.000,-0.002,-1.743,0.8864,0.8840,0.9360,0.9207,11.775,11.775,11.775,2.1690
1.8180,1.9573,-0.0327,1.1900,-0.000,-0.000,-1.762,0.8866,0.8840,0.9360,0.9211,11.850,11.850,11.850,2.1711
1.8200,1.9617,-0.0331,1.1900,-0.003,0.000,-1.782,0.8869,0.8842,0.9364,0.9208,11.925,11.925,11.925,2.1737
1.8220,1.9660,-0.0335,1.1901,-0.005,-0.001,-1.803,0.8871,0.8844,0.9368,0.9205,12.000,12.000,12.000,2.1762
1.8240,1.9703,-0.0339,1.1901,-0.004,-0.001,-1.824,0.8873,0.8846,0.9370,0.9202,12.075,12.075,12.075,2.1782
1.8260,1.9747,-0.0343,1.1900,-0.003,-0.001,-1.844,0.8875,0.8848,0.9369,0.9198,12.150,12.150,12.150,2.1800
1.8280,1.9790,-0.0347,1.1900,-0.000,-0.001,-1.865,0.8876,0.8850,0.9369,0.9194,12.225,12.225,12.225,2.1815
1.8300,1.9833,-0.0351,1.1900,-0.000,-0.000,-1.886,0.8879,0.8852,0.9369,0.9192,12.300,12.300,12.300,2.1830
1.8320,1.9877,-0.0356,1.1900,-0.000,-0.000,-1.907,0.8879,0.8853,0.9371,0.9193,12.375,12.375,12.375,2.1847
1.8340,1.9920,-0.0360,1.1900,-0.002,-0.001,-1.928,0.8881,0.8854,0.9371,0.9194,12.450,12.450,12.450,2.1869
1.8360,1.9964,-0.0364,1.1900,-0.000,-0.001,-1.949,0.8882,0.8855,0.9371,0.9195,12.525,12.525,12.525,2.1891
1.8380,2.0008,-0.0369,1.1900,0.000,-0.002,-1.970,0.8886,0.8855,0.9374,0.9196,12.600,12.600,12.600,2.1912
1.8400,2.0051,-0.0373,1.1900,-0.001,-0.001,-1.991,0.8889,0.8856,0.9377,0.9197,12.675,12.675,12.675,2.1937
1.8420,2.0095,-0.0378,1.1900,-0.001,-0.000,-2.011,0.8892,0.8857,0.9376,0.9201,12.750,12.750,12.750,2.1959
1.8440,2.0139,-0.0382,1.1900,-0.001,-0.001,-2.032,0.8893,0.8858,0.9375,0.9205,12.825,12.825,12.825,2.1983
1.8460,2.0182,-0.0387,1.1900,-0.003,-0.001,-2.052,0.8896,0.8859,0.9376,0.9207,12.900,12.900,12.900,2.2007
1.8480,2.0226,-0.0392,1.1900,-0.000,-0.002,-2.073,0.8897,0.8860,0.9375,0.9206,12.975,12.975,12.975,2.2029
1.8500,2.0270,-0.0396,1.1900,-0.001,-0.002,-2.094,0.8899,0.8860,0.9374,0.9204,13.050,13.050,13.050,2.2047
1.8520,2.0314,-0.0401,1.1900,-0.000,-0.002,-2.115,0.8901,0.8861,0.9372,0.9207,13.125,13.125,13.125,2.2063
1.8540,2.0358,-0.0406,1.1899,-0.004,-0.001,-2.137,0.8903,0.8863,0.9373,0.9208,13.200,13.200,13.200,2.2084
1.8560,2.0402,-0.0411,1.1899,-0.005,-0.003,-2.159,0.8905,0.8863,0.9373,0.9207,13.275,13.275,13.275,2.2105
1.8580,2.0446,-0.0416,1.1900,-0.001,-0.001,-2.181,0.8906,0.8864,0.9372,0.9209,13.350,13.350,13.350,2.2128
1.8600,2.0490,-0.0421,1.1900,0.001,0.001,-2.203,0.8908,0.8864,0.9378,0.9214,13.425,13.425,13.425,2.2149
1.8620,2.0534,-0.0426,1.1900,0.002,0.000,-2.225,0.8910,0.8865,0.9383,0.9218,13.500,13.500,13.500,2.2178
1.8640,2.0578,-0.0431,1.1900,0.000,-0.000,-2.247,0.8912,0.8866,0.9388,0.9222,13.575,13.575,13.575,2.2206
1.8660,2.0622,-0.0436,1.1900,-0.000,0.000,-2.269,0.8914,0.8866,0.9391,0.9224,13.650,13.650,13.650,2.2234
1.8680,2.0666,-0.0441,1.1900,-0.002,0.000,-2.292,0.8915,0.8867,0.9392,0.9225,13.725,13.725,13.725,2.2262
1.8700,2.0711,-0.0446,1.1899,-0.004,0.001,-2.315,0.8917,0.8868,0.9390,0.9225,13.800,13.800,13.800,2.2283
1.8720,2.0755,-0.0451,1.1899,-0.003,-0.001,-2.338,0.8918,0.8870,0.9391,0.9225,13.875,13.875,13.875,2.2302
1.8740,2.0799,-0.0456,1.1899,-0.002,-0.000,-2.362,0.8921,0.8870,0.9391,0.9226,13.950,13.950,13.950,2.2324
1.8760,2.0844,-0.0461,1.1900,-0.001,-0.001,-2.384,0.8923,0.8871,0.9389,0.9229,14.025,14.025,14.025,2.2347
1.8780,2.0888,-0.0467,1.1900,-0.001,-0.001,-2.407,0.8924,0.8872,0.9388,0.9231,14.100,14.100,14.100,2.2370
1.8800,2.0933,-0.0472,1.1900,0.000,-0.001,-2.430,0.8925,0.8873,0.9387,0.9232,14.175,14.175,14.175,2.2393
1.8820,2.0977,-0.0478,1.1900,0.000,-0.000,-2.453,0.8926,0.8873,0.9387,0.9232,14.250,14.250,14.250,2.2412
1.8840,2.1022,-0.0483,1.1900,-0.001,-0.000,-2.476,0.8928,0.8874,0.9385,0.9236,14.325,14.325,14.325,2.2431
1.8860,2.1066,-0.0489,1.1900,-0.002,-0.002,-2.499,0.8930,0.8875,0.9384,0.9238,14.400,14.400,14.400,2.2452
1.8880,2.1111,-0.0494,1.1900,-0.005,-0.002,-2.524,0.8930,0.8876,0.9381,0.9238,14.475,14.475,14.475,2.2474
1.8900,2.1155,-0.0500,1.1900,-0.001,-0.001,-2.548,0.8930,0.8877,0.9380,0.9239,14.550,14.550,14.550,2.2495
1.8920,2.1200,-0.0506,1.1900,-0.000,-0.000,-2.571,0.8932,0.8878,0.9383,0.9240,14.625,14.625,14.625,2.2516
1.8940,2.1245,-0.0511,1.1900,0.001,0.000,-2.595,0.8934,0.8878,0.9385,0.9242,14.700,14.700,14.700,2.2540
1.8960,2.1290,-0.0517,1.1900,-0.002,-0.000,-2.619,0.8936,0.8879,0.9386,0.9243,14.775,14.775,14.775,2.2564
1.8980,2.1334,-0.0523,1.1900,-0.003,-0.002,-2.644,0.8937,0.8881,0.9386,0.9246,14.850,14.850,14.850,2.2587
1.9000,2.1379,-0.0528,1.1899,-0.004,-0.004,-2.668,0.8940,0.8882,0.9385,0.9247,14.925,14.925,14.925,2.2608
1.9020,2.1424,-0.0534,1.1900,-0.000,-0.001,-2.692,0.8943,0.8883,0.9383,0.9247,15.000,15.000,15.000,2.2627
1.9040,2.1469,-0.0540,1.1900,-0.001,0.002,-2.717,0.8943,0.8884,0.9390,0.9255,15.075,15.075,15.075,2.2648
1.9060,2.1514,-0.0546,1.1900,-0.003,0.003,-2.742,0.8943,0.8885,0.9396,0.9261,15.150,15.150,15.150,2.2685
1.9080,2.1559,-0.0552,1.1900,-0.003,0.001,-2.767,0.8943,0.8886,0.9402,0.9267,15.225,15.225,15.225,2.2722
1.9100,2.1604,-0.0558,1.1900,-0.001,-0.001,-2.793,0.8945,0.8886,0.9406,0.9273,15.300,15.300,15.300,2.2755
1.9120,2.1649,-0.0564,1.1899,0.003,-0.003,-2.818,0.8947,0.8887,0.9409,0.9278,15.375,15.375,15.375,2.2786
1.9140,2.1695,-0.0571,1.1900,-0.000,0.000,-2.843,0.8949,0.8888,0.9409,0.9283,15.450,15.450,15.450,2.2813
1.9160,2.1740,-0.0577,1.1900,-0.002,0.000,-2.869,0.8951,0.8887,0.9404,0.9280,15.525,15.525,15.525,2.2839
1.9180,2.1785,-0.0583,1.1900,-0.001,-0.001,-2.895,0.8954,0.8887,0.9399,0.9276,15.600,15.600,15.600,2.2855
1.9200,2.1830,-0.0589,1.1900,-0.000,-0.001,-2.922,0.8956,0.8888,0.9395,0.9273,15.675,15.675,15.675,2.2870
1.9220,2.1876,-0.0595,1.1900,-0.001,-0.002,-2.948,0.8958,0.8888,0.9393,0.9269,15.750,15.750,15.750,2.2880
1.9240,2.1921,-0.0602,1.1900,-0.000,-0.001,-2.975,0.8960,0.8888,0.9389,0.9266,15.825,15.825,15.825,2.2893
1.9260,2.1966,-0.0608,1.1900,-0.000,-0.000,-3.003,0.8961,0.8889,0.9390,0.9267,15.900,15.900,15.900,2.2913
1.9280,2.2012,-0.0615,1.1900,-0.000,-0.000,-3.031,0.8964,0.8890,0.9387,0.9269,15.975,15.975,15.975,2.2934
1.9300,2.2057,-0.0621,1.1900,-0.000,-0.001,-3.059,0.8967,0.8890,0.9383,0.9270,16.050,16.050,16.050,2.2951
1.9320,2.2103,-0.0627,1.1900,-0.001,0.001,-3.087,0.8968,0.8891,0.9381,0.9270,16.125,16.125,16.125,2.2968
1.9340,2.2148,-0.0634,1.1900,-0.001,-0.000,-3.115,0.8970,0.8892,0.9380,0.9271,16.200,16.200,16.200,2.2985
1.9360,2.2194,-0.0641,1.1899,-0.001,-0.001,-3.143,0.8973,0.8893,0.9379,0.9272,16.275,16.275,16.275,2.3007
1.9380,2.2239,-0.0647,1.1900,-0.004,-0.003,-3.172,0.8975,0.8893,0.9378,0.9274,16.350,16.350,16.350,2.3027
1.9400,2.2285,-0.0654,1.1900,-0.005,-0.004,-3.200,0.8978,0.8894,0.9376,0.9272,16.425,16.425,16.425,2.3044
1.9420,2.2331,-0.0661,1.1900,-0.002,-0.002,-3.229,0.8981,0.8895,0.9374,0.9272,16.500,16.500,16.500,2.3061
1.9440,2.2376,-0.0667,1.1900,-0.001,0.000,-3.257,0.8982,0.8895,0.9374,0.9273,16.575,16.575,16.575,2.3082
1.9460,2.2422,-0.0674,1.1900,-0.000,-0.000,-3.285,0.8984,0.8896,0.9372,0.9273,16.650,16.650,16.650,2.3102
1.9480,2.2468,-0.0681,1.1900,-0.003,-0.002,-3.314,0.8986,0.8896,0.9371,0.9274,16.725,16.725,16.725,2.3122
1.9500,2.2513,-0.0688,1.1899,-0.004,-0.004,-3.344,0.8989,0.8897,0.9370,0.9275,16.800,16.800,16.800,2.3139
1.9520,2.2559,-0.0695,1.1900,-0.002,-0.003,-3.373,0.8990,0.8898,0.9367,0.9275,16.875,16.875,16.875,2.3160
1.9540,2.2605,-0.0702,1.1900,-0.002,-0.001,-3.403,0.8992,0.8899,0.9371,0.9277,16.950,16.950,16.950,2.3179
1.9560,2.2651,-0.0710,1.1899,-0.002,-0.000,-3.432,0.8994,0.8900,0.9371,0.9277,17.025,17.025,17.025,2.3205
1.9580,2.2697,-0.0717,1.1900,-0.001,-0.000,-3.463,0.8996,0.8900,0.9371,0.9278,17.100,17.100,17.100,2.3229
1.9600,2.2743,-0.0724,1.1900,-0.002,-0.000,-3.494,0.8999,0.8902,0.9367,0.9280,17.175,17.175,17.175,2.3256
1.9620,2.2789,-0.0732,1.1900,-0.005,-0.001,-3.526,0.9001,0.8903,0.9364,0.9280,17.250,17.250,17.250,2.3274
1.9640,2.2835,-0.0740,1.1900,-0.001,-0.001,-3.559,0.9003,0.8904,0.9360,0.9280,17.325,17.325,17.325,2.3291
1.9660,2.2881,-0.0747,1.1900,-0.000,0.000,-3.590,0.9006,0.8904,0.9361,0.9281,17.400,17.400,17.400,2.3303
1.9680,2.2927,-0.0755,1.1900,-0.000,-0.000,-3.622,0.9010,0.8904,0.9360,0.9283,17.475,17.475,17.475,2.3321
1.9700,2.2973,-0.0763,1.1900,-0.000,-0.000,-3.654,0.9012,0.8906,0.9357,0.9284,17.550,17.550,17.550,2.3342
1.9720,2.3019,-0.0770,1.1900,0.001,-0.001,-3.685,0.9014,0.8907,0.9354,0.9284,17.625,17.625,17.625,2.3356
1.9740,2.3065,-0.0778,1.1900,0.000,-0.001,-3.717,0.9016,0.8908,0.9353,0.9284,17.700,17.700,17.700,2.3371
1.9760,2.3111,-0.0786,1.1900,-0.000,-0.000,-3.749,0.9019,0.8909,0.9352,0.9287,17.775,17.775,17.775,2.3389
1.9780,2.3157,-0.0794,1.1900,-0.002,-0.001,-3.782,0.9020,0.8910,0.9350,0.9287,17.850,17.850,17.850,2.3411
1.9800,2.3203,-0.0802,1.1900,-0.001,-0.001,-3.814,0.9023,0.8911,0.9347,0.9288,17.925,17.925,17.925,2.3427
1.9820,2.3249,-0.0810,1.1900,-0.001,-0.001,-3.847,0.9025,0.8911,0.9346,0.9291,18.000,18.000,18.000,2.3446
1.9840,2.3296,-0.0818,1.1900,-0.001,-0.000,-3.881,0.9027,0.8912,0.9343,0.9290,18.075,18.075,18.075,2.3470
1.9860,2.3342,-0.0826,1.1900,-0.000,-0.000,-3.915,0.9029,0.8912,0.9340,0.9289,18.150,18.150,18.150,2.3487
1.9880,2.3388,-0.0835,1.1900,-0.001,-0.001,-3.949,0.9033,0.8913,0.9339,0.9289,18.225,18.225,18.225,2.3499
1.9900,2.3434,-0.0843,1.1899,-0.000,-0.001,-3.983,0.9035,0.8913,0.9337,0.9290,18.300,18.300,18.300,2.3514
1.9920,2.3481,-0.0851,1.1899,-0.002,0.000,-4.017,0.9037,0.8913,0.9337,0.9290,18.375,18.375,18.375,2.3531
1.9940,2.3527,-0.0860,1.1899,-0.001,-0.000,-4.051,0.9038,0.8914,0.9334,0.9292,18.450,18.450,18.450,2.3547
1.9960,2.3573,-0.0868,1.1900,0.002,0.001,-4.086,0.9043,0.8915,0.9334,0.9294,18.525,18.525,18.525,2.3571
1.9980,2.3620,-0.0877,1.1900,-0.001,-0.001,-4.120,0.9043,0.8915,0.9336,0.9299,18.600,18.600,18.600,2.3596
2.0000,2.3666,-0.0885,1.1900,-0.004,-0.003,-4.154,0.9044,0.8917,0.9337,0.9303,18.675,18.675,18.675,2.3620
2.0020,2.3713,-0.0894,1.1900,-0.004,-0.003,-4.188,0.9046,0.8918,0.9337,0.9306,18.750,18.750,18.750,2.3644
2.0040,2.3759,-0.0903,1.1900,-0.001,-0.001,-4.222,0.9047,0.8919,0.9334,0.9309,18.825,18.825,18.825,2.3666
2.0060,2.3806,-0.0912,1.1900,-0.001,-0.001,-4.255,0.9049,0.8921,0.9333,0.9309,18.900,18.900,18.900,2.3681
2.0080,2.3852,-0.0921,1.1899,-0.002,-0.002,-4.289,0.9051,0.8921,0.9332,0.9309,18.975,18.975,18.975,2.3695
2.0100,2.3899,-0.0930,1.1899,-0.004,-0.004,-4.324,0.9053,0.8922,0.9330,0.9311,19.050,19.050,19.050,2.3713
2.0120,2.3946,-0.0939,1.1899,-0.002,-0.002,-4.359,0.9057,0.8922,0.9326,0.9310,19.125,19.125,19.125,2.3733
2.0140,2.3992,-0.0948,1.1899,-0.002,-0.001,-4.394,0.9059,0.8922,0.9331,0.9312,19.200,19.200,19.200,2.3748
2.0160,2.4039,-0.0957,1.1900,-0.002,0.000,-4.430,0.9061,0.8923,0.9334,0.9313,19.275,19.275,19.275,2.3773
2.0180,2.4086,-0.0966,1.1900,-0.001,-0.001,-4.465,0.9063,0.8923,0.9334,0.9314,19.350,19.350,19.350,2.3794
2.0200,2.4132,-0.0975,1.1900,-0.001,-0.004,-4.501,0.9066,0.8923,0.9333,0.9314,19.425,19.425,19.425,2.3815
2.0220,2.4179,-0.0985,1.1900,-0.002,-0.004,-4.538,0.9070,0.8924,0.9331,0.9315,19.500,19.500,19.500,2.3834
2.0240,2.4226,-0.0994,1.1900,-0.003,-0.003,-4.575,0.9074,0.8924,0.9333,0.9314,19.575,19.575,19.575,2.3847
2.0260,2.4273,-0.1003,1.1899,-0.003,-0.003,-4.611,0.9077,0.8924,0.9335,0.9313,19.650,19.650,19.650,2.3861
2.0280,2.4319,-0.1013,1.1899,-0.000,-0.001,-4.647,0.9079,0.8924,0.9335,0.9314,19.725,19.725,19.725,2.3880
2.0300,2.4366,-0.1022,1.1900,-0.001,0.000,-4.683,0.9082,0.8925,0.9332,0.9315,19.800,19.800,19.800,2.3902
2.0320,2.4413,-0.1032,1.1899,-0.004,0.000,-4.720,0.9084,0.8925,0.9330,0.9315,19.875,19.875,19.875,2.3917
2.0340,2.4460,-0.1041,1.1899,-0.004,-0.003,-4.756,0.9086,0.8926,0.9327,0.9315,19.950,19.950,19.950,2.3931
2.0360,2.4507,-0.1051,1.1899,-0.008,-0.004,-4.793,0.9091,0.8926,0.9324,0.9316,20.025,20.025,20.025,2.3946
2.0380,2.4554,-0.1061,1.1899,-0.008,-0.006,-4.831,0.9095,0.8927,0.9320,0.9315,20.100,20.100,20.100,2.3961
2.0400,2.4601,-0.1071,1.1899,-0.009,-0.007,-4.869,0.9095,0.8928,0.9319,0.9318,20.175,20.175,20.175,2.3979
2.0420,2.4648,-0.1081,1.1900,-0.000,-0.002,-4.907,0.9097,0.8928,0.9317,0.9317,20.250,20.250,20.250,2.4003
2.0440,2.4695,-0.1091,1.1900,0.003,0.001,-4.945,0.9099,0.8928,0.9325,0.9316,20.325,20.325,20.325,2.4017
2.0460,2.4742,-0.1101,1.1900,0.004,0.003,-4.983,0.9101,0.8927,0.9331,0.9314,20.400,20.400,20.400,2.4041
2.0480,2.4789,-0.1111,1.1900,0.005,0.004,-5.022,0.9102,0.8926,0.9337,0.9312,20.475,20.475,20.475,2.4063
2.0500,2.4836,-0.1121,1.1900,-0.000,0.001,-5.061,0.9104,0.8925,0.9342,0.9310,20.550,20.550,20.550,2.4079
2.0520,2.4883,-0.1131,1.1900,-0.003,-0.003,-5.099,0.9105,0.8928,0.9347,0.9307,20.625,20.625,20.625,2.4090
2.0540,2.4930,-0.1141,1.1900,-0.001,0.001,-5.137,0.9108,0.8929,0.9352,0.9306,20.700,20.700,20.700,2.4108
2.0560,2.4977,-0.1151,1.1900,-0.001,0.001,-5.175,0.9110,0.8931,0.9347,0.9308,20.775,20.775,20.775,2.4127
2.0580,2.5024,-0.1161,1.1900,-0.002,-0.000,-5.214,0.9111,0.8932,0.9342,0.9309,20.850,20.850,20.850,2.4144
2.0600,2.5072,-0.1172,1.1899,-0.005,-0.001,-5.254,0.9113,0.8932,0.9336,0.9310,20.925,20.925,20.925,2.4158
2.0620,2.5119,-0.1182,1.1899,-0.002,-0.001,-5.293,0.9114,0.8932,0.9330,0.9309,21.000,21.000,21.000,2.4169
2.0640,2.5166,-0.1192,1.1899,-0.001,-0.001,-5.333,0.9116,0.8932,0.9329,0.9310,21.075,21.075,21.075,2.4185
2.0660,2.5213,-0.1203,1.1899,-0.004,-0.002,-5.374,0.9119,0.8933,0.9327,0.9312,21.150,21.150,21.150,2.4207
2.0680,2.5261,-0.1214,1.1899,-0.006,-0.005,-5.415,0.9121,0.8933,0.9324,0.9313,21.225,21.225,21.225,2.4229
2.0700,2.5308,-0.1225,1.1900,-0.002,0.000,-5.457,0.9125,0.8933,0.9320,0.9314,21.300,21.300,21.300,2.4250
2.0720,2.5355,-0.1235,1.1900,0.001,0.004,-5.499,0.9128,0.8932,0.9327,0.9319,21.375,21.375,21.375,2.4260
2.0740,2.5403,-0.1246,1.1900,0.002,0.005,-5.540,0.9130,0.8933,0.9333,0.9323,21.450,21.450,21.450,2.4284
2.0760,2.5450,-0.1257,1.1900,0.000,0.003,-5.582,0.9132,0.8933,0.9339,0.9326,21.525,21.525,21.525,2.4310
2.0780,2.5497,-0.1268,1.1900,-0.002,0.001,-5.624,0.9134,0.8934,0.9344,0.9329,21.600,21.600,21.600,2.4334
2.0800,2.5545,-0.1279,1.1899,-0.002,-0.000,-5.666,0.9136,0.8935,0.9347,0.9331,21.675,21.675,21.675,2.4356
2.0820,2.5592,-0.1290,1.1899,0.001,-0.004,-5.708,0.9138,0.8936,0.9350,0.9333,21.750,21.750,21.750,2.4379
2.0840,2.5640,-0.1301,1.1898,-0.001,-0.010,-5.751,0.9140,0.8937,0.9351,0.9334,21.825,21.825,21.825,2.4410
2.0860,2.5687,-0.1312,1.1897,0.002,-0.014,-5.795,0.9143,0.8937,0.9350,0.9334,21.900,21.900,21.900,2.4430
2.0880,2.5735,-0.1324,1.1899,-0.000,-0.004,-5.839,0.9144,0.8935,0.9345,0.9333,21.975,21.975,21.975,2.4449
2.0900,2.5783,-0.1335,1.1900,-0.004,0.003,-5.882,0.9147,0.8937,0.9355,0.9321,22.050,22.050,22.050,2.4463
2.0920,2.5830,-0.1347,1.1901,-0.007,0.007,-5.925,0.9151,0.8937,0.9363,0.9306,22.125,22.125,22.125,2.4487
2.0940,2.5878,-0.1359,1.1902,-0.009,0.009,-5.969,0.9153,0.8938,0.9370,0.9292,22.200,22.200,22.200,2.4501
2.0960,2.5925,-0.1370,1.1903,-0.010,0.009,-6.014,0.9157,0.8938,0.9376,0.9278,22.275,22.275,22.275,2.4508
2.0980,2.5973,-0.1382,1.1903,-0.012,0.010,-6.059,0.9160,0.8938,0.9382,0.9264,22.350,22.350,22.350,2.4512
2.1000,2.6020,-0.1394,1.1903,-0.012,0.010,-6.104,0.9162,0.8938,0.9387,0.9251,22.425,22.425,22.425,2.4517
2.1020,2.6068,-0.1406,1.1903,-0.014,0.010,-6.150,0.9165,0.8938,0.9391,0.9237,22.500,22.500,22.500,2.4524
2.1040,2.6116,-0.1418,1.1902,-0.015,0.009,-6.195,0.9167,0.8939,0.9395,0.9224,22.575,22.575,22.575,2.4527
2.1060,2.6163,-0.1430,1.1901,-0.011,0.005,-6.241,0.9168,0.8939,0.9398,0.9211,22.650,22.650,22.650,2.4533
2.1080,2.6211,-0.1442,1.1900,-0.006,-0.001,-6.288,0.9173,0.8939,0.9400,0.9198,22.725,22.725,22.725,2.4547
2.1100,2.6258,-0.1454,1.1900,-0.003,-0.002,-6.337,0.9176,0.8939,0.9401,0.9185,22.800,22.800,22.800,2.4564
2.1120,2.6306,-0.1466,1.1900,0.000,-0.001,-6.385,0.9179,0.8939,0.9397,0.9176,22.875,22.875,22.875,2.4564
2.1140,2.6354,-0.1478,1.1900,0.000,0.001,-6.434,0.9181,0.8938,0.9395,0.9171,22.950,22.950,22.950,2.4560
2.1160,2.6401,-0.1491,1.1900,-0.002,0.000,-6.483,0.9186,0.8939,0.9393,0.9168,23.025,23.025,23.025,2.4561
2.1180,2.6449,-0.1503,1.1899,-0.002,-0.000,-6.532,0.9189,0.8939,0.9391,0.9165,23.100,23.100,23.100,2.4568
2.1200,2.6496,-0.1516,1.1900,-0.001,-0.000,-6.583,0.9191,0.8938,0.9391,0.9164,23.175,23.175,23.175,2.4583
2.1220,2.6544,-0.1528,1.1900,-0.001,-0.001,-6.633,0.9196,0.8938,0.9394,0.9164,23.250,23.250,23.250,2.4594
2.1240,2.6591,-0.1541,1.1900,-0.003,-0.001,-6.683,0.9199,0.8938,0.9397,0.9164,23.325,23.325,23.325,2.4610
2.1260,2.6639,-0.1553,1.1900,-0.003,-0.002,-6.733,0.9202,0.8938,0.9398,0.9164,23.400,23.400,23.400,2.4624
2.1280,2.6686,-0.1566,1.1900,-0.004,-0.004,-6.785,0.9205,0.8939,0.9397,0.9168,23.475,23.475,23.475,2.4648
2.1300,2.6734,-0.1579,1.1900,-0.004,-0.003,-6.836,0.9210,0.8938,0.9399,0.9170,23.550,23.550,23.550,2.4667
2.1320,2.6782,-0.1592,1.1900,-0.004,-0.003,-6.887,0.9214,0.8938,0.9399,0.9171,23.625,23.625,23.625,2.4680
2.1340,2.6829,-0.1605,1.1899,-0.002,-0.001,-6.938,0.9218,0.8938,0.9399,0.9172,23.700,23.700,23.700,2.4690
2.1360,2.6877,-0.1619,1.1900,-0.001,0.000,-6.988,0.9221,0.8938,0.9398,0.9174,23.775,23.775,23.775,2.4706
2.1380,2.6925,-0.1632,1.1900,-0.003,-0.000,-7.039,0.9221,0.8937,0.9398,0.9174,23.850,23.850,23.850,2.4724
2.1400,2.6972,-0.1645,1.1900,-0.002,-0.000,-7.091,0.9223,0.8936,0.9397,0.9173,23.925,23.925,23.925,2.4756
2.1420,2.7020,-0.1659,1.1900,-0.000,-0.001,-7.143,0.9226,0.8935,0.9400,0.9173,24.000,24.000,24.000,2.4764
2.1440,2.7067,-0.1672,1.1899,-0.003,-0.001,-7.195,0.9229,0.8935,0.9401,0.9172,24.075,24.075,24.075,2.4769
2.1460,2.7115,-0.1686,1.1899,-0.004,-0.002,-7.246,0.9230,0.8936,0.9401,0.9173,24.150,24.150,24.150,2.4774
2.1480,2.7163,-0.1700,1.1899,-0.004,-0.001,-7.298,0.9232,0.8936,0.9400,0.9174,24.225,24.225,24.225,2.4794
2.1500,2.7211,-0.1713,1.1900,-0.002,0.000,-7.350,0.9236,0.8936,0.9402,0.9176,24.300,24.300,24.300,2.4822
2.1520,2.7258,-0.1727,1.1900,-0.002,-0.001,-7.403,0.9238,0.8935,0.9400,0.9178,24.375,24.375,24.375,2.4848
2.1540,2.7306,-0.1741,1.1900,0.000,0.000,-7.456,0.9241,0.8934,0.9397,0.9181,24.450,24.450,24.450,2.4854
2.1560,2.7354,-0.1755,1.1900,-0.000,-0.000,-7.508,0.9243,0.8934,0.9395,0.9182,24.525,24.525,24.525,2.4864
2.1580,2.7401,-0.1770,1.1900,0.000,0.001,-7.561,0.9245,0.8934,0.9394,0.9184,24.600,24.600,24.600,2.4874
2.1600,2.7449,-0.1784,1.1899,0.001,0.001,-7.614,0.9247,0.8934,0.9394,0.9186,24.675,24.675,24.675,2.4886
2.1620,2.7497,-0.1798,1.1899,0.001,0.002,-7.667,0.9250,0.8934,0.9392,0.9188,24.750,24.750,24.750,2.4906
2.1640,2.7545,-0.1812,1.1900,-0.002,-0.000,-7.720,0.9251,0.8934,0.9391,0.9192,24.825,24.825,24.825,2.4929
2.1660,2.7592,-0.1827,1.1900,-0.004,-0.002,-7.774,0.9255,0.8932,0.9391,0.9194,24.900,24.900,24.900,2.4947
2.1680,2.7640,-0.1841,1.1900,-0.004,-0.002,-7.828,0.9258,0.8930,0.9388,0.9195,24.975,24.975,24.975,2.4966
2.1700,2.7688,-0.1856,1.1900,-0.003,-0.001,-7.883,0.9260,0.8928,0.9389,0.9198,25.050,25.050,25.050,2.4981
2.1720,2.7735,-0.1871,1.1900,-0.001,-0.000,-7.937,0.9262,0.8926,0.9387,0.9200,25.125,25.125,25.125,2.4997
2.1740,2.7783,-0.1886,1.1900,-0.002,-0.000,-7.992,0.9265,0.8924,0.9385,0.9202,25.200,25.200,25.200,2.5009
2.1760,2.7831,-0.1901,1.1899,0.000,0.001,-8.046,0.9266,0.8924,0.9385,0.9204,25.275,25.275,25.275,2.5016
2.1780,2.7879,-0.1915,1.1900,-0.001,-0.000,-8.100,0.9269,0.8923,0.9382,0.9208,25.350,25.350,25.350,2.5028
2.1800,2.7927,-0.1930,1.1900,-0.002,-0.001,-8.155,0.9270,0.8925,0.9381,0.9209,25.425,25.425,25.425,2.5043
2.1820,2.7974,-0.1945,1.1900,-0.004,-0.002,-8.209,0.9272,0.8926,0.9380,0.9211,25.500,25.500,25.500,2.5060
2.1840,2.8022,-0.1961,1.1899,-0.005,-0.001,-8.264,0.9275,0.8927,0.9377,0.9213,25.575,25.575,25.575,2.5071
2.1860,2.8070,-0.1976,1.1899,-0.001,0.001,-8.319,0.9277,0.8929,0.9379,0.9216,25.650,25.650,25.650,2.5083
2.1880,2.8118,-0.1991,1.1899,-0.004,0.002,-8.375,0.9279,0.8929,0.9378,0.9219,25.725,25.725,25.725,2.5109
2.1900,2.8166,-0.2006,1.1899,-0.004,0.001,-8.431,0.9280,0.8929,0.9378,0.9221,25.800,25.800,25.800,2.5130
2.1920,2.8214,-0.2022,1.1900,-0.002,0.000,-8.487,0.9285,0.8930,0.9375,0.9223,25.875,25.875,25.875,2.5147
2.1940,2.8261,-0.2038,1.1900,-0.001,-0.000,-8.543,0.9289,0.8930,0.9375,0.9224,25.950,25.950,25.950,2.5148
2.1960,2.8309,-0.2053,1.1900,-0.002,-0.001,-8.599,0.9292,0.8929,0.9375,0.9226,26.025,26.025,26.025,2.5158
2.1980,2.8357,-0.2069,1.1900,-0.001,-0.000,-8.656,0.9294,0.8929,0.9373,0.9230,26.100,26.100,26.100,2.5168
2.2000,2.8405,-0.2084,1.1900,-0.002,0.000,-8.712,0.9295,0.8929,0.9375,0.9233,26.175,26.175,26.175,2.5192
2.2020,2.8453,-0.2100,1.1900,-0.002,0.000,-8.769,0.9297,0.8928,0.9375,0.9237,26.250,26.250,26.250,2.5213
2.2040,2.8501,-0.2116,1.1900,-0.002,-0.000,-8.826,0.9299,0.8928,0.9373,0.9239,26.325,26.325,26.325,2.5230
2.2060,2.8549,-0.2132,1.1900,-0.002,-0.000,-8.884,0.9301,0.8928,0.9373,0.9242,26.400,26.400,26.400,2.5247
2.2080,2.8596,-0.2148,1.1900,-0.002,0.000,-8.942,0.9303,0.8928,0.9369,0.9246,26.475,26.475,26.475,2.5272
2.2100,2.8644,-0.2165,1.1899,-0.006,-0.000,-9.000,0.9306,0.8927,0.9368,0.9248,26.550,26.550,26.550,2.5287
2.2120,2.8692,-0.2181,1.1899,-0.005,0.002,-9.058,0.9309,0.8927,0.9366,0.9251,26.625,26.625,26.625,2.5290
2.2140,2.8740,-0.2197,1.1899,-0.002,0.002,-9.115,0.9311,0.8927,0.9369,0.9253,26.700,26.700,26.700,2.5302
2.2160,2.8788,-0.2214,1.1899,-0.001,0.002,-9.173,0.9311,0.8928,0.9369,0.9255,26.775,26.775,26.775,2.5328
2.2180,2.8836,-0.2230,1.1900,0.000,-0.000,-9.232,0.9311,0.8929,0.9366,0.9259,26.850,26.850,26.850,2.5350
2.2200,2.8884,-0.2247,1.1900,-0.000,-0.001,-9.290,0.9315,0.8928,0.9367,0.9262,26.925,26.925,26.925,2.5364
2.2220,2.8932,-0.2264,1.1900,-0.001,0.000,-9.348,0.9317,0.8927,0.9365,0.9263,27.000,27.000,27.000,2.5378
2.2240,2.8980,-0.2280,1.1900,-0.001,0.000,-9.406,0.9319,0.8926,0.9365,0.9265,27.075,27.075,27.075,2.5388
2.2260,2.9028,-0.2297,1.1900,-0.001,-0.000,-9.464,0.9320,0.8925,0.9363,0.9266,27.150,27.150,27.150,2.5401
2.2280,2.9076,-0.2314,1.1900,-0.002,-0.000,-9.522,0.9321,0.8926,0.9362,0.9268,27.225,27.225,27.225,2.5411
2.2300,2.9124,-0.2331,1.1899,-0.005,-0.002,-9.580,0.9323,0.8926,0.9361,0.9269,27.300,27.300,27.300,2.5433
2.2320,2.9172,-0.2348,1.1899,-0.003,-0.003,-9.639,0.9325,0.8926,0.9357,0.9273,27.375,27.375,27.375,2.5450
2.2340,2.9220,-0.2365,1.1900,-0.004,-0.002,-9.700,0.9329,0.8926,0.9358,0.9275,27.450,27.450,27.450,2.5480
2.2360,2.9267,-0.2383,1.1900,-0.004,0.001,-9.761,0.9331,0.8926,0.9356,0.9279,27.525,27.525,27.525,2.5503
2.2380,2.9315,-0.2400,1.1900,-0.002,0.001,-9.822,0.9333,0.8926,0.9355,0.9281,27.600,27.600,27.600,2.5518
2.2400,2.9363,-0.2418,1.1900,-0.002,-0.001,-9.884,0.9338,0.8925,0.9352,0.9283,27.675,27.675,27.675,2.5537
2.2420,2.9411,-0.2436,1.1900,-0.003,-0.001,-9.947,0.9341,0.8924,0.9349,0.9285,27.750,27.750,27.750,2.5560
2.2440,2.9459,-0.2454,1.1900,-0.002,-0.001,-10.010,0.9345,0.8923,0.9349,0.9287,27.825,27.825,27.825,2.5572
2.2460,2.9507,-0.2472,1.1899,-0.002,-0.000,-10.072,0.9348,0.8922,0.9346,0.9290,27.900,27.900,27.900,2.5581
2.2480,2.9555,-0.2490,1.1899,-0.003,-0.001,-10.135,0.9351,0.8921,0.9342,0.9292,27.975,27.975,27.975,2.5587
2.2500,2.9603,-0.2508,1.1899,-0.003,0.000,-10.197,0.9354,0.8921,0.9337,0.9296,28.050,28.050,28.050,2.5593
2.2520,2.9651,-0.2526,1.1899,-0.004,0.003,-10.260,0.9358,0.8920,0.9339,0.9298,28.125,28.125,28.125,2.5620
2.2540,2.9699,-0.2544,1.1900,-0.002,0.001,-10.323,0.9361,0.8920,0.9336,0.9298,28.200,28.200,28.200,2.5635
2.2560,2.9747,-0.2563,1.1900,-0.004,-0.000,-10.387,0.9364,0.8920,0.9334,0.9299,28.275,28.275,28.275,2.5657
2.2580,2.9794,-0.2581,1.1900,-0.005,-0.001,-10.452,0.9366,0.8918,0.9331,0.9299,28.350,28.350,28.350,2.5679
2.2600,2.9842,-0.2600,1.1900,-0.003,-0.001,-10.518,0.9370,0.8917,0.9332,0.9299,28.425,28.425,28.425,2.5685
2.2620,2.9890,-0.2619,1.1900,-0.001,-0.000,-10.583,0.9373,0.8916,0.9330,0.9299,28.500,28.500,28.500,2.5691
2.2640,2.9938,-0.2638,1.1899,0.002,0.002,-10.647,0.9375,0.8914,0.9328,0.9298,28.575,28.575,28.575,2.5693
2.2660,2.9986,-0.2656,1.1899,-0.001,-0.000,-10.711,0.9379,0.8913,0.9326,0.9300,28.650,28.650,28.650,2.5694
2.2680,3.0034,-0.2675,1.1900,-0.001,-0.000,-10.774,0.9382,0.8915,0.9327,0.9302,28.725,28.725,28.725,2.5692
2.2700,3.0082,-0.2694,1.1900,-0.002,-0.000,-10.837,0.9386,0.8915,0.9322,0.9307,28.800,28.800,28.800,2.5711
2.2720,3.0129,-0.2712,1.1900,-0.001,0.000,-10.900,0.9390,0.8915,0.9319,0.9311,28.875,28.875,28.875,2.5734
2.2740,3.0177,-0.2731,1.1900,-0.001,0.001,-10.964,0.9392,0.8916,0.9318,0.9314,28.950,28.950,28.950,2.5741
2.2760,3.0225,-0.2751,1.1899,0.001,0.001,-11.028,0.9394,0.8916,0.9318,0.9317,29.025,29.025,29.025,2.5754
2.2780,3.0273,-0.2770,1.1899,0.001,-0.002,-11.091,0.9397,0.8915,0.9317,0.9319,29.100,29.100,29.100,2.5766
2.2800,3.0321,-0.2789,1.1899,-0.003,-0.002,-11.155,0.9399,0.8914,0.9314,0.9320,29.175,29.175,29.175,2.5785
2.2820,3.0369,-0.2808,1.1900,-0.002,-0.000,-11.221,0.9401,0.8912,0.9315,0.9324,29.250,29.250,29.250,2.5813
2.2840,3.0416,-0.2828,1.1900,-0.003,0.001,-11.286,0.9404,0.8912,0.9311,0.9327,29.325,29.325,29.325,2.5831
2.2860,3.0464,-0.2848,1.1900,-0.002,0.000,-11.352,0.9407,0.8911,0.9308,0.9329,29.400,29.400,29.400,2.5843
2.2880,3.0512,-0.2867,1.1900,-0.001,-0.000,-11.417,0.9410,0.8911,0.9304,0.9330,29.475,29.475,29.475,2.5849
2.2900,3.0560,-0.2887,1.1900,-0.001,-0.000,-11.483,0.9413,0.8911,0.9302,0.9331,29.550,29.550,29.550,2.5863
2.2920,3.0608,-0.2907,1.1900,-0.001,-0.000,-11.549,0.9417,0.8912,0.9304,0.9334,29.625,29.625,29.625,2.5868
2.2940,3.0655,-0.2927,1.1900,-0.001,-0.000,-11.615,0.9420,0.8912,0.9303,0.9336,29.700,29.700,29.700,2.5880
2.2960,3.0703,-0.2947,1.1900,-0.000,-0.001,-11.681,0.9422,0.8911,0.9302,0.9338,29.775,29.775,29.775,2.5894
2.2980,3.0751,-0.2967,1.1899,0.000,-0.002,-11.747,0.9426,0.8912,0.9303,0.9339,29.850,29.850,29.850,2.5903
2.3000,3.0799,-0.2987,1.1899,-0.003,0.000,-11.813,0.9429,0.8913,0.9303,0.9340,29.925,29.925,29.925,2.5912
2.3020,3.0847,-0.3007,1.1900,-0.002,0.001,-11.880,0.9431,0.8912,0.9298,0.9346,30.000,30.000,30.000,2.5929
2.3040,3.0894,-0.3027,1.1900,-0.003,0.002,-11.947,0.9437,0.8912,0.9295,0.9351,30.000,30.000,30.000,2.5945
2.3060,3.0942,-0.3048,1.1900,-0.004,0.002,-12.014,0.9441,0.8911,0.9292,0.9356,30.000,30.000,30.000,2.5956
2.3080,3.0990,-0.3068,1.1900,-0.003,0.001,-12.081,0.9444,0.8911,0.9289,0.9360,30.000,30.000,30.000,2.5966
2.3100,3.1038,-0.3089,1.1900,-0.000,-0.000,-12.149,0.9448,0.8911,0.9286,0.9364,30.000,30.000,30.000,2.5985
2.3120,3.1085,-0.3109,1.1900,-0.001,-0.001,-12.217,0.9451,0.8911,0.9286,0.9366,30.000,30.000,30.000,2.5993
2.3140,3.1133,-0.3130,1.1899,-0.003,-0.001,-12.284,0.9454,0.8911,0.9285,0.9370,30.000,30.000,30.000,2.6005
2.3160,3.1181,-0.3151,1.1899,-0.006,-0.003,-12.352,0.9458,0.8911,0.9283,0.9371,30.000,30.000,30.000,2.6020
2.3180,3.1228,-0.3172,1.1899,-0.004,0.000,-12.421,0.9462,0.8911,0.9281,0.9376,30.000,30.000,30.000,2.6044
2.3200,3.1276,-0.3193,1.1900,-0.006,0.004,-12.490,0.9468,0.8910,0.9286,0.9378,30.000,30.000,30.000,2.6065
2.3220,3.1324,-0.3214,1.1900,-0.004,0.003,-12.559,0.9472,0.8911,0.9288,0.9379,30.000,30.000,30.000,2.6069
2.3240,3.1371,-0.3235,1.1900,-0.004,0.002,-12.628,0.9474,0.8910,0.9289,0.9379,30.000,30.000,30.000,2.6085
2.3260,3.1419,-0.3257,1.1900,-0.005,0.001,-12.698,0.9475,0.8910,0.9289,0.9379,30.000,30.000,30.000,2.6106
2.3280,3.1466,-0.3278,1.1900,-0.004,0.000,-12.768,0.9477,0.8909,0.9288,0.9379,30.000,30.000,30.000,2.6113
2.3300,3.1514,-0.3300,1.1900,0.001,-0.001,-12.837,0.9479,0.8908,0.9288,0.9378,30.000,30.000,30.000,2.6123
2.3320,3.1562,-0.3321,1.1899,0.004,-0.003,-12.905,0.9482,0.8909,0.9285,0.9376,30.000,30.000,30.000,2.6125
2.3340,3.1609,-0.3343,1.1899,0.002,-0.002,-12.974,0.9484,0.8907,0.9284,0.9374,30.000,30.000,30.000,2.6127
2.3360,3.1657,-0.3364,1.1899,-0.000,-0.000,-13.042,0.9486,0.8907,0.9285,0.9377,30.000,30.000,30.000,2.6124
2.3380,3.1705,-0.3386,1.1900,-0.002,0.001,-13.110,0.9488,0.8906,0.9285,0.9378,30.000,30.000,30.000,2.6137
2.3400,3.1752,-0.3407,1.1900,-0.002,0.001,-13.177,0.9488,0.8909,0.9289,0.9378,30.000,30.000,30.000,2.6134
2.3420,3.1800,-0.3429,1.1900,-0.002,0.000,-13.243,0.9490,0.8912,0.9292,0.9377,30.000,30.000,30.000,2.6149
2.3440,3.1847,-0.3451,1.1900,-0.001,-0.000,-13.310,0.9491,0.8914,0.9295,0.9376,30.000,30.000,30.000,2.6162
2.3460,3.1895,-0.3472,1.1900,-0.001,0.000,-13.378,0.9492,0.8916,0.9296,0.9376,30.000,30.000,30.000,2.6182
2.3480,3.1943,-0.3494,1.1900,-0.001,0.000,-13.446,0.9494,0.8917,0.9293,0.9377,30.000,30.000,30.000,2.6199
2.3500,3.1990,-0.3516,1.1900,-0.001,0.001,-13.515,0.9495,0.8918,0.9291,0.9378,30.000,30.000,30.000,2.6209
2.3520,3.2038,-0.3539,1.1900,-0.001,0.000,-13.583,0.9497,0.8918,0.9290,0.9378,30.000,30.000,30.000,2.6222
2.3540,3.2085,-0.3561,1.1899,-0.003,0.000,-13.653,0.9500,0.8918,0.9291,0.9379,30.000,30.000,30.000,2.6232
2.3560,3.2133,-0.3583,1.1899,-0.007,-0.000,-13.722,0.9501,0.8918,0.9290,0.9380,30.000,30.000,30.000,2.6240
2.3580,3.2180,-0.3605,1.1899,-0.005,0.003,-13.791,0.9503,0.8917,0.9289,0.9381,30.000,30.000,30.000,2.6253
2.3600,3.2228,-0.3628,1.1900,-0.005,0.003,-13.860,0.9502,0.8918,0.9298,0.9381,30.000,30.000,30.000,2.6260
2.3620,3.2275,-0.3650,1.1900,-0.005,0.002,-13.929,0.9503,0.8918,0.9306,0.9381,30.000,30.000,30.000,2.6294
2.3640,3.2323,-0.3673,1.1900,-0.005,0.001,-14.000,0.9505,0.8918,0.9311,0.9380,30.000,30.000,30.000,2.6321
2.3660,3.2370,-0.3696,1.1900,-0.001,0.001,-14.072,0.9507,0.8917,0.9315,0.9379,30.000,30.000,30.000,2.6353
2.3680,3.2418,-0.3719,1.1900,-0.000,-0.000,-14.143,0.9510,0.8916,0.9315,0.9378,30.000,30.000,30.000,2.6362
2.3700,3.2465,-0.3742,1.1900,-0.001,-0.000,-14.215,0.9512,0.8916,0.9315,0.9377,30.000,30.000,30.000,2.6365
2.3720,3.2513,-0.3765,1.1899,-0.001,-0.000,-14.286,0.9513,0.8917,0.9316,0.9377,30.000,30.000,30.000,2.6367
2.3740,3.2560,-0.3788,1.1899,0.000,0.001,-14.357,0.9514,0.8917,0.9316,0.9377,30.000,30.000,30.000,2.6380
2.3760,3.2607,-0.3811,1.1899,-0.001,0.002,-14.427,0.9515,0.8917,0.9318,0.9377,30.000,30.000,30.000,2.6395
2.3780,3.2655,-0.3835,1.1899,-0.002,0.001,-14.499,0.9517,0.8917,0.9318,0.9376,30.000,30.000,30.000,2.6413
2.3800,3.2702,-0.3858,1.1899,-0.004,0.001,-14.571,0.9521,0.8916,0.9316,0.9377,30.000,30.000,30.000,2.6441
2.3820,3.2749,-0.3882,1.1900,-0.002,0.001,-14.645,0.9525,0.8915,0.9318,0.9377,30.000,30.000,30.000,2.6474
2.3840,3.2797,-0.3906,1.1900,-0.002,-0.000,-14.720,0.9526,0.8914,0.9315,0.9376,30.000,30.000,30.000,2.6491
2.3860,3.2844,-0.3930,1.1900,-0.002,-0.001,-14.794,0.9527,0.8913,0.9312,0.9375,30.000,30.000,30.000,2.6495
2.3880,3.2891,-0.3954,1.1900,-0.000,-0.000,-14.868,0.9528,0.8912,0.9309,0.9373,30.000,30.000,30.000,2.6496
2.3900,3.2938,-0.3978,1.1900,-0.001,-0.000,-14.942,0.9529,0.8911,0.9307,0.9371,30.000,30.000,30.000,2.6493
2.3920,3.2986,-0.4002,1.1899,0.001,0.001,-15.015,0.9529,0.8912,0.9307,0.9371,30.000,30.000,30.000,2.6488
2.3940,3.3033,-0.4026,1.1899,-0.005,-0.002,-15.086,0.9530,0.8912,0.9306,0.9371,30.000,30.000,30.000,2.6485
2.3960,3.3080,-0.4050,1.1900,-0.002,-0.000,-15.159,0.9532,0.8910,0.9304,0.9374,30.000,30.000,30.000,2.6507
2.3980,3.3127,-0.4074,1.1900,-0.002,0.000,-15.233,0.9534,0.8907,0.9310,0.9375,30.000,30.000,30.000,2.6547
2.4000,3.3175,-0.4099,1.1900,-0.002,0.001,-15.307,0.9536,0.8904,0.9315,0.9377,30.000,30.000,30.000,2.6555
2.4020,3.3222,-0.4123,1.1900,-0.001,0.000,-15.381,0.9537,0.8902,0.9318,0.9377,30.000,30.000,30.000,2.6569
2.4040,3.3269,-0.4148,1.1900,-0.000,-0.001,-15.454,0.9539,0.8900,0.9319,0.9377,30.000,30.000,30.000,2.6578
2.4060,3.3316,-0.4172,1.1899,-0.001,-0.001,-15.528,0.9541,0.8899,0.9318,0.9376,30.000,30.000,30.000,2.6585
2.4080,3.3363,-0.4197,1.1900,-0.001,-0.000,-15.600,0.9542,0.8899,0.9320,0.9379,30.000,30.000,30.000,2.6592
2.4100,3.3411,-0.4221,1.1900,-0.002,0.000,-15.673,0.9543,0.8898,0.9317,0.9379,30.000,30.000,30.000,2.6611
2.4120,3.3458,-0.4246,1.1900,-0.001,0.000,-15.746,0.9544,0.8897,0.9316,0.9379,30.000,30.000,30.000,2.6631
2.4140,3.3505,-0.4271,1.1900,-0.001,0.000,-15.819,0.9546,0.8897,0.9317,0.9378,30.000,30.000,30.000,2.6640
2.4160,3.3552,-0.4296,1.1900,-0.002,-0.000,-15.893,0.9547,0.8896,0.9316,0.9377,30.000,30.000,30.000,2.6650
2.4180,3.3599,-0.4321,1.1899,-0.002,-0.000,-15.966,0.9548,0.8896,0.9315,0.9376,30.000,30.000,30.000,2.6659
2.4200,3.3646,-0.4346,1.1899,-0.003,-0.000,-16.040,0.9549,0.8895,0.9312,0.9376,30.000,30.000,30.000,2.6672
2.4220,3.3693,-0.4371,1.1899,-0.003,0.001,-16.113,0.9551,0.8895,0.9312,0.9376,30.000,30.000,30.000,2.6683
2.4240,3.3740,-0.4396,1.1900,-0.003,0.000,-16.187,0.9552,0.8894,0.9313,0.9377,30.000,30.000,30.000,2.6709
2.4260,3.3787,-0.4422,1.1900,-0.001,-0.001,-16.261,0.9555,0.8894,0.9311,0.9377,30.000,30.000,30.000,2.6723
2.4280,3.3834,-0.4447,1.1900,-0.002,-0.002,-16.336,0.9558,0.8894,0.9310,0.9377,30.000,30.000,30.000,2.6737
2.4300,3.3881,-0.4473,1.1900,-0.000,0.000,-16.411,0.9560,0.8894,0.9308,0.9378,30.000,30.000,30.000,2.6751
2.4320,3.3928,-0.4499,1.1900,-0.002,0.001,-16.486,0.9563,0.8894,0.9311,0.9380,30.000,30.000,30.000,2.6757
2.4340,3.3975,-0.4525,1.1899,-0.003,0.002,-16.561,0.9565,0.8893,0.9313,0.9382,30.000,30.000,30.000,2.6768
2.4360,3.4022,-0.4551,1.1899,-0.004,0.001,-16.636,0.9567,0.8892,0.9312,0.9383,30.000,30.000,30.000,2.6785
2.4380,3.4069,-0.4577,1.1900,-0.001,-0.000,-16.711,0.9570,0.8892,0.9310,0.9383,30.000,30.000,30.000,2.6800
2.4400,3.4115,-0.4603,1.1900,-0.002,-0.001,-16.787,0.9572,0.8891,0.9311,0.9384,30.000,30.000,30.000,2.6821
2.4420,3.4162,-0.4629,1.1900,-0.002,-0.001,-16.864,0.9574,0.8889,0.9311,0.9385,30.000,30.000,30.000,2.6837
2.4440,3.4209,-0.4655,1.1900,-0.001,-0.000,-16.940,0.9575,0.8887,0.9309,0.9385,30.000,30.000,30.000,2.6845
2.4460,3.4256,-0.4682,1.1900,-0.001,-0.000,-17.016,0.9577,0.8886,0.9309,0.9385,30.000,30.000,30.000,2.6848
2.4480,3.4302,-0.4708,1.1900,0.001,0.000,-17.091,0.9578,0.8886,0.9307,0.9387,30.000,30.000,30.000,2.6849
2.4500,3.4349,-0.4735,1.1900,-0.002,0.001,-17.165,0.9580,0.8885,0.9304,0.9387,30.000,30.000,30.000,2.6851
2.4520,3.4396,-0.4761,1.1900,-0.007,0.001,-17.241,0.9580,0.8883,0.9306,0.9390,30.000,30.000,30.000,2.6863
2.4540,3.4443,-0.4788,1.1900,-0.002,0.001,-17.316,0.9580,0.8880,0.9307,0.9391,30.000,30.000,30.000,2.6884
2.4560,3.4489,-0.4814,1.1900,-0.002,0.000,-17.391,0.9583,0.8878,0.9302,0.9393,30.000,30.000,30.000,2.6903
2.4580,3.4536,-0.4841,1.1900,-0.001,-0.000,-17.467,0.9585,0.8877,0.9298,0.9393,30.000,30.000,30.000,2.6910
2.4600,3.4583,-0.4868,1.1899,0.000,0.001,-17.542,0.9585,0.8876,0.9295,0.9394,30.000,30.000,30.000,2.6913
2.4620,3.4629,-0.4895,1.1899,0.000,0.004,-17.617,0.9586,0.8875,0.9294,0.9396,30.000,30.000,30.000,2.6920
2.4640,3.4676,-0.4922,1.1899,-0.003,0.002,-17.691,0.9585,0.8874,0.9292,0.9397,30.000,30.000,30.000,2.6925
2.4660,3.4723,-0.4949,1.1900,-0.001,-0.000,-17.765,0.9586,0.8877,0.9289,0.9398,30.000,30.000,30.000,2.6935
2.4680,3.4769,-0.4976,1.1900,-0.002,0.000,-17.840,0.9586,0.8879,0.9290,0.9399,30.000,30.000,30.000,2.6969
2.4700,3.4816,-0.5003,1.1900,-0.002,-0.000,-17.914,0.9587,0.8881,0.9287,0.9400,30.000,30.000,30.000,2.6971
2.4720,3.4863,-0.5030,1.1900,-0.002,0.001,-17.988,0.9587,0.8883,0.9282,0.9401,30.000,30.000,30.000,2.6972
2.4740,3.4909,-0.5057,1.1899,-0.001,0.003,-18.062,0.9587,0.8885,0.9280,0.9402,30.000,30.000,30.000,2.6974
2.4760,3.4956,-0.5085,1.1899,-0.003,0.002,-18.136,0.9586,0.8886,0.9279,0.9403,30.000,30.000,30.000,2.6976
2.4780,3.5002,-0.5112,1.1899,-0.002,0.001,-18.210,0.9584,0.8885,0.9275,0.9404,30.000,30.000,30.000,2.6989
2.4800,3.5049,-0.5140,1.1900,-0.002,0.000,-18.285,0.9585,0.8884,0.9275,0.9404,30.000,30.000,30.000,2.7021
2.4820,3.5095,-0.5167,1.1900,-0.002,-0.000,-18.360,0.9584,0.8884,0.9271,0.9406,30.000,30.000,30.000,2.7026
2.4840,3.5142,-0.5195,1.1900,-0.000,0.000,-18.435,0.9583,0.8884,0.9268,0.9408,30.000,30.000,30.000,2.7040
2.4860,3.5188,-0.5223,1.1900,-0.001,-0.000,-18.510,0.9581,0.8883,0.9266,0.9409,30.000,30.000,30.000,2.7044
2.4880,3.5234,-0.5251,1.1899,-0.001,-0.000,-18.585,0.9580,0.8882,0.9263,0.9410,30.000,30.000,30.000,2.7052
2.4900,3.5281,-0.5278,1.1899,-0.002,-0.001,-18.659,0.9577,0.8881,0.9261,0.9410,30.000,30.000,30.000,2.7058
2.4920,3.5327,-0.5306,1.1899,-0.002,-0.000,-18.733,0.9575,0.8880,0.9259,0.9412,30.000,30.000,30.000,2.7073
2.4940,3.5374,-0.5334,1.1900,-0.001,-0.000,-18.807,0.9575,0.8881,0.9264,0.9416,30.000,30.000,30.000,2.7083
2.4960,3.5420,-0.5362,1.1900,-0.002,0.000,-18.881,0.9573,0.8882,0.9266,0.9419,30.000,30.000,30.000,2.7110
2.4980,3.5467,-0.5390,1.1900,-0.001,0.000,-18.956,0.9571,0.8883,0.9268,0.9421,30.000,30.000,30.000,2.7126
2.5000,3.5513,-0.5418,1.1900,0.001,0.001,-19.030,0.9569,0.8884,0.9268,0.9423,30.000,30.000,30.000,2.7143
2.5020,3.5559,-0.5447,1.1899,-0.003,-0.001,-19.105,0.9568,0.8885,0.9267,0.9423,30.000,30.000,30.000,2.7150
2.5040,3.5606,-0.5475,1.1900,-0.001,-0.001,-19.180,0.9567,0.8883,0.9264,0.9424,30.000,30.000,30.000,2.7173
2.5060,3.5652,-0.5503,1.1899,-0.002,-0.001,-19.255,0.9566,0.8882,0.9266,0.9425,30.000,30.000,30.000,2.7192
2.5080,3.5698,-0.5532,1.1899,-0.005,-0.002,-19.331,0.9564,0.8882,0.9268,0.9424,30.000,30.000,30.000,2.7217
2.5100,3.5745,-0.5561,1.1899,-0.002,-0.001,-19.408,0.9563,0.8880,0.9268,0.9425,30.000,30.000,30.000,2.7236
2.5120,3.5791,-0.5589,1.1899,-0.002,-0.001,-19.484,0.9563,0.8879,0.9263,0.9425,30.000,30.000,30.000,2.7260
2.5140,3.5837,-0.5618,1.1900,-0.004,-0.001,-19.561,0.9563,0.8879,0.9260,0.9425,30.000,30.000,30.000,2.7267
2.5160,3.5883,-0.5647,1.1900,-0.003,-0.000,-19.638,0.9562,0.8879,0.9256,0.9425,30.000,30.000,30.000,2.7280
2.5180,3.5930,-0.5677,1.1899,-0.001,0.002,-19.715,0.9562,0.8879,0.9256,0.9423,30.000,30.000,30.000,2.7295
2.5200,3.5976,-0.5706,1.1899,-0.001,0.001,-19.792,0.9561,0.8878,0.9254,0.9422,30.000,30.000,30.000,2.7306
2.5220,3.6022,-0.5735,1.1899,-0.003,0.001,-19.870,0.9562,0.8877,0.9252,0.9421,30.000,30.000,30.000,2.7315
2.5240,3.6068,-0.5764,1.1899,-0.003,0.000,-19.947,0.9560,0.8876,0.9251,0.9421,30.000,30.000,30.000,2.7324
2.5260,3.6114,-0.5794,1.1899,-0.003,0.000,-20.024,0.9560,0.8876,0.9248,0.9419,30.000,30.000,30.000,2.7335
2.5280,3.6160,-0.5823,1.1899,-0.002,0.000,-20.102,0.9559,0.8875,0.9248,0.9418,30.000,30.000,30.000,2.7348
2.5300,3.6206,-0.5853,1.1900,-0.003,0.000,-20.180,0.9559,0.8874,0.9244,0.9418,30.000,30.000,30.000,2.7376
2.5320,3.6252,-0.5883,1.1900,-0.003,0.001,-20.257,0.9560,0.8873,0.9245,0.9419,30.000,30.000,30.000,2.7381
2.5340,3.6298,-0.5913,1.1900,-0.002,0.001,-20.335,0.9560,0.8873,0.9244,0.9418,30.000,30.000,30.000,2.7396
2.5360,3.6344,-0.5942,1.1900,-0.001,0.001,-20.413,0.9559,0.8872,0.9242,0.9417,30.000,30.000,30.000,2.7410
2.5380,3.6390,-0.5973,1.1900,0.000,-0.000,-20.491,0.9560,0.8872,0.9240,0.9416,30.000,30.000,30.000,2.7424
2.5400,3.6436,-0.6003,1.1900,-0.001,-0.000,-20.569,0.9560,0.8869,0.9240,0.9415,30.000,30.000,30.000,2.7439
2.5420,3.6481,-0.6033,1.1900,-0.002,0.001,-20.648,0.9560,0.8867,0.9238,0.9415,30.000,30.000,30.000,2.7454
2.5440,3.6527,-0.6063,1.1899,-0.003,-0.000,-20.726,0.9559,0.8866,0.9240,0.9414,30.000,30.000,30.000,2.7453
2.5460,3.6573,-0.6093,1.1900,-0.001,-0.000,-20.803,0.9559,0.8866,0.9241,0.9413,30.000,30.000,30.000,2.7459
2.5480,3.6619,-0.6124,1.1900,-0.001,-0.000,-20.881,0.9559,0.8864,0.9237,0.9413,30.000,30.000,30.000,2.7477
2.5500,3.6665,-0.6154,1.1900,-0.002,0.000,-20.960,0.9559,0.8863,0.9233,0.9413,30.000,30.000,30.000,2.7492
2.5520,3.6710,-0.6185,1.1900,-0.002,0.000,-21.038,0.9558,0.8862,0.9231,0.9413,30.000,30.000,30.000,2.7499
2.5540,3.6756,-0.6215,1.1899,-0.004,-0.001,-21.117,0.9558,0.8861,0.9231,0.9412,30.000,30.000,30.000,2.7508
2.5560,3.6802,-0.6246,1.1899,-0.003,-0.001,-21.195,0.9557,0.8861,0.9229,0.9412,30.000,30.000,30.000,2.7516
2.5580,3.6848,-0.6277,1.1899,-0.003,-0.001,-21.273,0.9557,0.8860,0.9228,0.9413,30.000,30.000,30.000,2.7535
2.5600,3.6893,-0.6308,1.1899,-0.004,0.001,-21.351,0.9557,0.8858,0.9230,0.9414,30.000,30.000,30.000,2.7563
2.5620,3.6939,-0.6339,1.1899,-0.005,0.002,-21.430,0.9559,0.8857,0.9228,0.9415,30.000,30.000,30.000,2.7586
2.5640,3.6984,-0.6370,1.1899,-0.006,0.001,-21.509,0.9558,0.8856,0.9228,0.9415,30.000,30.000,30.000,2.7588
2.5660,3.7030,-0.6401,1.1899,-0.004,0.001,-21.587,0.9558,0.8855,0.9227,0.9414,30.000,30.000,30.000,2.7600
2.5680,3.7075,-0.6432,1.1899,-0.003,0.001,-21.666,0.9560,0.8854,0.9223,0.9413,30.000,30.000,30.000,2.7618
2.5700,3.7121,-0.6464,1.1899,-0.003,0.001,-21.745,0.9559,0.8853,0.9222,0.9413,30.000,30.000,30.000,2.7621
2.5720,3.7166,-0.6495,1.1899,-0.002,0.001,-21.823,0.9559,0.8852,0.9222,0.9412,30.000,30.000,30.000,2.7629
2.5740,3.7212,-0.6527,1.1899,0.000,0.001,-21.901,0.9559,0.8851,0.9220,0.9411,30.000,30.000,30.000,2.7641
2.5760,3.7257,-0.6558,1.1900,-0.001,-0.001,-21.980,0.9559,0.8850,0.9218,0.9411,30.000,30.000,30.000,2.7654
2.5780,3.7303,-0.6590,1.1900,0.001,-0.002,-22.058,0.9559,0.8851,0.9220,0.9410,30.000,30.000,30.000,2.7655
2.5800,3.7348,-0.6621,1.1900,0.002,-0.002,-22.135,0.9558,0.8853,0.9219,0.9408,30.000,30.000,30.000,2.7660
2.5820,3.7393,-0.6653,1.1900,0.000,0.000,-22.212,0.9557,0.8853,0.9220,0.9408,30.000,30.000,30.000,2.7662
2.5840,3.7439,-0.6685,1.1900,-0.003,0.001,-22.289,0.9555,0.8853,0.9217,0.9411,30.000,30.000,30.000,2.7672
2.5860,3.7484,-0.6716,1.1900,-0.003,0.001,-22.366,0.9554,0.8853,0.9214,0.9412,30.000,30.000,30.000,2.7697
2.5880,3.7530,-0.6748,1.1900,-0.003,0.001,-22.444,0.9554,0.8851,0.9215,0.9413,30.000,30.000,30.000,2.7722
2.5900,3.7575,-0.6781,1.1900,-0.003,0.000,-22.523,0.9553,0.8850,0.9213,0.9413,30.000,30.000,30.000,2.7742
2.5920,3.7620,-0.6813,1.1899,-0.004,-0.002,-22.601,0.9553,0.8849,0.9211,0.9413,30.000,30.000,30.000,2.7755
2.5940,3.7665,-0.6845,1.1899,-0.009,-0.003,-22.680,0.9553,0.8848,0.9209,0.9413,30.000,30.000,30.000,2.7765
2.5960,3.7710,-0.6877,1.1899,-0.002,0.000,-22.760,0.9551,0.8847,0.9206,0.9416,30.000,30.000,30.000,2.7779
2.5980,3.7756,-0.6910,1.1900,-0.001,0.001,-22.838,0.9554,0.8847,0.9215,0.9416,30.000,30.000,30.000,2.7797
2.6000,3.7801,-0.6942,1.1900,-0.001,0.001,-22.917,0.9556,0.8846,0.9223,0.9414,30.000,30.000,30.000,2.7815
2.6020,3.7846,-0.6975,1.1900,-0.002,0.001,-22.997,0.9557,0.8845,0.9231,0.9413,30.000,30.000,30.000,2.7823
2.6040,3.7891,-0.7007,1.1900,-0.001,-0.000,-23.076,0.9557,0.8844,0.9237,0.9410,30.000,30.000,30.000,2.7833
2.6060,3.7936,-0.7040,1.1899,-0.003,-0.002,-23.155,0.9556,0.8843,0.9242,0.9408,30.000,30.000,30.000,2.7845
2.6080,3.7981,-0.7073,1.1899,-0.001,-0.001,-23.235,0.9555,0.8842,0.9246,0.9407,30.000,30.000,30.000,2.7860
2.6100,3.8026,-0.7105,1.1899,-0.002,0.003,-23.315,0.9556,0.8841,0.9247,0.9409,30.000,30.000,30.000,2.7887
2.6120,3.8071,-0.7138,1.1899,-0.003,0.002,-23.394,0.9554,0.8840,0.9245,0.9407,30.000,30.000,30.000,2.7901
2.6140,3.8116,-0.7172,1.1900,-0.003,0.001,-23.476,0.9554,0.8837,0.9244,0.9405,30.000,30.000,30.000,2.7940
2.6160,3.8161,-0.7205,1.1900,-0.003,0.000,-23.557,0.9556,0.8835,0.9245,0.9403,30.000,30.000,30.000,2.7967
2.6180,3.8206,-0.7238,1.1900,-0.003,0.002,-23.639,0.9557,0.8832,0.9242,0.9400,30.000,30.000,30.000,2.7977
2.6200,3.8251,-0.7272,1.1900,-0.002,0.001,-23.720,0.9557,0.8829,0.9242,0.9397,30.000,30.000,30.000,2.7975
2.6220,3.8296,-0.7305,1.1900,-0.000,0.000,-23.800,0.9556,0.8827,0.9241,0.9394,30.000,30.000,30.000,2.7978
2.6240,3.8341,-0.7339,1.1900,-0.000,0.000,-23.880,0.9556,0.8825,0.9242,0.9391,30.000,30.000,30.000,2.7981
2.6260,3.8385,-0.7372,1.1900,-0.001,-0.000,-23.960,0.9555,0.8825,0.9240,0.9390,30.000,30.000,30.000,2.7983
2.6280,3.8430,-0.7406,1.1900,-0.002,-0.000,-24.039,0.9554,0.8823,0.9240,0.9389,30.000,30.000,30.000,2.7994
2.6300,3.8475,-0.7439,1.1899,-0.002,0.000,-24.119,0.9552,0.8822,0.9239,0.9389,30.000,30.000,30.000,2.8011
2.6320,3.8520,-0.7473,1.1900,-0.001,0.000,-24.199,0.9551,0.8821,0.9240,0.9388,30.000,30.000,30.000,2.8027
2.6340,3.8565,-0.7507,1.1900,-0.001,-0.000,-24.278,0.9551,0.8821,0.9238,0.9388,30.000,30.000,30.000,2.8041
2.6360,3.8609,-0.7541,1.1900,-0.001,0.000,-24.358,0.9550,0.8821,0.9236,0.9387,30.000,30.000,30.000,2.8053
2.6380,3.8654,-0.7575,1.1900,-0.002,-0.000,-24.438,0.9549,0.8820,0.9235,0.9387,30.000,30.000,30.000,2.8061
2.6400,3.8699,-0.7609,1.1900,-0.001,0.000,-24.518,0.9548,0.8819,0.9236,0.9387,30.000,30.000,30.000,2.8079
2.6420,3.8743,-0.7643,1.1900,-0.002,-0.001,-24.599,0.9547,0.8818,0.9233,0.9387,30.000,30.000,30.000,2.8090
2.6440,3.8788,-0.7677,1.1900,0.001,-0.000,-24.679,0.9547,0.8818,0.9229,0.9387,30.000,30.000,30.000,2.8106
2.6460,3.8832,-0.7712,1.1900,-0.002,-0.001,-24.759,0.9546,0.8817,0.9229,0.9387,30.000,30.000,30.000,2.8117
2.6480,3.8877,-0.7746,1.1900,-0.002,0.001,-24.840,0.9546,0.8816,0.9229,0.9388,30.000,30.000,30.000,2.8117
2.6500,3.8922,-0.7780,1.1900,-0.001,0.001,-24.920,0.9544,0.8816,0.9225,0.9389,30.000,30.000,30.000,2.8137
2.6520,3.8966,-0.7815,1.1900,-0.002,0.000,-25.000,0.9545,0.8814,0.9224,0.9389,30.000,30.000,30.000,2.8165
2.6540,3.9010,-0.7850,1.1900,-0.002,0.000,-25.082,0.9544,0.8812,0.9224,0.9390,30.000,30.000,30.000,2.8184
2.6560,3.9055,-0.7884,1.1900,-0.002,0.000,-25.163,0.9544,0.8810,0.9221,0.9390,30.000,30.000,30.000,2.8196
2.6580,3.9099,-0.7919,1.1899,-0.002,-0.000,-25.244,0.9543,0.8808,0.9220,0.9389,30.000,30.000,30.000,2.8207
2.6600,3.9143,-0.7954,1.1899,-0.003,0.001,-25.325,0.9544,0.8807,0.9218,0.9389,30.000,30.000,30.000,2.8218
2.6620,3.9188,-0.7989,1.1899,-0.002,0.001,-25.405,0.9542,0.8806,0.9221,0.9391,30.000,30.000,30.000,2.8216
2.6640,3.9232,-0.8024,1.1900,-0.004,0.001,-25.486,0.9543,0.8805,0.9221,0.9393,30.000,30.000,30.000,2.8247
2.6660,3.9276,-0.8059,1.1900,-0.003,0.001,-25.567,0.9543,0.8804,0.9218,0.9393,30.000,30.000,30.000,2.8254
2.6680,3.9321,-0.8094,1.1900,-0.001,0.001,-25.647,0.9543,0.8804,0.9216,0.9394,30.000,30.000,30.000,2.8271
2.6700,3.9365,-0.8130,1.1900,-0.003,0.000,-25.728,0.9543,0.8803,0.9216,0.9394,30.000,30.000,30.000,2.8286
2.6720,3.9409,-0.8165,1.1900,-0.001,0.000,-25.808,0.9542,0.8802,0.9215,0.9394,30.000,30.000,30.000,2.8292
2.6740,3.9453,-0.8200,1.1900,-0.002,0.001,-25.889,0.9543,0.8801,0.9217,0.9395,30.000,30.000,30.000,2.8313
2.6760,3.9497,-0.8236,1.1900,-0.001,0.001,-25.969,0.9542,0.8800,0.9217,0.9397,30.000,30.000,30.000,2.8335
2.6780,3.9541,-0.8272,1.1900,-0.001,0.000,-26.051,0.9543,0.8798,0.9217,0.9399,30.000,30.000,30.000,2.8360
2.6800,3.9586,-0.8307,1.1900,-0.001,-0.000,-26.132,0.9543,0.8798,0.9215,0.9399,30.000,30.000,30.000,2.8371
2.6820,3.9630,-0.8343,1.1900,-0.001,-0.000,-26.212,0.9543,0.8797,0.9214,0.9400,30.000,30.000,30.000,2.8383
2.6840,3.9674,-0.8379,1.1900,-0.001,-0.000,-26.293,0.9544,0.8796,0.9216,0.9402,30.000,30.000,30.000,2.8399
2.6860,3.9717,-0.8415,1.1900,-0.004,-0.001,-26.374,0.9544,0.8795,0.9215,0.9403,30.000,30.000,30.000,2.8419
2.6880,3.9761,-0.8451,1.1899,-0.003,0.000,-26.455,0.9544,0.8794,0.9212,0.9404,30.000,30.000,30.000,2.8427
2.6900,3.9805,-0.8487,1.1899,-0.002,-0.000,-26.536,0.9545,0.8793,0.9214,0.9405,30.000,30.000,30.000,2.8439
2.6920,3.9849,-0.8524,1.1900,-0.001,-0.000,-26.618,0.9545,0.8791,0.9214,0.9406,30.000,30.000,30.000,2.8469
2.6940,3.9893,-0.8560,1.1900,-0.003,0.000,-26.699,0.9547,0.8790,0.9215,0.9407,30.000,30.000,30.000,2.8488
2.6960,3.9937,-0.8597,1.1900,-0.001,0.000,-26.780,0.9546,0.8789,0.9214,0.9407,30.000,30.000,30.000,2.8499
2.6980,3.9980,-0.8633,1.1900,-0.001,0.000,-26.861,0.9547,0.8789,0.9216,0.9407,30.000,30.000,30.000,2.8512
2.7000,4.0024,-0.8670,1.1900,0.000,0.001,-26.941,0.9547,0.8788,0.9216,0.9407,30.000,30.000,30.000,2.8525
2.7020,4.0068,-0.8707,1.1900,-0.001,0.000,-27.022,0.9547,0.8787,0.9216,0.9407,30.000,30.000,30.000,2.8534
2.7040,4.0112,-0.8743,1.1900,-0.001,-0.000,-27.102,0.9547,0.8786,0.9215,0.9408,30.000,30.000,30.000,2.8541
2.7060,4.0155,-0.8780,1.1900,-0.001,0.000,-27.183,0.9548,0.8785,0.9217,0.9409,30.000,30.000,30.000,2.8566
2.7080,4.0199,-0.8817,1.1900,-0.001,0.002,-27.265,0.9548,0.8784,0.9216,0.9410,30.000,30.000,30.000,2.8580
2.7100,4.0243,-0.8854,1.1899,-0.001,0.002,-27.346,0.9547,0.8783,0.9217,0.9411,30.000,30.000,30.000,2.8593
2.7120,4.0286,-0.8891,1.1899,-0.002,0.000,-27.427,0.9548,0.8781,0.9216,0.9411,30.000,30.000,30.000,2.8610
2.7140,4.0330,-0.8928,1.1899,-0.003,-0.000,-27.508,0.9548,0.8781,0.9213,0.9413,30.000,30.000,30.000,2.8620
2.7160,4.0373,-0.8966,1.1899,-0.004,0.001,-27.588,0.9550,0.8780,0.9212,0.9414,30.000,30.000,30.000,2.8636
2.7180,4.0417,-0.9003,1.1899,-0.005,0.003,-27.669,0.9549,0.8780,0.9215,0.9415,30.000,30.000,30.000,2.8657
2.7200,4.0460,-0.9040,1.1900,-0.002,0.001,-27.748,0.9548,0.8779,0.9212,0.9415,30.000,30.000,30.000,2.8654
2.7220,4.0504,-0.9078,1.1900,-0.002,0.000,-27.828,0.9549,0.8778,0.9211,0.9415,30.000,30.000,30.000,2.8668
2.7240,4.0547,-0.9115,1.1900,-0.001,-0.000,-27.909,0.9548,0.8777,0.9210,0.9414,30.000,30.000,30.000,2.8685
2.7260,4.0591,-0.9153,1.1900,-0.000,-0.001,-27.989,0.9547,0.8776,0.9210,0.9413,30.000,30.000,30.000,2.8691
2.7280,4.0634,-0.9190,1.1900,-0.001,-0.001,-28.069,0.9546,0.8775,0.9209,0.9412,30.000,30.000,30.000,2.8693
2.7300,4.0677,-0.9228,1.1900,-0.001,0.000,-28.149,0.9544,0.8774,0.9210,0.9413,30.000,30.000,30.000,2.8708
2.7320,4.0721,-0.9265,1.1900,-0.001,0.001,-28.228,0.9543,0.8774,0.9207,0.9414,30.000,30.000,30.000,2.8718
2.7340,4.0764,-0.9303,1.1900,-0.000,0.000,-28.307,0.9541,0.8774,0.9204,0.9415,30.000,30.000,30.000,2.8730
2.7360,4.0808,-0.9341,1.1900,-0.000,-0.000,-28.387,0.9540,0.8772,0.9203,0.9416,30.000,30.000,30.000,2.8745
2.7380,4.0851,-0.9378,1.1899,-0.003,-0.001,-28.467,0.9539,0.8771,0.9204,0.9416,30.000,30.000,30.000,2.8760
2.7400,4.0894,-0.9416,1.1899,-0.001,0.000,-28.547,0.9537,0.8770,0.9203,0.9417,30.000,30.000,30.000,2.8776
2.7420,4.0938,-0.9454,1.1900,-0.002,0.001,-28.626,0.9536,0.8770,0.9203,0.9419,30.000,30.000,30.000,2.8802
2.7440,4.0981,-0.9493,1.1900,-0.004,0.002,-28.706,0.9536,0.8769,0.9201,0.9421,30.000,30.000,30.000,2.8830
2.7460,4.1024,-0.9531,1.1900,-0.006,0.003,-28.786,0.9534,0.8768,0.9201,0.9421,30.000,30.000,30.000,2.8842
2.7480,4.1067,-0.9569,1.1900,-0.005,0.002,-28.865,0.9532,0.8767,0.9200,0.9421,30.000,30.000,30.000,2.8853
2.7500,4.1110,-0.9608,1.1900,-0.004,0.001,-28.945,0.9531,0.8766,0.9200,0.9421,30.000,30.000,30.000,2.8878
2.7520,4.1153,-0.9646,1.1900,-0.001,0.000,-29.026,0.9531,0.8765,0.9200,0.9420,30.000,30.000,30.000,2.8914
2.7540,4.1196,-0.9685,1.1900,0.000,0.000,-29.106,0.9531,0.8765,0.9201,0.9419,30.000,30.000,30.000,2.8925
2.7560,4.1239,-0.9724,1.1900,-0.000,-0.000,-29.187,0.9531,0.8764,0.9202,0.9418,30.000,30.000,30.000,2.8930
2.7580,4.1282,-0.9762,1.1900,-0.000,-0.000,-29.267,0.9531,0.8764,0.9200,0.9418,30.000,30.000,30.000,2.8937
2.7600,4.1325,-0.9801,1.1900,0.001,0.001,-29.347,0.9530,0.8763,0.9198,0.9418,30.000,30.000,30.000,2.8944
2.7620,4.1368,-0.9840,1.1900,-0.001,-0.001,-29.427,0.9529,0.8762,0.9198,0.9419,30.000,30.000,30.000,2.8952
2.7640,4.1411,-0.9879,1.1900,-0.001,-0.000,-29.507,0.9528,0.8762,0.9200,0.9420,30.000,30.000,30.000,2.8971
2.7660,4.1454,-0.9918,1.1900,-0.004,0.000,-29.587,0.9528,0.8761,0.9198,0.9422,30.000,30.000,30.000,2.8994
2.7680,4.1497,-0.9957,1.1899,-0.003,0.000,-29.667,0.9526,0.8760,0.9196,0.9423,30.000,30.000,30.000,2.9004
2.7700,4.1540,-0.9996,1.1899,-0.002,-0.000,-29.747,0.9525,0.8760,0.9197,0.9423,30.000,30.000,30.000,2.9016
2.7720,4.1582,-1.0035,1.1900,-0.002,-0.000,-29.827,0.9525,0.8759,0.9197,0.9423,30.000,30.000,30.000,2.9039
2.7740,4.1625,-1.0075,1.1900,-0.001,0.000,-29.908,0.9524,0.8758,0.9199,0.9424,30.000,30.000,30.000,2.9061
2.7760,4.1668,-1.0114,1.1900,-0.000,-0.000,-29.988,0.9524,0.8757,0.9197,0.9425,30.000,30.000,30.000,2.9073
2.7780,4.1711,-1.0154,1.1900,-0.001,-0.000,-30.069,0.9524,0.8757,0.9196,0.9426,30.000,30.000,30.000,2.9085
2.7800,4.1753,-1.0193,1.1900,-0.001,-0.000,-30.149,0.9523,0.8756,0.9195,0.9426,30.000,30.000,30.000,2.9095
2.7820,4.1796,-1.0233,1.1900,-0.002,0.000,-30.229,0.9522,0.8756,0.9195,0.9427,30.000,30.000,30.000,2.9109
2.7840,4.1839,-1.0272,1.1900,-0.001,0.002,-30.310,0.9520,0.8755,0.9197,0.9429,30.000,30.000,30.000,2.9123
2.7860,4.1881,-1.0312,1.1900,-0.003,0.000,-30.390,0.9520,0.8753,0.9197,0.9429,30.000,30.000,30.000,2.9143
2.7880,4.1924,-1.0352,1.1900,-0.002,-0.000,-30.469,0.9517,0.8753,0.9196,0.9430,30.000,30.000,30.000,2.9146
2.7900,4.1967,-1.0392,1.1899,-0.003,-0.000,-30.548,0.9516,0.8753,0.9198,0.9431,30.000,30.000,30.000,2.9164
2.7920,4.2009,-1.0431,1.1900,-0.001,-0.000,-30.628,0.9515,0.8753,0.9198,0.9432,30.000,30.000,30.000,2.9177
2.7940,4.2052,-1.0471,1.1900,-0.002,0.000,-30.708,0.9514,0.8752,0.9194,0.9432,30.000,30.000,30.000,2.9212
2.7960,4.2095,-1.0511,1.1900,-0.002,0.001,-30.789,0.9512,0.8751,0.9191,0.9432,30.000,30.000,30.000,2.9226
2.7980,4.2137,-1.0552,1.1900,-0.003,0.001,-30.869,0.9512,0.8750,0.9190,0.9432,30.000,30.000,30.000,2.9237
2.8000,4.2180,-1.0592,1.1900,-0.000,0.000,-30.949,0.9510,0.8750,0.9191,0.9430,30.000,30.000,30.000,2.9239
2.8020,4.2222,-1.0632,1.1900,-0.001,-0.000,-31.029,0.9509,0.8749,0.9189,0.9428,30.000,30.000,30.000,2.9256
2.8040,4.2265,-1.0672,1.1900,-0.000,0.000,-31.108,0.9507,0.8749,0.9190,0.9428,30.000,30.000,30.000,2.9262
2.8060,4.2307,-1.0712,1.1900,-0.001,-0.000,-31.188,0.9506,0.8749,0.9188,0.9427,30.000,30.000,30.000,2.9272
2.8080,4.2350,-1.0753,1.1899,-0.001,-0.000,-31.267,0.9503,0.8748,0.9187,0.9427,30.000,30.000,30.000,2.9286
2.8100,4.2392,-1.0793,1.1899,-0.001,0.000,-31.347,0.9501,0.8748,0.9189,0.9427,30.000,30.000,30.000,2.9299
2.8120,4.2435,-1.0834,1.1900,-0.001,-0.000,-31.427,0.9500,0.8747,0.9186,0.9428,30.000,30.000,30.000,2.9324
2.8140,4.2477,-1.0874,1.1900,-0.001,0.000,-31.507,0.9499,0.8746,0.9186,0.9429,30.000,30.000,30.000,2.9340
2.8160,4.2519,-1.0915,1.1900,-0.001,0.000,-31.587,0.9498,0.8746,0.9187,0.9429,30.000,30.000,30.000,2.9366
2.8180,4.2562,-1.0956,1.1900,-0.002,-0.000,-31.667,0.9497,0.8745,0.9185,0.9430,30.000,30.000,30.000,2.9387
2.8200,4.2604,-1.0997,1.1900,-0.001,0.000,-31.748,0.9496,0.8744,0.9183,0.9430,30.000,30.000,30.000,2.9405
2.8220,4.2646,-1.1038,1.1900,0.000,-0.000,-31.828,0.9495,0.8744,0.9184,0.9430,30.000,30.000,30.000,2.9414
2.8240,4.2688,-1.1079,1.1899,-0.001,-0.001,-31.908,0.9494,0.8744,0.9185,0.9429,30.000,30.000,30.000,2.9427
2.8260,4.2730,-1.1120,1.1899,-0.001,-0.001,-31.989,0.9494,0.8743,0.9184,0.9430,30.000,30.000,30.000,2.9442
2.8280,4.2773,-1.1161,1.1900,-0.002,-0.000,-32.069,0.9493,0.8743,0.9184,0.9433,30.000,30.000,30.000,2.9467
2.8300,4.2815,-1.1202,1.1900,-0.001,0.001,-32.150,0.9493,0.8742,0.9187,0.9433,30.000,30.000,30.000,2.9504
2.8320,4.2857,-1.1244,1.1900,-0.002,0.001,-32.232,0.9494,0.8741,0.9188,0.9432,30.000,30.000,30.000,2.9517
2.8340,4.2899,-1.1285,1.1900,-0.001,0.002,-32.313,0.9494,0.8741,0.9188,0.9431,30.000,30.000,30.000,2.9531
2.8360,4.2940,-1.1327,1.1899,-0.003,-0.001,-32.395,0.9495,0.8740,0.9189,0.9429,30.000,30.000,30.000,2.9548
2.8380,4.2982,-1.1369,1.1899,0.001,-0.001,-32.476,0.9496,0.8740,0.9189,0.9428,30.000,30.000,30.000,2.9559
2.8400,4.3024,-1.1411,1.1899,0.001,-0.001,-32.557,0.9497,0.8740,0.9186,0.9427,30.000,30.000,30.000,2.9580
2.8420,4.3066,-1.1452,1.1900,-0.001,-0.001,-32.637,0.9497,0.8739,0.9186,0.9424,30.000,30.000,30.000,2.9597
2.8440,4.3108,-1.1494,1.1900,-0.001,-0.000,-32.717,0.9498,0.8739,0.9189,0.9424,30.000,30.000,30.000,2.9602
2.8460,4.3149,-1.1536,1.1900,-0.000,0.001,-32.798,0.9498,0.8739,0.9189,0.9423,30.000,30.000,30.000,2.9614
2.8480,4.3191,-1.1579,1.1900,-0.001,0.001,-32.878,0.9498,0.8738,0.9189,0.9422,30.000,30.000,30.000,2.9625
2.8500,4.3233,-1.1621,1.1899,-0.002,-0.000,-32.959,0.9498,0.8738,0.9189,0.9421,30.000,30.000,30.000,2.9639
2.8520,4.3275,-1.1663,1.1899,-0.004,-0.001,-33.039,0.9499,0.8737,0.9189,0.9420,30.000,30.000,30.000,2.9654
2.8540,4.3316,-1.1705,1.1899,-0.003,-0.001,-33.120,0.9499,0.8737,0.9186,0.9419,30.000,30.000,30.000,2.9667
2.8560,4.3358,-1.1748,1.1899,-0.003,-0.001,-33.201,0.9500,0.8736,0.9189,0.9420,30.000,30.000,30.000,2.9682
2.8580,4.3399,-1.1790,1.1899,-0.001,0.002,-33.281,0.9501,0.8737,0.9189,0.9419,30.000,30.000,30.000,2.9704
2.8600,4.3441,-1.1833,1.1899,-0.001,0.002,-33.362,0.9501,0.8736,0.9191,0.9420,30.000,30.000,30.000,2.9703
2.8620,4.3482,-1.1875,1.1900,-0.003,0.000,-33.442,0.9502,0.8736,0.9192,0.9421,30.000,30.000,30.000,2.9722
2.8640,4.3524,-1.1918,1.1900,-0.001,0.000,-33.523,0.9503,0.8736,0.9191,0.9421,30.000,30.000,30.000,2.9741
2.8660,4.3565,-1.1960,1.1900,-0.000,0.001,-33.604,0.9503,0.8736,0.9193,0.9421,30.000,30.000,30.000,2.9753
2.8680,4.3607,-1.2003,1.1900,-0.001,-0.000,-33.685,0.9503,0.8735,0.9194,0.9420,30.000,30.000,30.000,2.9762
2.8700,4.3648,-1.2046,1.1899,-0.001,-0.000,-33.765,0.9504,0.8735,0.9194,0.9420,30.000,30.000,30.000,2.9779
2.8720,4.3689,-1.2089,1.1900,-0.001,-0.000,-33.846,0.9504,0.8734,0.9197,0.9421,30.000,30.000,30.000,2.9798
2.8740,4.3731,-1.2132,1.1900,-0.001,-0.000,-33.927,0.9504,0.8734,0.9196,0.9422,30.000,30.000,30.000,2.9812
2.8760,4.3772,-1.2175,1.1899,-0.003,-0.001,-34.008,0.9504,0.8734,0.9196,0.9422,30.000,30.000,30.000,2.9832
2.8780,4.3813,-1.2218,1.1900,-0.001,-0.000,-34.089,0.9505,0.8734,0.9195,0.9424,30.000,30.000,30.000,2.9849
2.8800,4.3854,-1.2262,1.1899,-0.003,-0.001,-34.170,0.9506,0.8733,0.9198,0.9425,30.000,30.000,30.000,2.9864
2.8820,4.3895,-1.2305,1.1899,-0.006,-0.002,-34.252,0.9506,0.8733,0.9201,0.9426,30.000,30.000,30.000,2.9877
2.8840,4.3936,-1.2348,1.1899,0.001,-0.001,-34.333,0.9508,0.8733,0.9203,0.9427,30.000,30.000,30.000,2.9906
2.8860,4.3977,-1.2392,1.1900,0.000,-0.001,-34.415,0.9509,0.8732,0.9197,0.9427,30.000,30.000,30.000,2.9930
2.8880,4.4018,-1.2436,1.1900,-0.002,-0.001,-34.498,0.9510,0.8732,0.9193,0.9429,30.000,30.000,30.000,2.9935
2.8900,4.4059,-1.2479,1.1900,-0.001,-0.000,-34.579,0.9512,0.8732,0.9187,0.9429,30.000,30.000,30.000,2.9943
2.8920,4.4100,-1.2523,1.1900,-0.001,0.000,-34.661,0.9513,0.8731,0.9184,0.9430,30.000,30.000,30.000,2.9949
2.8940,4.4141,-1.2567,1.1899,0.001,0.002,-34.743,0.9513,0.8731,0.9183,0.9430,30.000,30.000,30.000,2.9959
2.8960,4.4182,-1.2611,1.1900,-0.002,0.000,-34.825,0.9515,0.8731,0.9183,0.9432,30.000,30.000,30.000,2.9967
2.8980,4.4223,-1.2655,1.1900,-0.007,-0.003,-34.908,0.9516,0.8729,0.9184,0.9433,30.000,30.000,30.000,2.9991
2.9000,4.4264,-1.2699,1.1899,-0.012,-0.006,-34.991,0.9517,0.8728,0.9184,0.9433,30.000,30.000,30.000,3.0014
2.9020,4.4304,-1.2743,1.1900,-0.003,0.001,-35.076,0.9519,0.8726,0.9185,0.9435,30.000,30.000,30.000,3.0058
2.9040,4.4345,-1.2788,1.1901,-0.007,0.006,-35.158,0.9519,0.8725,0.9189,0.9436,30.000,30.000,30.000,3.0088
2.9060,4.4385,-1.2833,1.1901,-0.013,0.007,-35.230,0.9518,0.8724,0.9195,0.9436,30.000,30.000,30.000,3.0179
2.9080,4.4425,-1.2878,1.1902,-0.021,0.008,-35.306,0.9524,0.8724,0.9197,0.9436,30.000,30.000,30.000,3.0185
2.9100,4.4465,-1.2923,1.1902,-0.027,0.010,-35.386,0.9528,0.8723,0.9199,0.9434,30.000,30.000,30.000,3.0190
2.9120,4.4505,-1.2968,1.1902,-0.024,0.010,-35.465,0.9530,0.8723,0.9201,0.9434,30.000,30.000,30.000,3.0201
2.9140,4.4545,-1.3014,1.1903,-0.021,0.006,-35.545,0.9530,0.8722,0.9202,0.9433,30.000,30.000,30.000,3.0249
2.9160,4.4585,-1.3059,1.1902,-0.018,0.001,-35.625,0.9534,0.8721,0.9202,0.9431,30.000,30.000,30.000,3.0245
2.9180,4.4624,-1.3105,1.1902,-0.012,-0.002,-35.704,0.9536,0.8721,0.9203,0.9428,30.000,30.000,30.000,3.0241
2.9200,4.4664,-1.3150,1.1901,-0.005,-0.004,-35.783,0.9537,0.8720,0.9204,0.9425,30.000,30.000,30.000,3.0249
2.9220,4.4704,-1.3196,1.1901,0.001,-0.005,-35.861,0.9538,0.8720,0.9204,0.9422,30.000,30.000,30.000,3.0253
2.9240,4.4744,-1.3241,1.1899,0.007,-0.006,-35.940,0.9538,0.8719,0.9205,0.9421,30.000,30.000,30.000,3.0253
2.9260,4.4784,-1.3287,1.1900,0.002,-0.002,-36.018,0.9537,0.8719,0.9206,0.9418,30.000,30.000,30.000,3.0241
2.9280,4.4824,-1.3332,1.1900,-0.001,0.000,-36.094,0.9536,0.8719,0.9213,0.9426,30.000,30.000,30.000,3.0224
2.9300,4.4864,-1.3377,1.1900,-0.001,0.001,-36.170,0.9535,0.8719,0.9218,0.9433,30.000,30.000,30.000,3.0250
2.9320,4.4904,-1.3423,1.1900,-0.002,0.001,-36.247,0.9535,0.8719,0.9222,0.9440,30.000,30.000,30.000,3.0290
2.9340,4.4944,-1.3468,1.1900,-0.002,0.001,-36.325,0.9535,0.8719,0.9223,0.9445,30.000,30.000,30.000,3.0322
2.9360,4.4984,-1.3514,1.1900,-0.003,0.000,-36.403,0.9535,0.8719,0.9223,0.9450,30.000,30.000,30.000,3.0347
2.9380,4.5024,-1.3560,1.1899,-0.003,-0.000,-36.482,0.9535,0.8719,0.9224,0.9454,30.000,30.000,30.000,3.0366
2.9400,4.5064,-1.3606,1.1900,-0.001,-0.000,-36.561,0.9535,0.8719,0.9224,0.9458,30.000,30.000,30.000,3.0399
2.9420,4.5104,-1.3652,1.1900,-0.004,0.000,-36.640,0.9536,0.8718,0.9226,0.9459,30.000,30.000,30.000,3.0425
2.9440,4.5143,-1.3698,1.1900,-0.002,0.002,-36.721,0.9535,0.8717,0.9228,0.9459,30.000,30.000,30.000,3.0463
2.9460,4.5183,-1.3744,1.1900,-0.002,0.001,-36.801,0.9537,0.8716,0.9225,0.9459,30.000,30.000,30.000,3.0476
2.9480,4.5223,-1.3791,1.1900,-0.000,0.000,-36.880,0.9537,0.8716,0.9222,0.9458,30.000,30.000,30.000,3.0477
2.9500,4.5262,-1.3837,1.1899,0.001,0.001,-36.960,0.9538,0.8716,0.9221,0.9457,30.000,30.000,30.000,3.0482
2.9520,4.5302,-1.3883,1.1899,-0.003,-0.002,-37.039,0.9537,0.8715,0.9221,0.9457,30.000,30.000,30.000,3.0482
2.9540,4.5342,-1.3929,1.1899,-0.001,-0.002,-37.117,0.9538,0.8716,0.9220,0.9457,30.000,30.000,30.000,3.0484
2.9560,4.5381,-1.3976,1.1899,0.001,-0.000,-37.195,0.9537,0.8716,0.9217,0.9457,30.000,30.000,30.000,3.0498
2.9580,4.5421,-1.4022,1.1900,-0.001,-0.001,-37.272,0.9537,0.8716,0.9213,0.9457,30.000,30.000,30.000,3.0513
2.9600,4.5461,-1.4069,1.1900,-0.002,-0.000,-37.351,0.9537,0.8716,0.9213,0.9457,30.000,30.000,30.000,3.0533
2.9620,4.5500,-1.4115,1.1900,-0.003,0.001,-37.430,0.9536,0.8715,0.9214,0.9457,30.000,30.000,30.000,3.0552
2.9640,4.5540,-1.4162,1.1900,-0.003,0.001,-37.509,0.9535,0.8715,0.9212,0.9456,30.000,30.000,30.000,3.0560
2.9660,4.5579,-1.4209,1.1899,-0.004,-0.000,-37.587,0.9534,0.8715,0.9212,0.9455,30.000,30.000,30.000,3.0572
2.9680,4.5619,-1.4255,1.1899,-0.003,-0.000,-37.666,0.9535,0.8715,0.9210,0.9454,30.000,30.000,30.000,3.0590
2.9700,4.5658,-1.4302,1.1900,-0.002,-0.000,-37.745,0.9533,0.8714,0.9216,0.9452,30.000,30.000,30.000,3.0611
2.9720,4.5697,-1.4349,1.1900,-0.001,-0.000,-37.824,0.9533,0.8714,0.9217,0.9451,30.000,30.000,30.000,3.0628
2.9740,4.5736,-1.4396,1.1900,-0.001,0.001,-37.903,0.9533,0.8714,0.9217,0.9450,30.000,30.000,30.000,3.0644
2.9760,4.5776,-1.4443,1.1900,0.001,0.001,-37.982,0.9532,0.8714,0.9216,0.9448,30.000,30.000,30.000,3.0652
2.9780,4.5815,-1.4491,1.1900,-0.000,0.000,-38.060,0.9531,0.8714,0.9215,0.9447,30.000,30.000,30.000,3.0663
2.9800,4.5854,-1.4538,1.1900,-0.000,0.000,-38.139,0.9530,0.8714,0.9215,0.9446,30.000,30.000,30.000,3.0671
2.9820,4.5893,-1.4585,1.1900,-0.003,-0.002,-38.218,0.9529,0.8713,0.9213,0.9447,30.000,30.000,30.000,3.0696
2.9840,4.5933,-1.4632,1.1899,-0.003,-0.002,-38.297,0.9529,0.8713,0.9210,0.9446,30.000,30.000,30.000,3.0705
2.9860,4.5972,-1.4680,1.1899,-0.001,-0.000,-38.377,0.9528,0.8713,0.9210,0.9446,30.000,30.000,30.000,3.0721
2.9880,4.6011,-1.4727,1.1900,-0.002,0.000,-38.456,0.9528,0.8713,0.9207,0.9448,30.000,30.000,30.000,3.0748
2.9900,4.6050,-1.4775,1.1900,-0.000,0.000,-38.535,0.9528,0.8713,0.9206,0.9448,30.000,30.000,30.000,3.0755
2.9920,4.6089,-1.4822,1.1900,0.000,-0.001,-38.614,0.9528,0.8713,0.9206,0.9448,30.000,30.000,30.000,3.0766
2.9940,4.6128,-1.4870,1.1900,0.001,-0.001,-38.693,0.9527,0.8713,0.9205,0.9447,30.000,30.000,30.000,3.0782
2.9960,4.6166,-1.4918,1.1900,-0.000,-0.000,-38.772,0.9526,0.8713,0.9206,0.9445,30.000,30.000,30.000,3.0794
2.9980,4.6205,-1.4966,1.1899,-0.002,-0.001,-38.851,0.9525,0.8713,0.9205,0.9445,30.000,30.000,30.000,3.0798
3.0000,4.6244,-1.5013,1.1899,0.001,0.002,-38.930,0.9524,0.8713,0.9204,0.9446,30.000,30.000,30.000,3.0815
3.0020,4.6283,-1.5061,1.1899,-0.001,0.001,-39.009,0.9523,0.8713,0.9206,0.9447,30.000,30.000,30.000,3.0830
3.0040,4.6322,-1.5109,1.1899,0.001,0.002,-39.088,0.9522,0.8713,0.9207,0.9447,30.000,30.000,30.000,3.0849
3.0060,4.6361,-1.5157,1.1900,0.001,0.001,-39.168,0.9523,0.8713,0.9205,0.9448,30.000,30.000,30.000,3.0874
3.0080,4.6399,-1.5206,1.1900,-0.002,-0.000,-39.248,0.9523,0.8713,0.9206,0.9448,30.000,30.000,30.000,3.0893
3.0100,4.6438,-1.5254,1.1900,-0.002,0.000,-39.329,0.9522,0.8712,0.9207,0.9448,30.000,30.000,30.000,3.0913
3.0120,4.6477,-1.5302,1.1900,-0.000,0.001,-39.410,0.9522,0.8712,0.9205,0.9447,30.000,30.000,30.000,3.0926
3.0140,4.6515,-1.5351,1.1899,0.000,0.001,-39.490,0.9521,0.8712,0.9205,0.9445,30.000,30.000,30.000,3.0935
3.0160,4.6554,-1.5399,1.1899,-0.002,-0.001,-39.571,0.9521,0.8712,0.9202,0.9446,30.000,30.000,30.000,3.0942
3.0180,4.6592,-1.5447,1.1900,0.001,-0.000,-39.650,0.9520,0.8712,0.9207,0.9444,30.000,30.000,30.000,3.0938
3.0200,4.6631,-1.5496,1.1900,-0.000,-0.001,-39.728,0.9519,0.8713,0.9209,0.9444,30.000,30.000,30.000,3.0945
3.0220,4.6670,-1.5544,1.1900,-0.001,-0.001,-39.807,0.9518,0.8713,0.9209,0.9444,30.000,30.000,30.000,3.0959
3.0240,4.6708,-1.5592,1.1899,-0.003,-0.001,-39.885,0.9515,0.8713,0.9208,0.9444,30.000,30.000,30.000,3.0974
3.0260,4.6747,-1.5641,1.1899,-0.006,-0.003,-39.964,0.9513,0.8713,0.9205,0.9441,30.000,30.000,30.000,3.0990
3.0280,4.6785,-1.5689,1.1899,-0.004,0.001,-40.044,0.9514,0.8713,0.9202,0.9443,30.000,30.000,30.000,3.1013
3.0300,4.6824,-1.5738,1.1900,-0.005,0.002,-40.123,0.9512,0.8713,0.9208,0.9442,30.000,30.000,30.000,3.1026
3.0320,4.6862,-1.5787,1.1900,-0.005,0.002,-40.203,0.9510,0.8713,0.9213,0.9441,30.000,30.000,30.000,3.1053
3.0340,4.6901,-1.5836,1.1900,-0.003,0.001,-40.284,0.9511,0.8713,0.9215,0.9440,30.000,30.000,30.000,3.1081
3.0360,4.6939,-1.5885,1.1900,-0.003,0.001,-40.365,0.9510,0.8713,0.9216,0.9438,30.000,30.000,30.000,3.1097
3.0380,4.6977,-1.5934,1.1900,-0.001,0.000,-40.446,0.9509,0.8713,0.9216,0.9435,30.000,30.000,30.000,3.1111
3.0400,4.7015,-1.5983,1.1900,-0.002,-0.001,-40.527,0.9509,0.8713,0.9216,0.9433,30.000,30.000,30.000,3.1122
3.0420,4.7053,-1.6032,1.1899,-0.001,-0.001,-40.608,0.9508,0.8712,0.9215,0.9431,30.000,30.000,30.000,3.1133
3.0440,4.7092,-1.6082,1.1899,0.000,-0.002,-40.689,0.9508,0.8712,0.9217,0.9430,30.000,30.000,30.000,3.1147
3.0460,4.7130,-1.6131,1.1900,0.000,-0.001,-40.769,0.9507,0.8713,0.9214,0.9427,30.000,30.000,30.000,3.1156
3.0480,4.7168,-1.6180,1.1900,-0.001,-0.001,-40.849,0.9506,0.8713,0.9213,0.9427,30.000,30.000,30.000,3.1160
3.0500,4.7206,-1.6230,1.1899,-0.003,-0.001,-40.929,0.9504,0.8713,0.9214,0.9427,30.000,30.000,30.000,3.1172
3.0520,4.7244,-1.6279,1.1899,-0.002,-0.001,-41.009,0.9503,0.8712,0.9214,0.9427,30.000,30.000,30.000,3.1190
3.0540,4.7282,-1.6329,1.1900,-0.001,0.000,-41.089,0.9502,0.8712,0.9212,0.9427,30.000,30.000,30.000,3.1218
3.0560,4.7320,-1.6378,1.1900,-0.002,0.001,-41.169,0.9501,0.8712,0.9213,0.9428,30.000,30.000,30.000,3.1238
3.0580,4.7358,-1.6428,1.1900,-0.003,0.001,-41.250,0.9501,0.8712,0.9213,0.9428,30.000,30.000,30.000,3.1256
3.0600,4.7395,-1.6478,1.1900,-0.002,0.000,-41.330,0.9500,0.8712,0.9213,0.9427,30.000,30.000,30.000,3.1275
3.0620,4.7433,-1.6528,1.1900,-0.002,-0.000,-41.411,0.9500,0.8712,0.9214,0.9426,30.000,30.000,30.000,3.1292
3.0640,4.7471,-1.6578,1.1899,-0.002,-0.001,-41.492,0.9500,0.8712,0.9213,0.9424,30.000,30.000,30.000,3.1308
3.0660,4.7508,-1.6628,1.1900,-0.003,0.001,-41.573,0.9500,0.8712,0.9215,0.9425,30.000,30.000,30.000,3.1331
3.0680,4.7546,-1.6678,1.1900,-0.001,0.001,-41.653,0.9498,0.8712,0.9212,0.9424,30.000,30.000,30.000,3.1335
3.0700,4.7583,-1.6728,1.1900,-0.001,-0.000,-41.734,0.9498,0.8711,0.9210,0.9424,30.000,30.000,30.000,3.1357
3.0720,4.7621,-1.6779,1.1900,-0.000,-0.000,-41.816,0.9498,0.8711,0.9208,0.9423,30.000,30.000,30.000,3.1369
3.0740,4.7658,-1.6829,1.1900,0.001,0.001,-41.897,0.9497,0.8710,0.9207,0.9422,30.000,30.000,30.000,3.1377
3.0760,4.7696,-1.6880,1.1899,0.002,0.002,-41.978,0.9495,0.8710,0.9207,0.9421,30.000,30.000,30.000,3.1389
3.0780,4.7733,-1.6930,1.1900,-0.001,-0.000,-42.059,0.9495,0.8710,0.9206,0.9422,30.000,30.000,30.000,3.1403
3.0800,4.7771,-1.6980,1.1900,-0.001,-0.001,-42.138,0.9496,0.8710,0.9209,0.9424,30.000,30.000,30.000,3.1408
3.0820,4.7808,-1.7031,1.1900,-0.001,-0.001,-42.217,0.9495,0.8711,0.9209,0.9424,30.000,30.000,30.000,3.1421
3.0840,4.7845,-1.7081,1.1900,-0.002,-0.001,-42.296,0.9494,0.8712,0.9209,0.9424,30.000,30.000,30.000,3.1434
3.0860,4.7883,-1.7132,1.1900,0.001,-0.001,-42.375,0.9494,0.8712,0.9208,0.9425,30.000,30.000,30.000,3.1451
3.0880,4.7920,-1.7183,1.1900,-0.001,-0.001,-42.454,0.9493,0.8713,0.9212,0.9425,30.000,30.000,30.000,3.1470
3.0900,4.7957,-1.7234,1.1900,-0.002,-0.000,-42.534,0.9492,0.8713,0.9215,0.9427,30.000,30.000,30.000,3.1497
3.0920,4.7994,-1.7285,1.1900,-0.003,-0.001,-42.614,0.9492,0.8713,0.9214,0.9426,30.000,30.000,30.000,3.1525
3.0940,4.8031,-1.7336,1.1900,-0.002,-0.000,-42.694,0.9492,0.8713,0.9211,0.9424,30.000,30.000,30.000,3.1539
3.0960,4.8068,-1.7387,1.1900,-0.002,0.001,-42.776,0.9493,0.8713,0.9212,0.9423,30.000,30.000,30.000,3.1560
3.0980,4.8105,-1.7438,1.1900,-0.004,0.001,-42.857,0.9494,0.8713,0.9210,0.9422,30.000,30.000,30.000,3.1578
3.1000,4.8142,-1.7489,1.1900,-0.003,0.000,-42.939,0.9493,0.8713,0.9209,0.9420,30.000,30.000,30.000,3.1584
3.1020,4.8179,-1.7541,1.1900,-0.002,-0.000,-43.020,0.9494,0.8713,0.9210,0.9418,30.000,30.000,30.000,3.1598
3.1040,4.8216,-1.7592,1.1899,-0.000,0.000,-43.102,0.9495,0.8713,0.9210,0.9416,30.000,30.000,30.000,3.1616
3.1060,4.8252,-1.7644,1.1900,-0.002,-0.000,-43.184,0.9496,0.8713,0.9211,0.9415,30.000,30.000,30.000,3.1627
3.1080,4.8289,-1.7695,1.1900,-0.002,0.000,-43.266,0.9497,0.8712,0.9209,0.9414,30.000,30.000,30.000,3.1649
3.1100,4.8325,-1.7747,1.1900,-0.003,0.000,-43.349,0.9499,0.8712,0.9210,0.9413,30.000,30.000,30.000,3.1664
3.1120,4.8362,-1.7799,1.1900,-0.001,0.001,-43.432,0.9499,0.8711,0.9210,0.9411,30.000,30.000,30.000,3.1674
3.1140,4.8398,-1.7851,1.1900,-0.001,0.000,-43.514,0.9500,0.8711,0.9211,0.9410,30.000,30.000,30.000,3.1683
3.1160,4.8435,-1.7903,1.1899,-0.002,-0.001,-43.596,0.9501,0.8711,0.9211,0.9408,30.000,30.000,30.000,3.1688
3.1180,4.8471,-1.7955,1.1899,-0.002,-0.001,-43.678,0.9502,0.8711,0.9208,0.9407,30.000,30.000,30.000,3.1696
3.1200,4.8507,-1.8006,1.1899,-0.002,0.000,-43.760,0.9502,0.8711,0.9211,0.9407,30.000,30.000,30.000,3.1706
3.1220,4.8544,-1.8059,1.1899,-0.002,-0.002,-43.842,0.9503,0.8711,0.9211,0.9408,30.000,30.000,30.000,3.1723
3.1240,4.8580,-1.8111,1.1900,-0.002,-0.001,-43.924,0.9504,0.8711,0.9210,0.9407,30.000,30.000,30.000,3.1741
3.1260,4.8616,-1.8163,1.1900,-0.001,0.000,-44.007,0.9505,0.8711,0.9214,0.9409,30.000,30.000,30.000,3.1757
3.1280,4.8652,-1.8215,1.1900,-0.001,0.000,-44.089,0.9506,0.8711,0.9216,0.9410,30.000,30.000,30.000,3.1777
3.1300,4.8688,-1.8268,1.1900,-0.001,-0.000,-44.172,0.9507,0.8711,0.9217,0.9410,30.000,30.000,30.000,3.1797
3.1320,4.8724,-1.8320,1.1900,-0.001,0.000,-44.255,0.9508,0.8711,0.9215,0.9410,30.000,30.000,30.000,3.1808
3.1340,4.8760,-1.8372,1.1899,-0.002,0.000,-44.337,0.9509,0.8710,0.9215,0.9410,30.000,30.000,30.000,3.1818
3.1360,4.8796,-1.8425,1.1899,-0.004,0.000,-44.420,0.9510,0.8711,0.9216,0.9411,30.000,30.000,30.000,3.1829
3.1380,4.8832,-1.8478,1.1899,-0.004,0.001,-44.502,0.9509,0.8710,0.9214,0.9411,30.000,30.000,30.000,3.1840
3.1400,4.8868,-1.8530,1.1899,-0.003,0.000,-44.583,0.9510,0.8710,0.9215,0.9411,30.000,30.000,30.000,3.1859
3.1420,4.8904,-1.8583,1.1900,-0.002,0.001,-44.667,0.9512,0.8710,0.9212,0.9413,30.000,30.000,30.000,3.1894
3.1440,4.8939,-1.8636,1.1900,-0.004,0.001,-44.750,0.9514,0.8710,0.9211,0.9413,30.000,30.000,30.000,3.1911
3.1460,4.8975,-1.8689,1.1900,-0.005,0.000,-44.834,0.9515,0.8709,0.9212,0.9413,30.000,30.000,30.000,3.1925
3.1480,4.9010,-1.8742,1.1900,-0.002,-0.000,-44.917,0.9518,0.8709,0.9211,0.9412,30.000,30.000,30.000,3.1940
3.1500,4.9046,-1.8796,1.1900,-0.001,0.000,-45.001,0.9521,0.8709,0.9209,0.9412,30.000,30.000,30.000,3.1962
3.1520,4.9081,-1.8849,1.1900,-0.002,-0.000,-45.085,0.9523,0.8709,0.9210,0.9411,30.000,30.000,30.000,3.1971
3.1540,4.9116,-1.8902,1.1900,-0.002,0.001,-45.167,0.9525,0.8709,0.9208,0.9411,30.000,30.000,30.000,3.1979
3.1560,4.9151,-1.8956,1.1900,-0.002,0.000,-45.250,0.9526,0.8709,0.9208,0.9410,30.000,30.000,30.000,3.1980
3.1580,4.9186,-1.9009,1.1899,-0.001,-0.000,-45.332,0.9528,0.8709,0.9207,0.9409,30.000,30.000,30.000,3.1989
3.1600,4.9221,-1.9063,1.1900,-0.001,-0.000,-45.414,0.9529,0.8709,0.9207,0.9409,30.000,30.000,30.000,3.1995
3.1620,4.9257,-1.9116,1.1900,-0.001,-0.000,-45.496,0.9530,0.8709,0.9205,0.9410,30.000,30.000,30.000,3.2011
3.1640,4.9292,-1.9170,1.1900,-0.002,-0.000,-45.578,0.9531,0.8709,0.9205,0.9410,30.000,30.000,30.000,3.2022
3.1660,4.9326,-1.9224,1.1900,-0.000,0.000,-45.660,0.9532,0.8709,0.9206,0.9410,30.000,30.000,30.000,3.2036
3.1680,4.9361,-1.9277,1.1900,-0.002,0.000,-45.742,0.9533,0.8708,0.9204,0.9411,30.000,30.000,30.000,3.2049
3.1700,4.9396,-1.9331,1.1900,-0.002,0.001,-45.824,0.9535,0.8708,0.9201,0.9411,30.000,30.000,30.000,3.2058
3.1720,4.9431,-1.9385,1.1900,-0.002,-0.000,-45.906,0.9535,0.8708,0.9201,0.9412,30.000,30.000,30.000,3.2062
3.1740,4.9466,-1.9439,1.1900,-0.002,-0.000,-45.988,0.9535,0.8708,0.9199,0.9411,30.000,30.000,30.000,3.2079
3.1760,4.9501,-1.9493,1.1900,-0.001,-0.000,-46.069,0.9536,0.8708,0.9199,0.9411,30.000,30.000,30.000,3.2090
3.1780,4.9535,-1.9547,1.1900,-0.002,0.001,-46.151,0.9536,0.8708,0.9197,0.9411,30.000,30.000,30.000,3.2110
3.1800,4.9570,-1.9601,1.1900,-0.001,0.001,-46.232,0.9536,0.8708,0.9198,0.9411,30.000,30.000,30.000,3.2114
3.1820,4.9604,-1.9655,1.1900,-0.001,0.000,-46.313,0.9537,0.8708,0.9196,0.9411,30.000,30.000,30.000,3.2128
3.1840,4.9639,-1.9710,1.1900,-0.001,-0.001,-46.394,0.9537,0.8708,0.9197,0.9410,30.000,30.000,30.000,3.2136
3.1860,4.9673,-1.9764,1.1899,-0.001,-0.001,-46.475,0.9537,0.8708,0.9196,0.9410,30.000,30.000,30.000,3.2152
3.1880,4.9708,-1.9818,1.1900,-0.000,-0.000,-46.556,0.9537,0.8708,0.9198,0.9408,30.000,30.000,30.000,3.2158
3.1900,4.9742,-1.9873,1.1900,-0.001,0.000,-46.637,0.9536,0.8708,0.9196,0.9409,30.000,30.000,30.000,3.2171
3.1920,4.9776,-1.9927,1.1900,-0.000,0.001,-46.718,0.9535,0.8708,0.9194,0.9409,30.000,30.000,30.000,3.2185
3.1940,4.9810,-1.9982,1.1900,-0.002,0.001,-46.799,0.9535,0.8708,0.9193,0.9409,30.000,30.000,30.000,3.2193
3.1960,4.9845,-2.0036,1.1899,-0.001,0.000,-46.879,0.9533,0.8708,0.9193,0.9408,30.000,30.000,30.000,3.2192
3.1980,4.9879,-2.0091,1.1900,-0.002,-0.001,-46.959,0.9533,0.8708,0.9192,0.9408,30.000,30.000,30.000,3.2205
3.2000,4.9913,-2.0145,1.1900,-0.001,0.000,-47.040,0.9532,0.8708,0.9194,0.9409,30.000,30.000,30.000,3.2218
3.2020,4.9948,-2.0200,1.1900,-0.002,0.000,-47.120,0.9531,0.8708,0.9193,0.9410,30.000,30.000,30.000,3.2234
3.2040,4.9982,-2.0255,1.1900,-0.002,0.000,-47.200,0.9530,0.8708,0.9193,0.9411,30.000,30.000,30.000,3.2253
3.2060,5.0016,-2.0310,1.1900,-0.001,0.000,-47.281,0.9529,0.8708,0.9193,0.9411,30.000,30.000,30.000,3.2272
3.2080,5.0050,-2.0364,1.1900,-0.002,0.000,-47.361,0.9528,0.8708,0.9194,0.9411,30.000,30.000,30.000,3.2281
3.2100,5.0084,-2.0419,1.1900,0.001,0.002,-47.441,0.9526,0.8708,0.9195,0.9412,30.000,30.000,30.000,3.2305
3.2120,5.0117,-2.0475,1.1900,-0.002,0.001,-47.521,0.9526,0.8708,0.9197,0.9413,30.000,30.000,30.000,3.2322
3.2140,5.0151,-2.0530,1.1900,-0.004,0.001,-47.601,0.9526,0.8708,0.9197,0.9413,30.000,30.000,30.000,3.2334
3.2160,5.0185,-2.0585,1.1900,-0.002,0.001,-47.680,0.9524,0.8708,0.9198,0.9414,30.000,30.000,30.000,3.2348
3.2180,5.0219,-2.0640,1.1899,-0.003,0.000,-47.758,0.9523,0.8708,0.9196,0.9413,30.000,30.000,30.000,3.2366
3.2200,5.0252,-2.0696,1.1899,-0.001,-0.000,-47.838,0.9523,0.8708,0.9197,0.9413,30.000,30.000,30.000,3.2393
3.2220,5.0286,-2.0751,1.1899,-0.003,-0.000,-47.917,0.9523,0.8708,0.9198,0.9412,30.000,30.000,30.000,3.2416
3.2240,5.0319,-2.0807,1.1900,-0.002,0.000,-47.997,0.9522,0.8708,0.9198,0.9412,30.000,30.000,30.000,3.2439
3.2260,5.0352,-2.0862,1.1900,-0.002,0.000,-48.076,0.9522,0.8708,0.9201,0.9411,30.000,30.000,30.000,3.2453
3.2280,5.0385,-2.0918,1.1900,-0.001,0.000,-48.156,0.9522,0.8708,0.9202,0.9409,30.000,30.000,30.000,3.2468
3.2300,5.0419,-2.0974,1.1900,-0.001,-0.001,-48.236,0.9521,0.8708,0.9201,0.9408,30.000,30.000,30.000,3.2475
3.2320,5.0452,-2.1030,1.1899,-0.002,-0.001,-48.316,0.9520,0.8708,0.9201,0.9406,30.000,30.000,30.000,3.2484
3.2340,5.0485,-2.1086,1.1899,-0.001,-0.000,-48.395,0.9521,0.8709,0.9204,0.9405,30.000,30.000,30.000,3.2493
3.2360,5.0518,-2.1142,1.1899,-0.003,-0.000,-48.474,0.9519,0.8709,0.9204,0.9404,30.000,30.000,30.000,3.2504
3.2380,5.0551,-2.1198,1.1900,-0.004,0.001,-48.554,0.9518,0.8709,0.9206,0.9404,30.000,30.000,30.000,3.2514
3.2400,5.0584,-2.1254,1.1900,-0.004,-0.000,-48.633,0.9516,0.8708,0.9203,0.9404,30.000,30.000,30.000,3.2539
3.2420,5.0617,-2.1310,1.1899,-0.005,-0.002,-48.713,0.9516,0.8708,0.9198,0.9403,30.000,30.000,30.000,3.2553
3.2440,5.0650,-2.1366,1.1899,-0.009,-0.003,-48.793,0.9516,0.8708,0.9194,0.9402,30.000,30.000,30.000,3.2562
3.2460,5.0682,-2.1423,1.1899,-0.006,0.001,-48.873,0.9515,0.8708,0.9189,0.9402,30.000,30.000,30.000,3.2577
3.2480,5.0715,-2.1479,1.1899,-0.005,0.000,-48.953,0.9512,0.8708,0.9194,0.9402,30.000,30.000,30.000,3.2577
3.2500,5.0748,-2.1535,1.1899,-0.004,-0.002,-49.032,0.9513,0.8708,0.9198,0.9402,30.000,30.000,30.000,3.2585
3.2520,5.0781,-2.1592,1.1899,-0.005,-0.003,-49.111,0.9511,0.8709,0.9202,0.9400,30.000,30.000,30.000,3.2594
3.2540,5.0814,-2.1648,1.1899,-0.003,-0.000,-49.190,0.9511,0.8709,0.9204,0.9404,30.000,30.000,30.000,3.2615
3.2560,5.0846,-2.1705,1.1899,-0.002,0.002,-49.270,0.9511,0.8709,0.9203,0.9405,30.000,30.000,30.000,3.2643
3.2580,5.0879,-2.1761,1.1899,-0.004,0.002,-49.350,0.9512,0.8710,0.9200,0.9406,30.000,30.000,30.000,3.2658
3.2600,5.0911,-2.1818,1.1899,-0.009,0.001,-49.430,0.9512,0.8710,0.9200,0.9406,30.000,30.000,30.000,3.2666
3.2620,5.0944,-2.1875,1.1899,-0.005,0.001,-49.511,0.9510,0.8710,0.9197,0.9405,30.000,30.000,30.000,3.2680
3.2640,5.0976,-2.1931,1.1899,-0.002,0.001,-49.592,0.9510,0.8710,0.9202,0.9405,30.000,30.000,30.000,3.2698
3.2660,5.1008,-2.1988,1.1900,-0.004,-0.001,-49.674,0.9511,0.8710,0.9204,0.9405,30.000,30.000,30.000,3.2722
3.2680,5.1040,-2.2045,1.1900,-0.002,-0.000,-49.756,0.9512,0.8710,0.9205,0.9405,30.000,30.000,30.000,3.2737
3.2700,5.1073,-2.2103,1.1900,-0.001,0.000,-49.838,0.9513,0.8710,0.9202,0.9406,30.000,30.000,30.000,3.2760
3.2720,5.1105,-2.2160,1.1900,-0.001,-0.000,-49.919,0.9513,0.8710,0.9201,0.9405,30.000,30.000,30.000,3.2768
3.2740,5.1137,-2.2217,1.1900,-0.001,-0.000,-50.001,0.9514,0.8710,0.9201,0.9405,30.000,30.000,30.000,3.2775
3.2760,5.1169,-2.2274,1.1900,-0.001,0.000,-50.083,0.9514,0.8710,0.9202,0.9405,30.000,30.000,30.000,3.2786
3.2780,5.1200,-2.2332,1.1900,-0.001,0.000,-50.164,0.9514,0.8710,0.9202,0.9405,30.000,30.000,30.000,3.2797
3.2800,5.1232,-2.2389,1.1900,-0.001,-0.000,-50.246,0.9515,0.8710,0.9202,0.9405,30.000,30.000,30.000,3.2810
3.2820,5.1264,-2.2446,1.1900,-0.003,0.001,-50.327,0.9515,0.8710,0.9206,0.9407,30.000,30.000,30.000,3.2835
3.2840,5.1296,-2.2504,1.1900,-0.001,0.002,-50.409,0.9515,0.8710,0.9208,0.9407,30.000,30.000,30.000,3.2858
3.2860,5.1327,-2.2562,1.1900,0.000,0.001,-50.491,0.9516,0.8710,0.9207,0.9407,30.000,30.000,30.000,3.2881
3.2880,5.1359,-2.2619,1.1900,-0.003,0.001,-50.573,0.9517,0.8709,0.9205,0.9407,30.000,30.000,30.000,3.2897
3.2900,5.1390,-2.2677,1.1900,-0.003,0.000,-50.655,0.9517,0.8710,0.9207,0.9407,30.000,30.000,30.000,3.2897
3.2920,5.1422,-2.2735,1.1899,0.000,0.001,-50.736,0.9518,0.8710,0.9208,0.9407,30.000,30.000,30.000,3.2907
3.2940,5.1453,-2.2793,1.1899,0.001,0.002,-50.817,0.9518,0.8710,0.9210,0.9406,30.000,30.000,30.000,3.2918
3.2960,5.1484,-2.2851,1.1899,-0.004,-0.001,-50.899,0.9520,0.8710,0.9209,0.9407,30.000,30.000,30.000,3.2929
3.2980,5.1516,-2.2909,1.1899,-0.006,0.002,-50.981,0.9520,0.8709,0.9208,0.9409,30.000,30.000,30.000,3.2955
3.3000,5.1547,-2.2967,1.1900,-0.007,0.004,-51.063,0.9519,0.8709,0.9212,0.9410,30.000,30.000,30.000,3.2973
3.3020,5.1578,-2.3025,1.1900,-0.004,0.004,-51.144,0.9517,0.8709,0.9213,0.9410,30.000,30.000,30.000,3.2979
3.3040,5.1609,-2.3083,1.1900,-0.003,0.002,-51.225,0.9519,0.8709,0.9213,0.9410,30.000,30.000,30.000,3.2995
3.3060,5.1640,-2.3141,1.1900,-0.002,0.001,-51.306,0.9519,0.8708,0.9213,0.9410,30.000,30.000,30.000,3.3006
3.3080,5.1671,-2.3200,1.1900,-0.001,-0.000,-51.388,0.9519,0.8708,0.9213,0.9409,30.000,30.000,30.000,3.3018
3.3100,5.1702,-2.3258,1.1899,-0.001,-0.001,-51.469,0.9518,0.8708,0.9214,0.9408,30.000,30.000,30.000,3.3024
3.3120,5.1733,-2.3316,1.1900,-0.001,-0.001,-51.549,0.9518,0.8709,0.9215,0.9408,30.000,30.000,30.000,3.3038
3.3140,5.1764,-2.3375,1.1900,-0.002,0.001,-51.628,0.9517,0.8709,0.9220,0.9410,30.000,30.000,30.000,3.3057
3.3160,5.1795,-2.3433,1.1900,-0.001,0.001,-51.708,0.9516,0.8709,0.9221,0.9410,30.000,30.000,30.000,3.3075
3.3180,5.1826,-2.3492,1.1900,-0.002,-0.000,-51.787,0.9515,0.8709,0.9223,0.9411,30.000,30.000,30.000,3.3090
3.3200,5.1857,-2.3551,1.1899,-0.004,-0.001,-51.866,0.9514,0.8709,0.9224,0.9410,30.000,30.000,30.000,3.3112
3.3220,5.1887,-2.3609,1.1899,-0.009,-0.003,-51.947,0.9514,0.8709,0.9224,0.9411,30.000,30.000,30.000,3.3131
3.3240,5.1918,-2.3668,1.1899,-0.009,-0.002,-52.028,0.9514,0.8709,0.9223,0.9414,30.000,30.000,30.000,3.3143
3.3260,5.1948,-2.3727,1.1900,-0.007,0.003,-52.109,0.9517,0.8709,0.9229,0.9418,30.000,30.000,30.000,3.3190
3.3280,5.1979,-2.3786,1.1900,-0.001,0.004,-52.191,0.9517,0.8709,0.9228,0.9420,30.000,30.000,30.000,3.3210
3.3300,5.2009,-2.3845,1.1900,-0.000,0.001,-52.273,0.9519,0.8709,0.9226,0.9421,30.000,30.000,30.000,3.3229
3.3320,5.2039,-2.3905,1.1900,-0.002,-0.002,-52.356,0.9521,0.8710,0.9223,0.9423,30.000,30.000,30.000,3.3245
3.3340,5.2069,-2.3964,1.1900,-0.000,-0.002,-52.439,0.9523,0.8710,0.9223,0.9423,30.000,30.000,30.000,3.3250
3.3360,5.2099,-2.4023,1.1900,0.001,-0.002,-52.522,0.9524,0.8710,0.9224,0.9424,30.000,30.000,30.000,3.3255
3.3380,5.2129,-2.4083,1.1900,0.002,-0.002,-52.603,0.9524,0.8710,0.9224,0.9426,30.000,30.000,30.000,3.3264
3.3400,5.2159,-2.4142,1.1899,0.001,0.001,-52.685,0.9524,0.8710,0.9226,0.9427,30.000,30.000,30.000,3.3283
3.3420,5.2189,-2.4201,1.1900,-0.002,-0.000,-52.766,0.9524,0.8710,0.9224,0.9431,30.000,30.000,30.000,3.3294
3.3440,5.2220,-2.4261,1.1900,-0.002,-0.002,-52.847,0.9525,0.8711,0.9226,0.9433,30.000,30.000,30.000,3.3306
3.3460,5.2249,-2.4320,1.1900,-0.004,-0.003,-52.927,0.9525,0.8711,0.9226,0.9435,30.000,30.000,30.000,3.3326
3.3480,5.2279,-2.4380,1.1900,-0.003,-0.002,-53.007,0.9526,0.8712,0.9225,0.9436,30.000,30.000,30.000,3.3345
3.3500,5.2309,-2.4440,1.1900,-0.002,0.000,-53.087,0.9527,0.8713,0.9228,0.9437,30.000,30.000,30.000,3.3369
3.3520,5.2339,-2.4500,1.1900,-0.002,0.000,-53.168,0.9527,0.8713,0.9227,0.9439,30.000,30.000,30.000,3.3391
3.3540,5.2368,-2.4560,1.1900,-0.002,0.001,-53.248,0.9528,0.8714,0.9227,0.9439,30.000,30.000,30.000,3.3405
3.3560,5.2398,-2.4620,1.1899,-0.002,0.001,-53.329,0.9529,0.8714,0.9226,0.9440,30.000,30.000,30.000,3.3423
3.3580,5.2427,-2.4680,1.1899,-0.003,0.001,-53.410,0.9530,0.8714,0.9226,0.9440,30.000,30.000,30.000,3.3442
3.3600,5.2456,-2.4740,1.1900,-0.005,0.004,-53.493,0.9531,0.8714,0.9224,0.9441,30.000,30.000,30.000,3.3476
3.3620,5.2486,-2.4800,1.1900,-0.005,0.004,-53.574,0.9531,0.8714,0.9228,0.9441,30.000,30.000,30.000,3.3467
3.3640,5.2515,-2.4860,1.1900,-0.004,0.002,-53.655,0.9532,0.8714,0.9231,0.9440,30.000,30.000,30.000,3.3478
3.3660,5.2544,-2.4921,1.1900,-0.002,0.000,-53.736,0.9534,0.8715,0.9233,0.9439,30.000,30.000,30.000,3.3500
3.3680,5.2573,-2.4981,1.1900,-0.001,-0.001,-53.818,0.9535,0.8715,0.9234,0.9438,30.000,30.000,30.000,3.3514
3.3700,5.2602,-2.5041,1.1900,-0.002,-0.000,-53.900,0.9536,0.8716,0.9233,0.9436,30.000,30.000,30.000,3.3525
3.3720,5.2631,-2.5102,1.1900,-0.002,-0.000,-53.981,0.9536,0.8716,0.9235,0.9436,30.000,30.000,30.000,3.3535
3.3740,5.2660,-2.5162,1.1900,-0.001,-0.000,-54.063,0.9537,0.8716,0.9234,0.9437,30.000,30.000,30.000,3.3552
3.3760,5.2689,-2.5223,1.1900,-0.001,0.000,-54.145,0.9538,0.8716,0.9235,0.9437,30.000,30.000,30.000,3.3566
3.3780,5.2718,-2.5284,1.1900,-0.001,0.001,-54.227,0.9538,0.8716,0.9233,0.9438,30.000,30.000,30.000,3.3582
3.3800,5.2746,-2.5345,1.1900,-0.001,-0.000,-54.308,0.9539,0.8716,0.9232,0.9437,30.000,30.000,30.000,3.3598
3.3820,5.2775,-2.5405,1.1900,-0.001,-0.001,-54.390,0.9540,0.8717,0.9233,0.9436,30.000,30.000,30.000,3.3603
3.3840,5.2804,-2.5466,1.1899,0.000,0.001,-54.471,0.9540,0.8718,0.9234,0.9435,30.000,30.000,30.000,3.3615
3.3860,5.2832,-2.5527,1.1900,-0.002,-0.001,-54.551,0.9541,0.8718,0.9234,0.9436,30.000,30.000,30.000,3.3628
3.3880,5.2861,-2.5588,1.1900,-0.002,0.000,-54.633,0.9541,0.8718,0.9234,0.9436,30.000,30.000,30.000,3.3655
3.3900,5.2889,-2.5649,1.1900,-0.003,0.001,-54.714,0.9541,0.8718,0.9236,0.9437,30.000,30.000,30.000,3.3672
3.3920,5.2917,-2.5710,1.1900,-0.005,0.001,-54.795,0.9542,0.8718,0.9237,0.9436,30.000,30.000,30.000,3.3696
3.3940,5.2945,-2.5772,1.1899,-0.003,0.001,-54.876,0.9542,0.8718,0.9235,0.9436,30.000,30.000,30.000,3.3706
3.3960,5.2974,-2.5833,1.1899,-0.002,0.001,-54.957,0.9542,0.8718,0.9236,0.9435,30.000,30.000,30.000,3.3715
3.3980,5.3002,-2.5894,1.1900,-0.002,0.000,-55.037,0.9543,0.8718,0.9234,0.9433,30.000,30.000,30.000,3.3732
3.4000,5.3030,-2.5956,1.1900,-0.002,-0.000,-55.118,0.9543,0.8719,0.9234,0.9432,30.000,30.000,30.000,3.3738
3.4020,5.3058,-2.6017,1.1900,-0.001,-0.000,-55.198,0.9543,0.8719,0.9234,0.9430,30.000,30.000,30.000,3.3752
3.4040,5.3086,-2.6079,1.1900,-0.002,-0.000,-55.279,0.9543,0.8719,0.9235,0.9430,30.000,30.000,30.000,3.3762
3.4060,5.3113,-2.6140,1.1900,-0.001,-0.000,-55.360,0.9543,0.8719,0.9236,0.9428,30.000,30.000,30.000,3.3777
3.4080,5.3141,-2.6202,1.1900,-0.002,-0.000,-55.440,0.9543,0.8720,0.9234,0.9428,30.000,30.000,30.000,3.3787
3.4100,5.3169,-2.6263,1.1899,-0.005,-0.000,-55.520,0.9543,0.8720,0.9236,0.9427,30.000,30.000,30.000,3.3801
3.4120,5.3197,-2.6325,1.1899,-0.010,-0.001,-55.601,0.9542,0.8720,0.9236,0.9426,30.000,30.000,30.000,3.3807
3.4140,5.3224,-2.6387,1.1898,-0.012,-0.003,-55.681,0.9538,0.8720,0.9236,0.9425,30.000,30.000,30.000,3.3813
3.4160,5.3252,-2.6448,1.1899,-0.005,-0.000,-55.761,0.9540,0.8720,0.9234,0.9426,30.000,30.000,30.000,3.3843
3.4180,5.3279,-2.6511,1.1900,-0.007,0.003,-55.841,0.9540,0.8721,0.9247,0.9426,30.000,30.000,30.000,3.3900
3.4200,5.3306,-2.6573,1.1901,-0.015,0.004,-55.919,0.9542,0.8721,0.9255,0.9425,30.000,30.000,30.000,3.3963
3.4220,5.3332,-2.6636,1.1902,-0.019,0.004,-55.998,0.9543,0.8722,0.9263,0.9422,30.000,30.000,30.000,3.3977
3.4240,5.3359,-2.6698,1.1903,-0.024,0.004,-56.078,0.9546,0.8722,0.9269,0.9420,30.000,30.000,30.000,3.3991
3.4260,5.3386,-2.6761,1.1903,-0.027,0.001,-56.159,0.9548,0.8723,0.9274,0.9417,30.000,30.000,30.000,3.4009
3.4280,5.3412,-2.6823,1.1904,-0.030,-0.000,-56.240,0.9550,0.8723,0.9279,0.9414,30.000,30.000,30.000,3.4031
3.4300,5.3439,-2.6886,1.1904,-0.031,-0.000,-56.322,0.9553,0.8723,0.9281,0.9411,30.000,30.000,30.000,3.4042
3.4320,5.3465,-2.6949,1.1903,-0.031,0.000,-56.403,0.9554,0.8724,0.9281,0.9407,30.000,30.000,30.000,3.4047
3.4340,5.3491,-2.7012,1.1903,-0.027,0.002,-56.484,0.9555,0.8724,0.9282,0.9403,30.000,30.000,30.000,3.4056
3.4360,5.3518,-2.7075,1.1903,-0.023,0.003,-56.566,0.9556,0.8724,0.9282,0.9399,30.000,30.000,30.000,3.4069
3.4380,5.3544,-2.7138,1.1902,-0.019,0.004,-56.647,0.9558,0.8725,0.9282,0.9395,30.000,30.000,30.000,3.4077
3.4400,5.3570,-2.7201,1.1901,-0.013,0.004,-56.728,0.9559,0.8725,0.9283,0.9390,30.000,30.000,30.000,3.4088
3.4420,5.3596,-2.7264,1.1900,-0.005,0.002,-56.811,0.9562,0.8726,0.9283,0.9385,30.000,30.000,30.000,3.4103
3.4440,5.3622,-2.7327,1.1900,-0.002,-0.000,-56.894,0.9565,0.8726,0.9284,0.9379,30.000,30.000,30.000,3.4121
3.4460,5.3647,-2.7390,1.1899,-0.004,-0.002,-56.977,0.9568,0.8727,0.9282,0.9375,30.000,30.000,30.000,3.4123
3.4480,5.3673,-2.7453,1.1899,-0.003,-0.001,-57.059,0.9571,0.8727,0.9277,0.9374,30.000,30.000,30.000,3.4125
3.4500,5.3698,-2.7517,1.1899,-0.004,-0.000,-57.141,0.9575,0.8727,0.9280,0.9374,30.000,30.000,30.000,3.4130
3.4520,5.3724,-2.7580,1.1900,0.001,0.002,-57.224,0.9577,0.8727,0.9282,0.9373,30.000,30.000,30.000,3.4146
3.4540,5.3749,-2.7643,1.1900,-0.000,-0.000,-57.307,0.9581,0.8728,0.9285,0.9373,30.000,30.000,30.000,3.4155
3.4560,5.3775,-2.7707,1.1900,-0.003,-0.001,-57.390,0.9585,0.8727,0.9287,0.9373,30.000,30.000,30.000,3.4177
3.4580,5.3800,-2.7770,1.1900,-0.005,-0.002,-57.475,0.9589,0.8727,0.9288,0.9372,30.000,30.000,30.000,3.4186
3.4600,5.3825,-2.7834,1.1900,-0.004,-0.001,-57.559,0.9591,0.8727,0.9287,0.9371,30.000,30.000,30.000,3.4192
3.4620,5.3850,-2.7898,1.1899,-0.003,0.000,-57.643,0.9593,0.8726,0.9288,0.9369,30.000,30.000,30.000,3.4199
3.4640,5.3875,-2.7961,1.1899,-0.003,0.000,-57.726,0.9596,0.8726,0.9286,0.9368,30.000,30.000,30.000,3.4199
3.4660,5.3900,-2.8025,1.1899,-0.001,0.000,-57.808,0.9596,0.8727,0.9287,0.9367,30.000,30.000,30.000,3.4191
3.4680,5.3925,-2.8089,1.1900,-0.002,-0.001,-57.890,0.9599,0.8727,0.9285,0.9366,30.000,30.000,30.000,3.4203
3.4700,5.3950,-2.8152,1.1900,-0.002,-0.001,-57.972,0.9600,0.8727,0.9282,0.9366,30.000,30.000,30.000,3.4210
3.4720,5.3975,-2.8216,1.1900,-0.001,0.000,-58.054,0.9601,0.8728,0.9283,0.9367,30.000,30.000,30.000,3.4222
3.4740,5.3999,-2.8280,1.1900,-0.001,0.000,-58.137,0.9603,0.8728,0.9281,0.9368,30.000,30.000,30.000,3.4236
3.4760,5.4024,-2.8344,1.1900,-0.002,-0.000,-58.219,0.9604,0.8728,0.9280,0.9368,30.000,30.000,30.000,3.4239
3.4780,5.4049,-2.8408,1.1899,-0.006,-0.000,-58.302,0.9605,0.8728,0.9279,0.9367,30.000,30.000,30.000,3.4244
3.4800,5.4074,-2.8472,1.1899,-0.004,-0.000,-58.384,0.9605,0.8729,0.9276,0.9368,30.000,30.000,30.000,3.4246
3.4820,5.4098,-2.8536,1.1900,-0.003,0.001,-58.466,0.9607,0.8729,0.9281,0.9370,30.000,30.000,30.000,3.4267
3.4840,5.4122,-2.8600,1.1900,-0.003,0.001,-58.549,0.9608,0.8729,0.9283,0.9371,30.000,30.000,30.000,3.4288
3.4860,5.4147,-2.8664,1.1900,-0.003,0.001,-58.632,0.9609,0.8729,0.9282,0.9372,30.000,30.000,30.000,3.4302
3.4880,5.4171,-2.8728,1.1900,-0.003,0.000,-58.715,0.9610,0.8730,0.9281,0.9372,30.000,30.000,30.000,3.4309
3.4900,5.4195,-2.8792,1.1899,-0.004,0.000,-58.798,0.9612,0.8730,0.9281,0.9372,30.000,30.000,30.000,3.4318
3.4920,5.4219,-2.8857,1.1899,-0.002,0.000,-58.880,0.9611,0.8731,0.9278,0.9372,30.000,30.000,30.000,3.4320
3.4940,5.4244,-2.8921,1.1900,-0.001,0.000,-58.962,0.9612,0.8731,0.9277,0.9371,30.000,30.000,30.000,3.4331
3.4960,5.4268,-2.8985,1.1900,-0.002,0.000,-59.045,0.9612,0.8731,0.9279,0.9373,30.000,30.000,30.000,3.4342
3.4980,5.4291,-2.9050,1.1900,-0.003,0.001,-59.128,0.9613,0.8731,0.9279,0.9373,30.000,30.000,30.000,3.4359
3.5000,5.4315,-2.9114,1.1900,-0.000,-0.000,-59.210,0.9613,0.8731,0.9277,0.9373,30.000,30.000,30.000,3.4367
3.5020,5.4339,-2.9179,1.1900,0.001,-0.001,-59.291,0.9613,0.8732,0.9278,0.9373,30.000,30.000,30.000,3.4370
3.5040,5.4363,-2.9243,1.1900,-0.000,-0.002,-59.373,0.9613,0.8733,0.9278,0.9373,30.000,30.000,30.000,3.4379
3.5060,5.4387,-2.9308,1.1899,-0.004,-0.003,-59.455,0.9611,0.8734,0.9279,0.9372,30.000,30.000,30.000,3.4383
3.5080,5.4411,-2.9372,1.1899,-0.004,-0.006,-59.537,0.9611,0.8734,0.9279,0.9375,30.000,30.000,30.000,3.4392
3.5100,5.4434,-2.9437,1.1898,-0.010,-0.007,-59.619,0.9611,0.8735,0.9278,0.9375,30.000,30.000,30.000,3.4409
3.5120,5.4458,-2.9501,1.1899,-0.004,-0.001,-59.703,0.9612,0.8736,0.9277,0.9374,30.000,30.000,30.000,3.4439
3.5140,5.4481,-2.9566,1.1900,-0.008,0.005,-59.786,0.9614,0.8736,0.9275,0.9376,30.000,30.000,30.000,3.4478
3.5160,5.4504,-2.9632,1.1901,-0.011,0.007,-59.870,0.9618,0.8736,0.9274,0.9376,30.000,30.000,30.000,3.4513
3.5180,5.4526,-2.9697,1.1901,-0.016,0.008,-59.956,0.9621,0.8736,0.9272,0.9375,30.000,30.000,30.000,3.4530
3.5200,5.4549,-2.9762,1.1902,-0.019,0.006,-60.042,0.9628,0.8737,0.9270,0.9375,30.000,30.000,30.000,3.4538
3.5220,5.4571,-2.9828,1.1902,-0.022,0.004,-60.128,0.9632,0.8737,0.9268,0.9374,30.000,30.000,30.000,3.4542
3.5240,5.4593,-2.9893,1.1902,-0.021,0.003,-60.215,0.9636,0.8737,0.9266,0.9372,30.000,30.000,30.000,3.4546
3.5260,5.4615,-2.9958,1.1902,-0.020,0.001,-60.302,0.9641,0.8737,0.9266,0.9370,30.000,30.000,30.000,3.4547
3.5280,5.4638,-3.0024,1.1902,-0.020,-0.002,-60.388,0.9645,0.8737,0.9266,0.9368,30.000,30.000,30.000,3.4545
3.5300,5.4660,-3.0089,1.1902,-0.015,-0.001,-60.475,0.9649,0.8737,0.9265,0.9366,30.000,30.000,30.000,3.4549
3.5320,5.4682,-3.0155,1.1901,-0.012,-0.000,-60.561,0.9652,0.8737,0.9267,0.9363,30.000,30.000,30.000,3.4553
3.5340,5.4703,-3.0220,1.1900,-0.006,0.002,-60.646,0.9654,0.8737,0.9267,0.9360,30.000,30.000,30.000,3.4563
3.5360,5.4725,-3.0286,1.1900,-0.002,0.000,-60.731,0.9657,0.8737,0.9268,0.9356,30.000,30.000,30.000,3.4571
3.5380,5.4747,-3.0352,1.1900,0.000,-0.001,-60.815,0.9661,0.8738,0.9266,0.9353,30.000,30.000,30.000,3.4573
3.5400,5.4768,-3.0417,1.1899,-0.003,-0.002,-60.900,0.9663,0.8738,0.9269,0.9348,30.000,30.000,30.000,3.4571
3.5420,5.4790,-3.0483,1.1899,-0.002,-0.001,-60.985,0.9663,0.8738,0.9271,0.9346,30.000,30.000,30.000,3.4564
3.5440,5.4811,-3.0549,1.1899,-0.003,-0.000,-61.069,0.9665,0.8739,0.9268,0.9345,30.000,30.000,30.000,3.4566
3.5460,5.4833,-3.0615,1.1900,-0.001,0.000,-61.154,0.9667,0.8739,0.9268,0.9345,30.000,30.000,30.000,3.4580
3.5480,5.4854,-3.0680,1.1900,-0.001,0.000,-61.238,0.9669,0.8739,0.9270,0.9344,30.000,30.000,30.000,3.4578
3.5500,5.4875,-3.0746,1.1900,-0.001,0.000,-61.323,0.9669,0.8739,0.9271,0.9343,30.000,30.000,30.000,3.4583
3.5520,5.4897,-3.0812,1.1900,-0.002,-0.000,-61.407,0.9670,0.8740,0.9271,0.9342,30.000,30.000,30.000,3.4585
3.5540,5.4918,-3.0878,1.1899,0.000,0.000,-61.492,0.9670,0.8740,0.9273,0.9341,30.000,30.000,30.000,3.4588
3.5560,5.4939,-3.0944,1.1899,-0.005,-0.002,-61.576,0.9669,0.8740,0.9272,0.9339,30.000,30.000,30.000,3.4594
3.5580,5.4960,-3.1010,1.1899,-0.008,-0.005,-61.659,0.9670,0.8742,0.9270,0.9339,30.000,30.000,30.000,3.4588
3.5600,5.4981,-3.1075,1.1899,-0.015,-0.008,-61.744,0.9671,0.8743,0.9268,0.9343,30.000,30.000,30.000,3.4599
3.5620,5.5002,-3.1142,1.1900,-0.003,-0.002,-61.828,0.9673,0.8744,0.9266,0.9346,30.000,30.000,30.000,3.4636
3.5640,5.5022,-3.1208,1.1901,-0.001,0.003,-61.914,0.9674,0.8745,0.9280,0.9347,30.000,30.000,30.000,3.4664
3.5660,5.5043,-3.1274,1.1901,-0.000,0.006,-62.000,0.9675,0.8746,0.9293,0.9347,30.000,30.000,30.000,3.4677
3.5680,5.5063,-3.1340,1.1901,-0.001,0.008,-62.086,0.9675,0.8746,0.9305,0.9347,30.000,30.000,30.000,3.4689
3.5700,5.5084,-3.1407,1.1901,-0.001,0.009,-62.172,0.9674,0.8746,0.9317,0.9346,30.000,30.000,30.000,3.4701
3.5720,5.5104,-3.1473,1.1901,-0.003,0.007,-62.258,0.9673,0.8746,0.9328,0.9345,30.000,30.000,30.000,3.4713
3.5740,5.5125,-3.1539,1.1901,-0.004,0.003,-62.343,0.9673,0.8747,0.9338,0.9344,30.000,30.000,30.000,3.4729
3.5760,5.5145,-3.1606,1.1900,-0.003,-0.000,-62.429,0.9674,0.8747,0.9347,0.9342,30.000,30.000,30.000,3.4746
3.5780,5.5166,-3.1672,1.1900,0.002,-0.003,-62.516,0.9674,0.8748,0.9354,0.9340,30.000,30.000,30.000,3.4773
3.5800,5.5186,-3.1739,1.1899,0.001,-0.003,-62.603,0.9674,0.8748,0.9354,0.9336,30.000,30.000,30.000,3.4787
3.5820,5.5206,-3.1805,1.1899,0.001,-0.003,-62.691,0.9673,0.8748,0.9354,0.9338,30.000,30.000,30.000,3.4791
3.5840,5.5226,-3.1872,1.1900,-0.001,-0.001,-62.777,0.9671,0.8748,0.9357,0.9338,30.000,30.000,30.000,3.4798
3.5860,5.5247,-3.1939,1.1899,-0.004,-0.000,-62.863,0.9669,0.8749,0.9357,0.9336,30.000,30.000,30.000,3.4811
3.5880,5.5267,-3.2005,1.1899,-0.006,0.001,-62.948,0.9668,0.8749,0.9354,0.9333,30.000,30.000,30.000,3.4821
3.5900,5.5287,-3.2072,1.1899,-0.005,0.001,-63.034,0.9665,0.8749,0.9355,0.9330,30.000,30.000,30.000,3.4826
3.5920,5.5307,-3.2139,1.1899,-0.006,-0.000,-63.120,0.9664,0.8750,0.9354,0.9326,30.000,30.000,30.000,3.4839
3.5940,5.5326,-3.2206,1.1900,-0.002,0.000,-63.207,0.9664,0.8751,0.9351,0.9323,30.000,30.000,30.000,3.4857
3.5960,5.5346,-3.2273,1.1900,-0.001,-0.000,-63.294,0.9663,0.8752,0.9355,0.9320,30.000,30.000,30.000,3.4865
3.5980,5.5365,-3.2340,1.1900,-0.002,-0.001,-63.382,0.9663,0.8752,0.9357,0.9316,30.000,30.000,30.000,3.4877
3.6000,5.5385,-3.2407,1.1899,-0.003,-0.002,-63.470,0.9662,0.8752,0.9359,0.9313,30.000,30.000,30.000,3.4880
3.6020,5.5404,-3.2474,1.1899,-0.004,-0.002,-63.558,0.9660,0.8753,0.9359,0.9309,30.000,30.000,30.000,3.4884
3.6040,5.5424,-3.2541,1.1899,-0.004,-0.001,-63.646,0.9659,0.8753,0.9357,0.9308,30.000,30.000,30.000,3.4889
3.6060,5.5443,-3.2608,1.1899,-0.004,0.000,-63.734,0.9659,0.8753,0.9360,0.9308,30.000,30.000,30.000,3.4908
3.6080,5.5462,-3.2675,1.1900,-0.004,0.001,-63.823,0.9659,0.8753,0.9358,0.9309,30.000,30.000,30.000,3.4925
3.6100,5.5481,-3.2742,1.1900,-0.004,0.002,-63.912,0.9659,0.8753,0.9357,0.9308,30.000,30.000,30.000,3.4939
3.6120,5.5500,-3.2809,1.1900,-0.005,0.002,-64.001,0.9659,0.8754,0.9358,0.9308,30.000,30.000,30.000,3.4946
3.6140,5.5519,-3.2877,1.1900,-0.004,0.001,-64.091,0.9659,0.8754,0.9357,0.9307,30.000,30.000,30.000,3.4961
3.6160,5.5538,-3.2944,1.1899,-0.004,-0.001,-64.181,0.9659,0.8755,0.9359,0.9306,30.000,30.000,30.000,3.4970
3.6180,5.5556,-3.3012,1.1899,-0.007,-0.002,-64.270,0.9660,0.8755,0.9359,0.9305,30.000,30.000,30.000,3.4981
3.6200,5.5575,-3.3079,1.1899,-0.003,0.000,-64.361,0.9661,0.8755,0.9359,0.9306,30.000,30.000,30.000,3.5000
3.6220,5.5593,-3.3147,1.1900,-0.004,0.001,-64.451,0.9661,0.8755,0.9350,0.9307,30.000,30.000,30.000,3.5007
3.6240,5.5611,-3.3214,1.1900,-0.004,0.002,-64.540,0.9659,0.8755,0.9344,0.9307,30.000,30.000,30.000,3.5012
3.6260,5.5630,-3.3282,1.1900,-0.003,0.001,-64.630,0.9659,0.8754,0.9339,0.9307,30.000,30.000,30.000,3.5022
3.6280,5.5648,-3.3350,1.1900,-0.001,0.000,-64.720,0.9660,0.8754,0.9336,0.9306,30.000,30.000,30.000,3.5022
3.6300,5.5666,-3.3417,1.1900,-0.001,-0.000,-64.810,0.9660,0.8754,0.9333,0.9305,30.000,30.000,30.000,3.5028
3.6320,5.5684,-3.3485,1.1900,0.001,-0.002,-64.900,0.9660,0.8754,0.9332,0.9304,30.000,30.000,30.000,3.5023
3.6340,5.5702,-3.3553,1.1900,0.000,-0.002,-64.988,0.9658,0.8755,0.9333,0.9302,30.000,30.000,30.000,3.5023
3.6360,5.5720,-3.3620,1.1899,0.001,-0.001,-65.076,0.9656,0.8756,0.9332,0.9303,30.000,30.000,30.000,3.5028
3.6380,5.5738,-3.3688,1.1899,-0.002,-0.001,-65.164,0.9654,0.8756,0.9332,0.9302,30.000,30.000,30.000,3.5040
3.6400,5.5755,-3.3756,1.1899,-0.007,-0.001,-65.251,0.9651,0.8757,0.9331,0.9303,30.000,30.000,30.000,3.5051
3.6420,5.5773,-3.3824,1.1900,-0.001,0.001,-65.339,0.9650,0.8757,0.9329,0.9304,30.000,30.000,30.000,3.5078
3.6440,5.5790,-3.3892,1.1900,-0.005,0.002,-65.428,0.9649,0.8757,0.9336,0.9306,30.000,30.000,30.000,3.5104
3.6460,5.5808,-3.3960,1.1900,-0.007,0.002,-65.517,0.9648,0.8757,0.9341,0.9308,30.000,30.000,30.000,3.5122
3.6480,5.5825,-3.4028,1.1900,-0.009,0.004,-65.606,0.9648,0.8758,0.9345,0.9310,30.000,30.000,30.000,3.5145
3.6500,5.5842,-3.4096,1.1900,-0.006,0.004,-65.696,0.9647,0.8758,0.9348,0.9311,30.000,30.000,30.000,3.5156
3.6520,5.5859,-3.4165,1.1900,-0.006,0.002,-65.786,0.9647,0.8758,0.9347,0.9312,30.000,30.000,30.000,3.5173
3.6540,5.5876,-3.4233,1.1899,-0.008,0.001,-65.876,0.9648,0.8759,0.9346,0.9312,30.000,30.000,30.000,3.5191
3.6560,5.5893,-3.4301,1.1900,-0.003,0.000,-65.966,0.9646,0.8759,0.9343,0.9312,30.000,30.000,30.000,3.5197
3.6580,5.5910,-3.4370,1.1900,-0.002,-0.000,-66.056,0.9648,0.8760,0.9349,0.9313,30.000,30.000,30.000,3.5212
3.6600,5.5926,-3.4438,1.1900,-0.002,0.000,-66.147,0.9648,0.8760,0.9353,0.9314,30.000,30.000,30.000,3.5236
3.6620,5.5942,-3.4507,1.1900,-0.001,0.000,-66.238,0.9649,0.8761,0.9354,0.9315,30.000,30.000,30.000,3.5256
3.6640,5.5959,-3.4575,1.1900,-0.002,0.000,-66.329,0.9649,0.8761,0.9352,0.9315,30.000,30.000,30.000,3.5266
3.6660,5.5975,-3.4644,1.1899,-0.003,0.000,-66.419,0.9648,0.8761,0.9350,0.9315,30.000,30.000,30.000,3.5267
3.6680,5.5991,-3.4713,1.1900,-0.001,0.001,-66.510,0.9648,0.8762,0.9350,0.9316,30.000,30.000,30.000,3.5275
3.6700,5.6007,-3.4781,1.1900,-0.003,0.001,-66.600,0.9648,0.8762,0.9347,0.9318,30.000,30.000,30.000,3.5299
3.6720,5.6023,-3.4850,1.1900,-0.005,0.002,-66.690,0.9648,0.8762,0.9345,0.9320,30.000,30.000,30.000,3.5313
3.6740,5.6039,-3.4919,1.1900,-0.006,0.003,-66.779,0.9648,0.8762,0.9345,0.9321,30.000,30.000,30.000,3.5329
3.6760,5.6055,-3.4988,1.1900,-0.008,0.004,-66.869,0.9650,0.8762,0.9342,0.9322,30.000,30.000,30.000,3.5344
3.6780,5.6070,-3.5057,1.1899,-0.005,0.001,-66.959,0.9648,0.8763,0.9341,0.9322,30.000,30.000,30.000,3.5350
3.6800,5.6086,-3.5126,1.1899,-0.003,-0.003,-67.049,0.9651,0.8764,0.9339,0.9321,30.000,30.000,30.000,3.5368
3.6820,5.6101,-3.5195,1.1900,-0.004,-0.001,-67.142,0.9655,0.8764,0.9337,0.9324,30.000,30.000,30.000,3.5404
3.6840,5.6116,-3.5264,1.1900,-0.007,0.003,-67.234,0.9658,0.8765,0.9342,0.9328,30.000,30.000,30.000,3.5423
3.6860,5.6130,-3.5334,1.1900,-0.010,0.005,-67.325,0.9658,0.8766,0.9345,0.9332,30.000,30.000,30.000,3.5434
3.6880,5.6145,-3.5403,1.1900,-0.009,0.007,-67.415,0.9662,0.8766,0.9346,0.9335,30.000,30.000,30.000,3.5452
3.6900,5.6159,-3.5473,1.1900,-0.005,0.004,-67.507,0.9665,0.8766,0.9345,0.9337,30.000,30.000,30.000,3.5483
3.6920,5.6174,-3.5542,1.1901,-0.004,-0.001,-67.600,0.9673,0.8766,0.9342,0.9339,30.000,30.000,30.000,3.5503
3.6940,5.6187,-3.5612,1.1901,-0.007,-0.003,-67.696,0.9677,0.8766,0.9339,0.9341,30.000,30.000,30.000,3.5544
3.6960,5.6201,-3.5682,1.1901,-0.009,-0.005,-67.790,0.9681,0.8765,0.9341,0.9342,30.000,30.000,30.000,3.5533
3.6980,5.6215,-3.5751,1.1900,-0.006,-0.004,-67.884,0.9682,0.8765,0.9341,0.9343,30.000,30.000,30.000,3.5534
3.7000,5.6229,-3.5821,1.1900,-0.002,-0.002,-67.976,0.9683,0.8764,0.9338,0.9344,30.000,30.000,30.000,3.5538
3.7020,5.6242,-3.5891,1.1899,-0.001,-0.001,-68.069,0.9683,0.8764,0.9334,0.9344,30.000,30.000,30.000,3.5538
3.7040,5.6256,-3.5961,1.1900,-0.002,0.001,-68.160,0.9683,0.8764,0.9333,0.9346,30.000,30.000,30.000,3.5525
3.7060,5.6270,-3.6030,1.1899,-0.007,0.002,-68.252,0.9682,0.8763,0.9331,0.9349,30.000,30.000,30.000,3.5548
3.7080,5.6283,-3.6100,1.1899,-0.009,0.005,-68.342,0.9681,0.8762,0.9328,0.9352,30.000,30.000,30.000,3.5564
3.7100,5.6297,-3.6170,1.1900,-0.012,0.007,-68.431,0.9678,0.8762,0.9332,0.9354,30.000,30.000,30.000,3.5570
3.7120,5.6310,-3.6240,1.1900,-0.011,0.007,-68.519,0.9673,0.8763,0.9335,0.9355,30.000,30.000,30.000,3.5583
3.7140,5.6324,-3.6310,1.1900,-0.008,0.005,-68.606,0.9675,0.8763,0.9334,0.9356,30.000,30.000,30.000,3.5600
3.7160,5.6337,-3.6380,1.1900,-0.005,0.002,-68.694,0.9676,0.8764,0.9333,0.9356,30.000,30.000,30.000,3.5615
3.7180,5.6350,-3.6450,1.1900,-0.004,-0.001,-68.782,0.9675,0.8764,0.9330,0.9356,30.000,30.000,30.000,3.5625
3.7200,5.6363,-3.6520,1.1899,-0.000,-0.003,-68.870,0.9675,0.8765,0.9326,0.9356,30.000,30.000,30.000,3.5633
3.7220,5.6376,-3.6590,1.1899,0.003,-0.004,-68.959,0.9675,0.8765,0.9326,0.9355,30.000,30.000,30.000,3.5639
3.7240,5.6389,-3.6660,1.1899,0.005,-0.006,-69.047,0.9673,0.8765,0.9321,0.9354,30.000,30.000,30.000,3.5645
3.7260,5.6402,-3.6730,1.1899,-0.003,-0.004,-69.134,0.9670,0.8766,0.9321,0.9352,30.000,30.000,30.000,3.5633
3.7280,5.6415,-3.6800,1.1899,-0.010,-0.003,-69.221,0.9666,0.8766,0.9318,0.9360,30.000,30.000,30.000,3.5631
3.7300,5.6428,-3.6870,1.1899,-0.008,-0.001,-69.309,0.9665,0.8767,0.9314,0.9366,30.000,30.000,30.000,3.5656
3.7320,5.6441,-3.6940,1.1899,-0.007,0.002,-69.397,0.9664,0.8767,0.9318,0.9373,30.000,30.000,30.000,3.5688
3.7340,5.6454,-3.7011,1.1900,-0.006,0.003,-69.486,0.9663,0.8767,0.9318,0.9378,30.000,30.000,30.000,3.5728
3.7360,5.6466,-3.7081,1.1900,-0.005,0.003,-69.576,0.9663,0.8767,0.9316,0.9383,30.000,30.000,30.000,3.5751
3.7380,5.6478,-3.7152,1.1900,-0.006,0.002,-69.666,0.9664,0.8768,0.9314,0.9387,30.000,30.000,30.000,3.5762
3.7400,5.6490,-3.7222,1.1900,-0.004,0.002,-69.756,0.9665,0.8769,0.9311,0.9391,30.000,30.000,30.000,3.5776
3.7420,5.6502,-3.7293,1.1899,-0.002,0.002,-69.846,0.9665,0.8769,0.9308,0.9394,30.000,30.000,30.000,3.5789
3.7440,5.6514,-3.7363,1.1899,-0.001,0.003,-69.935,0.9664,0.8770,0.9304,0.9396,30.000,30.000,30.000,3.5799
3.7460,5.6526,-3.7434,1.1899,-0.005,0.001,-70.025,0.9666,0.8770,0.9300,0.9398,30.000,30.000,30.000,3.5808
3.7480,5.6538,-3.7505,1.1899,-0.003,0.000,-70.112,0.9664,0.8773,0.9294,0.9399,30.000,30.000,30.000,3.5805
3.7500,5.6550,-3.7575,1.1900,-0.002,-0.000,-70.198,0.9665,0.8775,0.9292,0.9400,30.000,30.000,30.000,3.5815
3.7520,5.6562,-3.7646,1.1900,-0.003,0.000,-70.285,0.9665,0.8777,0.9289,0.9401,30.000,30.000,30.000,3.5830
3.7540,5.6573,-3.7717,1.1899,-0.004,0.001,-70.372,0.9664,0.8779,0.9286,0.9401,30.000,30.000,30.000,3.5833
3.7560,5.6585,-3.7787,1.1899,-0.003,0.001,-70.459,0.9661,0.8781,0.9282,0.9401,30.000,30.000,30.000,3.5839
3.7580,5.6596,-3.7858,1.1899,-0.004,0.000,-70.545,0.9661,0.8782,0.9282,0.9401,30.000,30.000,30.000,3.5849
3.7600,5.6608,-3.7929,1.1900,-0.004,0.001,-70.633,0.9659,0.8783,0.9279,0.9401,30.000,30.000,30.000,3.5867
3.7620,5.6619,-3.8000,1.1900,-0.005,0.002,-70.722,0.9659,0.8783,0.9279,0.9401,30.000,30.000,30.000,3.5892
3.7640,5.6630,-3.8071,1.1900,-0.004,0.002,-70.809,0.9656,0.8784,0.9275,0.9400,30.000,30.000,30.000,3.5892
3.7660,5.6641,-3.8142,1.1900,-0.003,0.001,-70.897,0.9656,0.8784,0.9273,0.9399,30.000,30.000,30.000,3.5904
3.7680,5.6652,-3.8213,1.1900,-0.004,0.000,-70.986,0.9655,0.8784,0.9270,0.9398,30.000,30.000,30.000,3.5911
3.7700,5.6662,-3.8284,1.1900,-0.001,0.000,-71.075,0.9654,0.8784,0.9268,0.9396,30.000,30.000,30.000,3.5934
3.7720,5.6673,-3.8355,1.1900,-0.002,0.001,-71.163,0.9653,0.8786,0.9270,0.9395,30.000,30.000,30.000,3.5942
3.7740,5.6683,-3.8426,1.1900,-0.003,-0.000,-71.250,0.9651,0.8787,0.9271,0.9393,30.000,30.000,30.000,3.5960
3.7760,5.6694,-3.8497,1.1899,-0.005,-0.002,-71.338,0.9651,0.8788,0.9270,0.9391,30.000,30.000,30.000,3.5966
3.7780,5.6704,-3.8569,1.1899,-0.002,0.000,-71.426,0.9650,0.8789,0.9269,0.9389,30.000,30.000,30.000,3.5980
3.7800,5.6714,-3.8640,1.1900,-0.004,0.002,-71.515,0.9651,0.8789,0.9261,0.9390,30.000,30.000,30.000,3.6006
3.7820,5.6724,-3.8711,1.1900,-0.003,0.002,-71.604,0.9651,0.8790,0.9255,0.9390,30.000,30.000,30.000,3.6010
3.7840,5.6733,-3.8783,1.1900,-0.005,0.003,-71.693,0.9653,0.8791,0.9249,0.9390,30.000,30.000,30.000,3.6010
3.7860,5.6743,-3.8854,1.1900,-0.005,0.003,-71.782,0.9652,0.8792,0.9244,0.9390,30.000,30.000,30.000,3.6011
3.7880,5.6753,-3.8925,1.1899,-0.007,0.001,-71.872,0.9652,0.8793,0.9240,0.9389,30.000,30.000,30.000,3.6016
3.7900,5.6762,-3.8997,1.1900,-0.002,0.000,-71.962,0.9654,0.8793,0.9235,0.9388,30.000,30.000,30.000,3.6031
3.7920,5.6771,-3.9068,1.1900,-0.002,0.000,-72.053,0.9656,0.8793,0.9236,0.9387,30.000,30.000,30.000,3.6039
3.7940,5.6780,-3.9140,1.1900,-0.001,0.000,-72.144,0.9657,0.8794,0.9236,0.9386,30.000,30.000,30.000,3.6045
3.7960,5.6789,-3.9211,1.1900,-0.003,-0.000,-72.235,0.9658,0.8794,0.9233,0.9385,30.000,30.000,30.000,3.6050
3.7980,5.6798,-3.9283,1.1899,0.001,0.001,-72.325,0.9658,0.8794,0.9229,0.9383,30.000,30.000,30.000,3.6052
3.8000,5.6807,-3.9354,1.1899,-0.003,-0.001,-72.416,0.9659,0.8795,0.9228,0.9381,30.000,30.000,30.000,3.6050
3.8020,5.6816,-3.9426,1.1899,-0.002,-0.001,-72.505,0.9659,0.8796,0.9227,0.9380,30.000,30.000,30.000,3.6042
3.8040,5.6825,-3.9498,1.1900,-0.002,0.002,-72.594,0.9659,0.8798,0.9227,0.9381,30.000,30.000,30.000,3.6066
3.8060,5.6833,-3.9569,1.1900,-0.005,0.003,-72.683,0.9659,0.8799,0.9228,0.9381,30.000,30.000,30.000,3.6073
3.8080,5.6842,-3.9641,1.1900,-0.005,0.003,-72.772,0.9659,0.8799,0.9229,0.9381,30.000,30.000,30.000,3.6092
3.8100,5.6850,-3.9713,1.1900,-0.005,0.003,-72.861,0.9659,0.8800,0.9228,0.9380,30.000,30.000,30.000,3.6104
3.8120,5.6858,-3.9784,1.1900,-0.004,0.002,-72.951,0.9661,0.8800,0.9227,0.9379,30.000,30.000,30.000,3.6119
3.8140,5.6866,-3.9856,1.1900,-0.004,0.002,-73.041,0.9663,0.8801,0.9226,0.9378,30.000,30.000,30.000,3.6130
3.8160,5.6874,-3.9928,1.1899,-0.006,0.000,-73.132,0.9663,0.8801,0.9227,0.9376,30.000,30.000,30.000,3.6137
3.8180,5.6882,-4.0000,1.1899,-0.002,0.000,-73.222,0.9665,0.8802,0.9227,0.9374,30.000,30.000,30.000,3.6149
3.8200,5.6889,-4.0072,1.1899,-0.005,-0.001,-73.313,0.9667,0.8802,0.9223,0.9373,30.000,30.000,30.000,3.6161
3.8220,5.6897,-4.0144,1.1899,-0.004,0.002,-73.403,0.9669,0.8803,0.9218,0.9371,30.000,30.000,30.000,3.6165
3.8240,5.6904,-4.0216,1.1899,-0.002,0.004,-73.493,0.9668,0.8803,0.9221,0.9370,30.000,30.000,30.000,3.6160
3.8260,5.6911,-4.0288,1.1900,-0.004,0.003,-73.584,0.9671,0.8802,0.9221,0.9368,30.000,30.000,30.000,3.6170
3.8280,5.6918,-4.0360,1.1899,-0.004,0.001,-73.674,0.9670,0.8804,0.9221,0.9366,30.000,30.000,30.000,3.6160
3.8300,5.6926,-4.0432,1.1900,-0.001,0.000,-73.763,0.9672,0.8805,0.9222,0.9364,30.000,30.000,30.000,3.6163
3.8320,5.6933,-4.0504,1.1900,-0.002,-0.000,-73.853,0.9672,0.8805,0.9219,0.9362,30.000,30.000,30.000,3.6171
3.8340,5.6939,-4.0576,1.1900,-0.002,0.000,-73.943,0.9672,0.8805,0.9217,0.9360,30.000,30.000,30.000,3.6178
3.8360,5.6946,-4.0648,1.1899,-0.003,0.001,-74.034,0.9671,0.8805,0.9216,0.9358,30.000,30.000,30.000,3.6178
3.8380,5.6953,-4.0720,1.1899,-0.002,0.001,-74.124,0.9671,0.8805,0.9214,0.9356,30.000,30.000,30.000,3.6178
3.8400,5.6960,-4.0792,1.1899,-0.002,0.001,-74.214,0.9671,0.8806,0.9217,0.9355,30.000,30.000,30.000,3.6176
3.8420,5.6966,-4.0864,1.1900,-0.003,0.002,-74.304,0.9672,0.8807,0.9216,0.9355,30.000,30.000,30.000,3.6195
3.8440,5.6973,-4.0936,1.1900,-0.003,0.002,-74.394,0.9671,0.8808,0.9219,0.9355,30.000,30.000,30.000,3.6187
3.8460,5.6980,-4.1008,1.1900,-0.002,0.001,-74.483,0.9670,0.8810,0.9221,0.9354,30.000,30.000,30.000,3.6191
3.8480,5.6986,-4.1080,1.1900,-0.000,0.002,-74.574,0.9670,0.8810,0.9222,0.9352,30.000,30.000,30.000,3.6210
3.8500,5.6992,-4.1152,1.1900,-0.002,0.001,-74.664,0.9670,0.8811,0.9224,0.9352,30.000,30.000,30.000,3.6212
3.8520,5.6998,-4.1225,1.1900,-0.003,0.001,-74.755,0.9669,0.8810,0.9225,0.9351,30.000,30.000,30.000,3.6227
3.8540,5.7004,-4.1297,1.1900,-0.004,-0.000,-74.846,0.9668,0.8810,0.9225,0.9350,30.000,30.000,30.000,3.6239
3.8560,5.7010,-4.1369,1.1899,-0.002,0.001,-74.938,0.9667,0.8809,0.9223,0.9348,30.000,30.000,30.000,3.6246
3.8580,5.7016,-4.1441,1.1899,0.000,0.003,-75.029,0.9667,0.8809,0.9226,0.9347,30.000,30.000,30.000,3.6258
3.8600,5.7022,-4.1514,1.1900,-0.003,0.000,-75.121,0.9667,0.8808,0.9226,0.9347,30.000,30.000,30.000,3.6271
3.8620,5.7027,-4.1586,1.1900,-0.003,-0.000,-75.212,0.9668,0.8810,0.9228,0.9347,30.000,30.000,30.000,3.6270
3.8640,5.7033,-4.1658,1.1900,-0.002,0.001,-75.302,0.9668,0.8813,0.9228,0.9347,30.000,30.000,30.000,3.6279
3.8660,5.7038,-4.1731,1.1900,-0.001,0.001,-75.392,0.9667,0.8815,0.9229,0.9346,30.000,30.000,30.000,3.6277
3.8680,5.7044,-4.1803,1.1900,-0.002,0.000,-75.481,0.9666,0.8816,0.9229,0.9344,30.000,30.000,30.000,3.6281
3.8700,5.7049,-4.1875,1.1900,-0.003,0.000,-75.571,0.9665,0.8817,0.9230,0.9343,30.000,30.000,30.000,3.6288
3.8720,5.7054,-4.1948,1.1899,-0.004,0.000,-75.661,0.9663,0.8818,0.9231,0.9341,30.000,30.000,30.000,3.6297
3.8740,5.7059,-4.2020,1.1900,-0.003,0.001,-75.751,0.9661,0.8818,0.9234,0.9340,30.000,30.000,30.000,3.6317
3.8760,5.7064,-4.2093,1.1900,-0.003,0.001,-75.842,0.9661,0.8819,0.9232,0.9339,30.000,30.000,30.000,3.6331
3.8780,5.7069,-4.2165,1.1900,-0.002,0.001,-75.934,0.9661,0.8819,0.9232,0.9337,30.000,30.000,30.000,3.6355
3.8800,5.7073,-4.2238,1.1900,-0.003,0.001,-76.025,0.9660,0.8821,0.9234,0.9335,30.000,30.000,30.000,3.6352
3.8820,5.7078,-4.2310,1.1900,-0.003,0.002,-76.117,0.9659,0.8822,0.9236,0.9333,30.000,30.000,30.000,3.6357
3.8840,5.7082,-4.2383,1.1900,-0.001,0.000,-76.209,0.9658,0.8823,0.9237,0.9330,30.000,30.000,30.000,3.6362
3.8860,5.7087,-4.2456,1.1900,-0.002,-0.000,-76.301,0.9658,0.8823,0.9239,0.9327,30.000,30.000,30.000,3.6374
3.8880,5.7091,-4.2528,1.1900,-0.003,-0.000,-76.394,0.9658,0.8823,0.9240,0.9324,30.000,30.000,30.000,3.6383
3.8900,5.7095,-4.2601,1.1900,-0.002,0.001,-76.487,0.9657,0.8823,0.9243,0.9323,30.000,30.000,30.000,3.6396
3.8920,5.7099,-4.2674,1.1900,-0.002,0.002,-76.579,0.9656,0.8824,0.9241,0.9321,30.000,30.000,30.000,3.6397
3.8940,5.7102,-4.2746,1.1900,-0.001,0.001,-76.670,0.9655,0.8825,0.9239,0.9318,30.000,30.000,30.000,3.6399
3.8960,5.7106,-4.2819,1.1900,-0.002,0.001,-76.763,0.9655,0.8825,0.9239,0.9316,30.000,30.000,30.000,3.6407
3.8980,5.7110,-4.2892,1.1900,-0.002,0.000,-76.855,0.9654,0.8825,0.9240,0.9314,30.000,30.000,30.000,3.6410
3.9000,5.7113,-4.2965,1.1900,-0.001,0.001,-76.948,0.9653,0.8826,0.9243,0.9311,30.000,30.000,30.000,3.6414
3.9020,5.7117,-4.3037,1.1900,-0.002,0.000,-77.040,0.9651,0.8826,0.9245,0.9309,30.000,30.000,30.000,3.6417
3.9040,5.7120,-4.3110,1.1900,-0.001,-0.000,-77.132,0.9650,0.8828,0.9247,0.9307,30.000,30.000,30.000,3.6423
3.9060,5.7124,-4.3183,1.1900,-0.003,-0.000,-77.224,0.9648,0.8828,0.9248,0.9305,30.000,30.000,30.000,3.6441
3.9080,5.7127,-4.3256,1.1900,-0.004,0.001,-77.315,0.9647,0.8828,0.9249,0.9303,30.000,30.000,30.000,3.6448
3.9100,5.7130,-4.3329,1.1900,-0.003,0.001,-77.407,0.9644,0.8828,0.9254,0.9300,30.000,30.000,30.000,3.6455
3.9120,5.7133,-4.3401,1.1900,-0.003,0.001,-77.497,0.9643,0.8830,0.9254,0.9297,30.000,30.000,30.000,3.6463
3.9140,5.7136,-4.3474,1.1899,-0.002,0.001,-77.589,0.9641,0.8832,0.9256,0.9294,30.000,30.000,30.000,3.6473
3.9160,5.7139,-4.3547,1.1899,-0.004,0.000,-77.681,0.9639,0.8833,0.9258,0.9291,30.000,30.000,30.000,3.6478
3.9180,5.7141,-4.3620,1.1899,-0.004,0.000,-77.773,0.9638,0.8833,0.9260,0.9288,30.000,30.000,30.000,3.6494
3.9200,5.7144,-4.3693,1.1900,-0.004,0.001,-77.866,0.9636,0.8833,0.9265,0.9286,30.000,30.000,30.000,3.6505
3.9220,5.7146,-4.3766,1.1900,-0.002,0.001,-77.958,0.9635,0.8834,0.9268,0.9283,30.000,30.000,30.000,3.6519
3.9240,5.7148,-4.3839,1.1900,-0.003,0.001,-78.051,0.9635,0.8835,0.9271,0.9281,30.000,30.000,30.000,3.6526
3.9260,5.7150,-4.3912,1.1900,-0.002,0.001,-78.144,0.9633,0.8835,0.9273,0.9277,30.000,30.000,30.000,3.6543
3.9280,5.7152,-4.3985,1.1900,-0.001,-0.000,-78.238,0.9632,0.8835,0.9278,0.9274,30.000,30.000,30.000,3.6552
3.9300,5.7154,-4.4058,1.1900,-0.001,-0.001,-78.331,0.9632,0.8836,0.9282,0.9271,30.000,30.000,30.000,3.6563
3.9320,5.7156,-4.4132,1.1900,-0.001,0.001,-78.425,0.9631,0.8836,0.9284,0.9268,30.000,30.000,30.000,3.6575
3.9340,5.7158,-4.4205,1.1900,-0.002,0.001,-78.519,0.9630,0.8837,0.9289,0.9267,30.000,30.000,30.000,3.6577
3.9360,5.7159,-4.4278,1.1900,-0.002,0.001,-78.613,0.9630,0.8837,0.9292,0.9265,30.000,30.000,30.000,3.6587
3.9380,5.7161,-4.4351,1.1899,-0.001,0.002,-78.707,0.9629,0.8838,0.9296,0.9262,30.000,30.000,30.000,3.6599
3.9400,5.7162,-4.4424,1.1899,-0.002,0.001,-78.802,0.9628,0.8838,0.9300,0.9261,30.000,30.000,30.000,3.6613
3.9420,5.7163,-4.4497,1.1899,-0.003,0.001,-78.896,0.9628,0.8839,0.9301,0.9260,30.000,30.000,30.000,3.6629
3.9440,5.7164,-4.4571,1.1899,-0.004,0.000,-78.991,0.9629,0.8840,0.9305,0.9259,30.000,30.000,30.000,3.6639
3.9460,5.7165,-4.4644,1.1899,-0.005,0.000,-79.087,0.9630,0.8840,0.9307,0.9257,30.000,30.000,30.000,3.6652
3.9480,5.7166,-4.4717,1.1899,-0.006,0.000,-79.182,0.9629,0.8841,0.9311,0.9255,30.000,30.000,30.000,3.6660
3.9500,5.7167,-4.4791,1.1899,-0.006,0.001,-79.278,0.9629,0.8841,0.9311,0.9254,30.000,30.000,30.000,3.6673
3.9520,5.7167,-4.4864,1.1899,-0.004,0.001,-79.374,0.9629,0.8842,0.9315,0.9252,30.000,30.000,30.000,3.6686
3.9540,5.7168,-4.4937,1.1899,-0.005,0.002,-79.469,0.9630,0.8843,0.9317,0.9251,30.000,30.000,30.000,3.6705
3.9560,5.7168,-4.5011,1.1900,-0.003,0.001,-79.565,0.9631,0.8844,0.9322,0.9249,30.000,30.000,30.000,3.6725
3.9580,5.7168,-4.5084,1.1900,-0.004,0.001,-79.660,0.9633,0.8844,0.9322,0.9248,30.000,30.000,30.000,3.6735
3.9600,5.7168,-4.5158,1.1900,-0.007,0.001,-79.757,0.9634,0.8845,0.9322,0.9246,30.000,30.000,30.000,3.6745
3.9620,5.7168,-4.5231,1.1899,-0.003,0.001,-79.853,0.9634,0.8845,0.9322,0.9244,30.000,30.000,30.000,3.6741
3.9640,5.7167,-4.5305,1.1900,-0.003,-0.000,-79.949,0.9636,0.8846,0.9326,0.9241,30.000,30.000,30.000,3.6750
3.9660,5.7167,-4.5378,1.1900,-0.002,0.000,-80.047,0.9638,0.8845,0.9327,0.9239,30.000,30.000,30.000,3.6773
3.9680,5.7166,-4.5452,1.1900,-0.003,0.000,-80.145,0.9639,0.8844,0.9332,0.9237,30.000,30.000,30.000,3.6774
3.9700,5.7165,-4.5526,1.1900,-0.001,0.000,-80.243,0.9640,0.8844,0.9336,0.9235,30.000,30.000,30.000,3.6782
3.9720,5.7164,-4.5599,1.1900,-0.001,0.002,-80.340,0.9642,0.8844,0.9336,0.9234,30.000,30.000,30.000,3.6789
3.9740,5.7164,-4.5673,1.1899,-0.001,0.003,-80.438,0.9643,0.8845,0.9338,0.9233,30.000,30.000,30.000,3.6789
3.9760,5.7163,-4.5746,1.1899,-0.002,0.001,-80.535,0.9643,0.8845,0.9339,0.9232,30.000,30.000,30.000,3.6789
3.9780,5.7162,-4.5820,1.1899,-0.004,-0.001,-80.632,0.9645,0.8848,0.9343,0.9231,30.000,30.000,30.000,3.6786
3.9800,5.7161,-4.5893,1.1899,-0.002,-0.000,-80.729,0.9645,0.8851,0.9345,0.9231,30.000,30.000,30.000,3.6793
3.9820,5.7160,-4.5967,1.1899,-0.004,0.000,-80.825,0.9646,0.8853,0.9345,0.9232,30.000,30.000,30.000,3.6809
3.9840,5.7158,-4.6041,1.1899,-0.007,0.000,-80.922,0.9647,0.8855,0.9349,0.9233,30.000,30.000,30.000,3.6825
3.9860,5.7157,-4.6114,1.1900,-0.001,0.002,-81.020,0.9648,0.8856,0.9350,0.9235,30.000,30.000,30.000,3.6847
3.9880,5.7155,-4.6188,1.1900,-0.003,0.003,-81.118,0.9650,0.8857,0.9358,0.9236,30.000,30.000,30.000,3.6870
3.9900,5.7153,-4.6262,1.1900,-0.007,0.003,-81.216,0.9653,0.8859,0.9365,0.9236,30.000,30.000,30.000,3.6883
3.9920,5.7151,-4.6336,1.1899,-0.006,0.003,-81.314,0.9653,0.8859,0.9370,0.9236,30.000,30.000,30.000,3.6893
3.9940,5.7149,-4.6409,1.1899,-0.005,0.001,-81.413,0.9656,0.8860,0.9372,0.9236,30.000,30.000,30.000,3.6914
3.9960,5.7146,-4.6483,1.1900,-0.004,0.001,-81.513,0.9660,0.8859,0.9377,0.9236,30.000,30.000,30.000,3.6939
3.9980,5.7144,-4.6557,1.1899,-0.005,-0.000,-81.614,0.9662,0.8859,0.9378,0.9236,30.000,30.000,30.000,3.6951
4.0000,5.7141,-4.6631,1.1900,-0.002,0.000,-81.714,0.9665,0.8858,0.9377,0.9235,30.000,30.000,30.000,3.6962
4.0020,5.7138,-4.6705,1.1900,-0.003,-0.000,-81.815,0.9668,0.8858,0.9382,0.9236,30.000,30.000,30.000,3.6962
4.0040,5.7135,-4.6779,1.1900,-0.001,-0.000,-81.916,0.9671,0.8858,0.9386,0.9236,30.000,30.000,30.000,3.6970
4.0060,5.7132,-4.6853,1.1900,-0.002,-0.000,-82.017,0.9674,0.8858,0.9385,0.9238,30.000,30.000,30.000,3.6976
4.0080,5.7129,-4.6926,1.1899,-0.002,0.000,-82.118,0.9675,0.8858,0.9386,0.9238,30.000,30.000,30.000,3.6977
4.0100,5.7126,-4.7000,1.1899,-0.003,0.001,-82.219,0.9677,0.8858,0.9388,0.9239,30.000,30.000,30.000,3.6979
4.0120,5.7123,-4.7074,1.1900,-0.002,-0.000,-82.319,0.9679,0.8859,0.9389,0.9241,30.000,30.000,30.000,3.6994
4.0140,5.7119,-4.7148,1.1900,-0.005,0.000,-82.420,0.9682,0.8859,0.9394,0.9243,30.000,30.000,30.000,3.7016
4.0160,5.7116,-4.7222,1.1900,-0.008,0.000,-82.521,0.9684,0.8859,0.9397,0.9244,30.000,30.000,30.000,3.7028
4.0180,5.7112,-4.7296,1.1900,-0.005,0.002,-82.622,0.9686,0.8859,0.9399,0.9245,30.000,30.000,30.000,3.7055
4.0200,5.7108,-4.7370,1.1900,-0.007,0.003,-82.723,0.9688,0.8859,0.9404,0.9246,30.000,30.000,30.000,3.7071
4.0220,5.7104,-4.7444,1.1900,-0.009,0.004,-82.823,0.9690,0.8859,0.9407,0.9247,30.000,30.000,30.000,3.7092
4.0240,5.7099,-4.7518,1.1900,-0.006,0.003,-82.924,0.9694,0.8859,0.9409,0.9247,30.000,30.000,30.000,3.7110
4.0260,5.7095,-4.7592,1.1900,-0.008,0.004,-83.025,0.9698,0.8859,0.9408,0.9247,30.000,30.000,30.000,3.7122
4.0280,5.7090,-4.7667,1.1900,-0.004,0.002,-83.127,0.9700,0.8858,0.9409,0.9247,30.000,30.000,30.000,3.7144
4.0300,5.7085,-4.7741,1.1900,-0.003,0.001,-83.229,0.9707,0.8859,0.9413,0.9246,30.000,30.000,30.000,3.7146
4.0320,5.7080,-4.7815,1.1900,-0.002,-0.000,-83.330,0.9712,0.8860,0.9416,0.9245,30.000,30.000,30.000,3.7149
4.0340,5.7074,-4.7889,1.1899,0.001,0.000,-83.432,0.9715,0.8860,0.9417,0.9245,30.000,30.000,30.000,3.7157
4.0360,5.7069,-4.7963,1.1899,-0.003,-0.001,-83.534,0.9719,0.8861,0.9420,0.9243,30.000,30.000,30.000,3.7156
4.0380,5.7064,-4.8037,1.1899,-0.006,0.001,-83.636,0.9722,0.8859,0.9421,0.9245,30.000,30.000,30.000,3.7165
4.0400,5.7058,-4.8111,1.1899,-0.005,0.004,-83.738,0.9722,0.8858,0.9427,0.9246,30.000,30.000,30.000,3.7174
4.0420,5.7052,-4.8186,1.1899,-0.005,0.003,-83.839,0.9726,0.8857,0.9429,0.9247,30.000,30.000,30.000,3.7194
4.0440,5.7047,-4.8260,1.1900,-0.004,0.002,-83.940,0.9728,0.8857,0.9429,0.9248,30.000,30.000,30.000,3.7205
4.0460,5.7041,-4.8334,1.1900,-0.003,0.001,-84.042,0.9732,0.8857,0.9431,0.9248,30.000,30.000,30.000,3.7212
4.0480,5.7035,-4.8408,1.1899,-0.003,0.001,-84.143,0.9735,0.8857,0.9430,0.9249,30.000,30.000,30.000,3.7219
4.0500,5.7028,-4.8482,1.1900,-0.002,0.000,-84.245,0.9737,0.8857,0.9431,0.9249,30.000,30.000,30.000,3.7225
4.0520,5.7022,-4.8556,1.1900,-0.003,0.000,-84.347,0.9740,0.8857,0.9432,0.9250,30.000,30.000,30.000,3.7233
4.0540,5.7016,-4.8631,1.1900,-0.003,0.001,-84.448,0.9741,0.8857,0.9432,0.9251,30.000,30.000,30.000,3.7249
4.0560,5.7009,-4.8705,1.1899,-0.004,0.001,-84.549,0.9743,0.8857,0.9433,0.9251,30.000,30.000,30.000,3.7251
4.0580,5.7002,-4.8779,1.1899,-0.006,-0.001,-84.651,0.9744,0.8857,0.9433,0.9251,30.000,30.000,30.000,3.7261
4.0600,5.6996,-4.8853,1.1899,-0.002,0.001,-84.753,0.9746,0.8858,0.9431,0.9252,30.000,30.000,30.000,3.7269
4.0620,5.6989,-4.8928,1.1900,-0.003,0.001,-84.855,0.9749,0.8858,0.9436,0.9254,30.000,30.000,30.000,3.7279
4.0640,5.6981,-4.9002,1.1900,-0.006,-0.000,-84.958,0.9752,0.8857,0.9441,0.9256,30.000,30.000,30.000,3.7302
4.0660,5.6974,-4.9076,1.1900,-0.004,0.000,-85.062,0.9755,0.8856,0.9444,0.9257,30.000,30.000,30.000,3.7319
4.0680,5.6966,-4.9150,1.1900,-0.003,0.000,-85.166,0.9758,0.8855,0.9441,0.9259,30.000,30.000,30.000,3.7330
4.0700,5.6959,-4.9225,1.1900,-0.002,0.000,-85.270,0.9760,0.8855,0.9439,0.9259,30.000,30.000,30.000,3.7328
4.0720,5.6951,-4.9299,1.1899,0.000,0.000,-85.374,0.9762,0.8855,0.9440,0.9260,30.000,30.000,30.000,3.7325
4.0740,5.6944,-4.9373,1.1899,-0.002,0.001,-85.477,0.9764,0.8855,0.9438,0.9261,30.000,30.000,30.000,3.7326
4.0760,5.6936,-4.9447,1.1899,-0.004,0.000,-85.580,0.9763,0.8854,0.9438,0.9263,30.000,30.000,30.000,3.7328
4.0780,5.6928,-4.9522,1.1899,-0.005,-0.000,-85.683,0.9765,0.8855,0.9436,0.9266,30.000,30.000,30.000,3.7339
4.0800,5.6920,-4.9596,1.1899,-0.008,-0.000,-85.785,0.9766,0.8856,0.9437,0.9268,30.000,30.000,30.000,3.7355
4.0820,5.6912,-4.9670,1.1899,-0.004,0.000,-85.887,0.9768,0.8857,0.9436,0.9270,30.000,30.000,30.000,3.7366
4.0840,5.6903,-4.9745,1.1899,-0.006,0.001,-85.989,0.9769,0.8857,0.9432,0.9271,30.000,30.000,30.000,3.7394
4.0860,5.6895,-4.9819,1.1899,-0.011,0.002,-86.091,0.9772,0.8857,0.9432,0.9273,30.000,30.000,30.000,3.7407
4.0880,5.6886,-4.9893,1.1899,-0.006,0.003,-86.193,0.9771,0.8857,0.9430,0.9274,30.000,30.000,30.000,3.7408
4.0900,5.6877,-4.9967,1.1900,-0.004,0.004,-86.296,0.9774,0.8857,0.9434,0.9275,30.000,30.000,30.000,3.7430
4.0920,5.6868,-5.0042,1.1900,-0.006,0.002,-86.399,0.9777,0.8856,0.9435,0.9275,30.000,30.000,30.000,3.7448
4.0940,5.6858,-5.0116,1.1900,-0.005,0.002,-86.503,0.9780,0.8856,0.9435,0.9275,30.000,30.000,30.000,3.7467
4.0960,5.6848,-5.0190,1.1900,-0.005,0.002,-86.607,0.9783,0.8855,0.9431,0.9275,30.000,30.000,30.000,3.7474
4.0980,5.6839,-5.0265,1.1899,-0.005,0.002,-86.711,0.9784,0.8855,0.9429,0.9274,30.000,30.000,30.000,3.7473
4.1000,5.6829,-5.0339,1.1899,-0.005,0.002,-86.815,0.9787,0.8854,0.9427,0.9274,30.000,30.000,30.000,3.7472
4.1020,5.6819,-5.0413,1.1899,-0.004,0.002,-86.919,0.9787,0.8854,0.9426,0.9272,30.000,30.000,30.000,3.7463
4.1040,5.6809,-5.0488,1.1899,-0.006,0.002,-87.022,0.9791,0.8854,0.9424,0.9271,30.000,30.000,30.000,3.7474
4.1060,5.6799,-5.0562,1.1899,-0.007,0.004,-87.124,0.9790,0.8856,0.9427,0.9272,30.000,30.000,30.000,3.7456
4.1080,5.6789,-5.0636,1.1900,-0.005,0.003,-87.226,0.9788,0.8857,0.9426,0.9272,30.000,30.000,30.000,3.7460
4.1100,5.6779,-5.0710,1.1900,-0.007,0.001,-87.329,0.9790,0.8856,0.9428,0.9272,30.000,30.000,30.000,3.7480
4.1120,5.6769,-5.0785,1.1900,-0.009,0.001,-87.433,0.9791,0.8856,0.9428,0.9272,30.000,30.000,30.000,3.7499
4.1140,5.6758,-5.0859,1.1900,-0.008,0.001,-87.537,0.9791,0.8855,0.9425,0.9272,30.000,30.000,30.000,3.7510
4.1160,5.6747,-5.0933,1.1900,-0.007,0.002,-87.640,0.9791,0.8854,0.9425,0.9271,30.000,30.000,30.000,3.7513
4.1180,5.6737,-5.1007,1.1900,-0.005,0.002,-87.744,0.9790,0.8853,0.9425,0.9270,30.000,30.000,30.000,3.7520
4.1200,5.6726,-5.1082,1.1900,-0.005,0.002,-87.847,0.9791,0.8852,0.9424,0.9269,30.000,30.000,30.000,3.7527
4.1220,5.6715,-5.1156,1.1899,-0.003,0.002,-87.950,0.9788,0.8852,0.9423,0.9268,30.000,30.000,30.000,3.7522
4.1240,5.6704,-5.1230,1.1899,-0.004,0.002,-88.052,0.9789,0.8852,0.9423,0.9266,30.000,30.000,30.000,3.7527
4.1260,5.6693,-5.1304,1.1899,-0.003,0.003,-88.154,0.9785,0.8851,0.9421,0.9265,30.000,30.000,30.000,3.7537
4.1280,5.6681,-5.1379,1.1899,-0.005,0.002,-88.257,0.9785,0.8850,0.9423,0.9265,30.000,30.000,30.000,3.7553
4.1300,5.6670,-5.1453,1.1899,-0.006,0.001,-88.361,0.9785,0.8850,0.9422,0.9266,30.000,30.000,30.000,3.7566
4.1320,5.6658,-5.1527,1.1899,-0.006,0.001,-88.464,0.9785,0.8850,0.9424,0.9266,30.000,30.000,30.000,3.7581
4.1340,5.6646,-5.1601,1.1899,-0.007,0.002,-88.568,0.9786,0.8850,0.9422,0.9267,30.000,30.000,30.000,3.7601
4.1360,5.6634,-5.1676,1.1899,-0.006,0.001,-88.672,0.9785,0.8850,0.9423,0.9267,30.000,30.000,30.000,3.7607
4.1380,5.6622,-5.1750,1.1899,-0.007,-0.000,-88.777,0.9786,0.8850,0.9422,0.9267,30.000,30.000,30.000,3.7622
4.1400,5.6610,-5.1824,1.1899,-0.009,-0.002,-88.881,0.9787,0.8849,0.9419,0.9267,30.000,30.000,30.000,3.7621
4.1420,5.6598,-5.1898,1.1899,-0.004,0.000,-88.986,0.9786,0.8849,0.9415,0.9267,30.000,30.000,30.000,3.7622
4.1440,5.6585,-5.1973,1.1900,-0.003,0.001,-89.092,0.9788,0.8848,0.9421,0.9269,30.000,30.000,30.000,3.7640
4.1460,5.6572,-5.2047,1.1900,-0.004,0.001,-89.197,0.9788,0.8849,0.9423,0.9270,30.000,30.000,30.000,3.7648
4.1480,5.6560,-5.2121,1.1900,-0.003,0.001,-89.303,0.9789,0.8849,0.9423,0.9272,30.000,30.000,30.000,3.7657
4.1500,5.6547,-5.2195,1.1900,-0.005,0.001,-89.409,0.9789,0.8850,0.9422,0.9272,30.000,30.000,30.000,3.7662
4.1520,5.6534,-5.2270,1.1899,-0.003,0.001,-89.515,0.9788,0.8849,0.9419,0.9273,30.000,30.000,30.000,3.7667
4.1540,5.6521,-5.2344,1.1899,-0.004,0.000,-89.621,0.9789,0.8849,0.9420,0.9274,30.000,30.000,30.000,3.7674
4.1560,5.6507,-5.2418,1.1900,-0.004,0.001,-89.728,0.9789,0.8848,0.9418,0.9275,30.000,30.000,30.000,3.7693
4.1580,5.6494,-5.2492,1.1900,-0.004,0.002,-89.835,0.9790,0.8848,0.9420,0.9276,30.000,30.000,30.000,3.7711
4.1600,5.6480,-5.2566,1.1900,-0.004,0.002,-89.942,0.9790,0.8848,0.9417,0.9277,30.000,30.000,30.000,3.7709
4.1620,5.6467,-5.2641,1.1900,-0.004,0.003,-90.048,0.9790,0.8848,0.9414,0.9277,30.000,30.000,30.000,3.7707
4.1640,5.6453,-5.2715,1.1900,-0.003,0.001,-90.155,0.9790,0.8848,0.9412,0.9277,30.000,30.000,30.000,3.7712
4.1660,5.6439,-5.2789,1.1899,-0.004,0.000,-90.263,0.9790,0.8847,0.9412,0.9277,30.000,30.000,30.000,3.7719
4.1680,5.6425,-5.2863,1.1899,-0.004,0.000,-90.371,0.9789,0.8845,0.9410,0.9276,30.000,30.000,30.000,3.7735
4.1700,5.6411,-5.2937,1.1899,-0.002,0.002,-90.479,0.9788,0.8844,0.9412,0.9276,30.000,30.000,30.000,3.7745
4.1720,5.6397,-5.3011,1.1899,0.001,0.003,-90.586,0.9788,0.8843,0.9410,0.9276,30.000,30.000,30.000,3.7762
4.1740,5.6382,-5.3085,1.1899,-0.002,0.002,-90.694,0.9789,0.8842,0.9408,0.9276,30.000,30.000,30.000,3.7762
4.1760,5.6368,-5.3160,1.1900,-0.001,0.001,-90.802,0.9789,0.8842,0.9407,0.9276,30.000,30.000,30.000,3.7761
4.1780,5.6353,-5.3234,1.1900,-0.006,0.000,-90.909,0.9790,0.8842,0.9406,0.9277,30.000,30.000,30.000,3.7791
4.1800,5.6338,-5.3308,1.1900,-0.006,0.002,-91.016,0.9789,0.8841,0.9406,0.9277,30.000,30.000,30.000,3.7800
4.1820,5.6323,-5.3382,1.1900,-0.009,0.003,-91.122,0.9790,0.8840,0.9402,0.9277,30.000,30.000,30.000,3.7807
4.1840,5.6308,-5.3456,1.1901,-0.008,0.004,-91.229,0.9790,0.8839,0.9398,0.9277,30.000,30.000,30.000,3.7826
4.1860,5.6292,-5.3530,1.1900,-0.008,0.004,-91.336,0.9790,0.8838,0.9396,0.9277,30.000,30.000,30.000,3.7826
4.1880,5.6277,-5.3604,1.1900,-0.010,0.005,-91.444,0.9792,0.8837,0.9394,0.9276,30.000,30.000,30.000,3.7825
4.1900,5.6261,-5.3678,1.1899,-0.003,0.005,-91.551,0.9790,0.8837,0.9391,0.9275,30.000,30.000,30.000,3.7826
4.1920,5.6245,-5.3752,1.1899,-0.005,0.002,-91.659,0.9792,0.8836,0.9390,0.9274,30.000,30.000,30.000,3.7832
4.1940,5.6229,-5.3826,1.1899,-0.005,-0.000,-91.767,0.9793,0.8837,0.9389,0.9272,30.000,30.000,30.000,3.7832
4.1960,5.6213,-5.3900,1.1900,-0.003,0.001,-91.874,0.9794,0.8838,0.9391,0.9271,30.000,30.000,30.000,3.7851
4.1980,5.6197,-5.3974,1.1900,-0.006,0.002,-91.981,0.9795,0.8837,0.9384,0.9273,30.000,30.000,30.000,3.7859
4.2000,5.6180,-5.4048,1.1900,-0.007,0.003,-92.088,0.9795,0.8837,0.9378,0.9273,30.000,30.000,30.000,3.7872
4.2020,5.6164,-5.4122,1.1900,-0.008,0.004,-92.196,0.9797,0.8837,0.9374,0.9274,30.000,30.000,30.000,3.7866
4.2040,5.6147,-5.4196,1.1900,-0.006,0.004,-92.304,0.9798,0.8837,0.9369,0.9274,30.000,30.000,30.000,3.7867
4.2060,5.6130,-5.4269,1.1900,-0.006,0.003,-92.412,0.9801,0.8836,0.9365,0.9275,30.000,30.000,30.000,3.7876
4.2080,5.6113,-5.4343,1.1900,-0.007,0.004,-92.521,0.9802,0.8835,0.9364,0.9274,30.000,30.000,30.000,3.7871
4.2100,5.6096,-5.4417,1.1899,-0.008,0.001,-92.630,0.9803,0.8834,0.9363,0.9274,30.000,30.000,30.000,3.7873
4.2120,5.6079,-5.4491,1.1899,-0.006,0.001,-92.739,0.9804,0.8834,0.9360,0.9273,30.000,30.000,30.000,3.7872
4.2140,5.6062,-5.4565,1.1899,-0.005,0.001,-92.847,0.9805,0.8833,0.9363,0.9272,30.000,30.000,30.000,3.7881
4.2160,5.6044,-5.4638,1.1899,-0.005,0.001,-92.956,0.9806,0.8833,0.9362,0.9271,30.000,30.000,30.000,3.7896
4.2180,5.6026,-5.4712,1.1900,-0.002,0.001,-93.064,0.9808,0.8833,0.9365,0.9271,30.000,30.000,30.000,3.7916
4.2200,5.6008,-5.4786,1.1900,-0.003,0.002,-93.173,0.9810,0.8833,0.9361,0.9271,30.000,30.000,30.000,3.7921
4.2220,5.5990,-5.4859,1.1900,-0.004,0.002,-93.282,0.9811,0.8832,0.9356,0.9270,30.000,30.000,30.000,3.7911
4.2240,5.5972,-5.4933,1.1900,-0.003,0.002,-93.391,0.9812,0.8832,0.9352,0.9269,30.000,30.000,30.000,3.7908
4.2260,5.5954,-5.5007,1.1900,-0.004,0.001,-93.500,0.9813,0.8831,0.9349,0.9268,30.000,30.000,30.000,3.7901
4.2280,5.5935,-5.5080,1.1900,-0.003,0.001,-93.609,0.9813,0.8831,0.9348,0.9267,30.000,30.000,30.000,3.7900
4.2300,5.5917,-5.5154,1.1899,-0.002,0.001,-93.718,0.9813,0.8830,0.9349,0.9265,30.000,30.000,30.000,3.7900
4.2320,5.5898,-5.5227,1.1899,-0.004,0.001,-93.827,0.9814,0.8829,0.9348,0.9263,30.000,30.000,30.000,3.7908
4.2340,5.5880,-5.5301,1.1900,-0.004,0.002,-93.936,0.9813,0.8830,0.9351,0.9263,30.000,30.000,30.000,3.7904
4.2360,5.5861,-5.5374,1.1900,-0.004,0.002,-94.045,0.9812,0.8830,0.9350,0.9262,30.000,30.000,30.000,3.7915
4.2380,5.5842,-5.5448,1.1900,-0.004,0.002,-94.154,0.9812,0.8830,0.9352,0.9260,30.000,30.000,30.000,3.7919
4.2400,5.5823,-5.5521,1.1900,-0.005,0.001,-94.263,0.9812,0.8829,0.9353,0.9259,30.000,30.000,30.000,3.7930
4.2420,5.5804,-5.5594,1.1899,-0.004,0.001,-94.373,0.9812,0.8829,0.9352,0.9257,30.000,30.000,30.000,3.7933
4.2440,5.5785,-5.5668,1.1899,-0.004,0.000,-94.483,0.9812,0.8829,0.9355,0.9256,30.000,30.000,30.000,3.7940
4.2460,5.5765,-5.5741,1.1900,-0.003,0.001,-94.593,0.9812,0.8828,0.9354,0.9254,30.000,30.000,30.000,3.7954
4.2480,5.5745,-5.5814,1.1900,-0.004,0.001,-94.703,0.9813,0.8828,0.9357,0.9252,30.000,30.000,30.000,3.7958
4.2500,5.5726,-5.5888,1.1900,-0.005,0.002,-94.813,0.9812,0.8827,0.9357,0.9250,30.000,30.000,30.000,3.7955
4.2520,5.5706,-5.5961,1.1900,-0.003,0.001,-94.922,0.9809,0.8828,0.9359,0.9248,30.000,30.000,30.000,3.7949
4.2540,5.5686,-5.6034,1.1900,-0.004,0.000,-95.032,0.9809,0.8827,0.9358,0.9245,30.000,30.000,30.000,3.7964
4.2560,5.5666,-5.6107,1.1900,-0.007,0.002,-95.141,0.9808,0.8825,0.9358,0.9243,30.000,30.000,30.000,3.7991
4.2580,5.5645,-5.6181,1.1900,-0.007,0.004,-95.251,0.9805,0.8824,0.9361,0.9240,30.000,30.000,30.000,3.7981
4.2600,5.5625,-5.6254,1.1900,-0.002,0.002,-95.359,0.9804,0.8823,0.9363,0.9237,30.000,30.000,30.000,3.7992
4.2620,5.5605,-5.6327,1.1900,-0.002,0.000,-95.468,0.9805,0.8824,0.9367,0.9234,30.000,30.000,30.000,3.7997
4.2640,5.5584,-5.6400,1.1900,-0.003,-0.000,-95.577,0.9806,0.8825,0.9371,0.9230,30.000,30.000,30.000,3.8009
4.2660,5.5563,-5.6473,1.1900,-0.001,0.000,-95.685,0.9802,0.8825,0.9372,0.9227,30.000,30.000,30.000,3.8004
4.2680,5.5542,-5.6546,1.1899,-0.004,-0.000,-95.794,0.9801,0.8826,0.9376,0.9223,30.000,30.000,30.000,3.8007
4.2700,5.5521,-5.6620,1.1899,-0.004,0.001,-95.902,0.9797,0.8826,0.9377,0.9219,30.000,30.000,30.000,3.8007
4.2720,5.5500,-5.6693,1.1899,-0.005,0.001,-96.011,0.9795,0.8825,0.9378,0.9217,30.000,30.000,30.000,3.8026
4.2740,5.5479,-5.6766,1.1900,-0.005,0.002,-96.120,0.9793,0.8825,0.9383,0.9215,30.000,30.000,30.000,3.8052
4.2760,5.5457,-5.6839,1.1900,-0.008,0.001,-96.229,0.9793,0.8825,0.9383,0.9213,30.000,30.000,30.000,3.8069
4.2780,5.5436,-5.6912,1.1900,-0.007,0.001,-96.339,0.9792,0.8825,0.9381,0.9211,30.000,30.000,30.000,3.8069
4.2800,5.5414,-5.6985,1.1900,-0.005,0.002,-96.449,0.9792,0.8826,0.9383,0.9208,30.000,30.000,30.000,3.8075
4.2820,5.5392,-5.7057,1.1900,-0.005,0.001,-96.559,0.9791,0.8826,0.9386,0.9206,30.000,30.000,30.000,3.8078
4.2840,5.5370,-5.7130,1.1899,-0.004,0.001,-96.670,0.9790,0.8826,0.9387,0.9203,30.000,30.000,30.000,3.8084
4.2860,5.5347,-5.7203,1.1899,-0.005,0.001,-96.781,0.9789,0.8825,0.9390,0.9200,30.000,30.000,30.000,3.8089
4.2880,5.5325,-5.7276,1.1899,-0.004,-0.000,-96.892,0.9789,0.8825,0.9392,0.9197,30.000,30.000,30.000,3.8102
4.2900,5.5303,-5.7349,1.1899,-0.004,-0.000,-97.003,0.9788,0.8824,0.9397,0.9194,30.000,30.000,30.000,3.8109
4.2920,5.5280,-5.7422,1.1899,-0.005,-0.000,-97.114,0.9787,0.8823,0.9399,0.9192,30.000,30.000,30.000,3.8120
4.2940,5.5257,-5.7494,1.1899,-0.007,-0.001,-97.225,0.9786,0.8823,0.9403,0.9189,30.000,30.000,30.000,3.8138
4.2960,5.5234,-5.7567,1.1899,-0.009,-0.003,-97.336,0.9785,0.8822,0.9405,0.9186,30.000,30.000,30.000,3.8138
4.2980,5.5211,-5.7640,1.1898,-0.014,-0.005,-97.448,0.9786,0.8822,0.9407,0.9184,30.000,30.000,30.000,3.8148
4.3000,5.5188,-5.7713,1.1899,-0.010,-0.002,-97.561,0.9786,0.8821,0.9405,0.9185,30.000,30.000,30.000,3.8163
4.3020,5.5164,-5.7785,1.1899,-0.010,0.004,-97.674,0.9791,0.8820,0.9417,0.9188,30.000,30.000,30.000,3.8191
4.3040,5.5140,-5.7858,1.1900,-0.010,0.006,-97.787,0.9791,0.8820,0.9424,0.9189,30.000,30.000,30.000,3.8203
4.3060,5.5116,-5.7930,1.1900,-0.011,0.007,-97.900,0.9791,0.8819,0.9429,0.9191,30.000,30.000,30.000,3.8221
4.3080,5.5092,-5.8003,1.1900,-0.012,0.008,-98.014,0.9793,0.8818,0.9432,0.9192,30.000,30.000,30.000,3.8228
4.3100,5.5068,-5.8076,1.1900,-0.010,0.006,-98.128,0.9792,0.8817,0.9434,0.9193,30.000,30.000,30.000,3.8230
4.3120,5.5044,-5.8148,1.1900,-0.009,0.004,-98.242,0.9796,0.8816,0.9435,0.9194,30.000,30.000,30.000,3.8243
4.3140,5.5020,-5.8221,1.1900,-0.004,0.003,-98.356,0.9797,0.8815,0.9436,0.9194,30.000,30.000,30.000,3.8258
4.3160,5.4995,-5.8293,1.1900,-0.004,0.001,-98.471,0.9798,0.8814,0.9439,0.9195,30.000,30.000,30.000,3.8273
4.3180,5.4971,-5.8366,1.1899,-0.004,-0.002,-98.585,0.9798,0.8814,0.9441,0.9194,30.000,30.000,30.000,3.8278
4.3200,5.4946,-5.8438,1.1899,-0.001,-0.003,-98.698,0.9800,0.8814,0.9440,0.9194,30.000,30.000,30.000,3.8279
4.3220,5.4921,-5.8511,1.1899,-0.004,0.000,-98.810,0.9797,0.8813,0.9444,0.9194,30.000,30.000,30.000,3.8302
4.3240,5.4896,-5.8583,1.1900,-0.005,0.003,-98.921,0.9798,0.8813,0.9441,0.9197,30.000,30.000,30.000,3.8318
4.3260,5.4870,-5.8655,1.1900,-0.008,0.005,-99.032,0.9798,0.8813,0.9438,0.9200,30.000,30.000,30.000,3.8319
4.3280,5.4845,-5.8728,1.1900,-0.010,0.006,-99.144,0.9797,0.8813,0.9435,0.9202,30.000,30.000,30.000,3.8326
4.3300,5.4819,-5.8800,1.1900,-0.009,0.006,-99.256,0.9798,0.8812,0.9432,0.9205,30.000,30.000,30.000,3.8337
4.3320,5.4794,-5.8872,1.1900,-0.008,0.004,-99.369,0.9800,0.8812,0.9429,0.9207,30.000,30.000,30.000,3.8343
4.3340,5.4768,-5.8944,1.1900,-0.009,0.001,-99.483,0.9803,0.8812,0.9427,0.9208,30.000,30.000,30.000,3.8356
4.3360,5.4742,-5.9016,1.1900,-0.005,0.000,-99.597,0.9805,0.8811,0.9423,0.9210,30.000,30.000,30.000,3.8364
4.3380,5.4715,-5.9089,1.1899,0.000,0.001,-99.712,0.9808,0.8811,0.9425,0.9211,30.000,30.000,30.000,3.8372
4.3400,5.4689,-5.9161,1.1899,-0.003,-0.001,-99.826,0.9810,0.8810,0.9423,0.9211,30.000,30.000,30.000,3.8369
4.3420,5.4662,-5.9233,1.1900,-0.004,0.002,-99.942,0.9812,0.8808,0.9424,0.9215,30.000,30.000,30.000,3.8382
4.3440,5.4636,-5.9305,1.1900,-0.006,0.003,-100.057,0.9811,0.8805,0.9419,0.9218,30.000,30.000,30.000,3.8388
4.3460,5.4609,-5.9377,1.1900,-0.008,0.004,-100.171,0.9813,0.8803,0.9414,0.9220,30.000,30.000,30.000,3.8392
4.3480,5.4582,-5.9449,1.1900,-0.005,0.005,-100.284,0.9811,0.8802,0.9414,0.9222,30.000,30.000,30.000,3.8387
4.3500,5.4555,-5.9520,1.1900,-0.004,0.002,-100.398,0.9814,0.8801,0.9413,0.9224,30.000,30.000,30.000,3.8400
4.3520,5.4528,-5.9592,1.1900,-0.005,0.001,-100.512,0.9816,0.8800,0.9411,0.9225,30.000,30.000,30.000,3.8410
4.3540,5.4501,-5.9664,1.1900,-0.005,0.002,-100.626,0.9816,0.8800,0.9412,0.9226,30.000,30.000,30.000,3.8417
4.3560,5.4473,-5.9736,1.1900,-0.003,0.001,-100.739,0.9814,0.8799,0.9408,0.9227,30.000,30.000,30.000,3.8420
4.3580,5.4446,-5.9808,1.1900,-0.002,0.001,-100.852,0.9816,0.8798,0.9407,0.9228,30.000,30.000,30.000,3.8427
4.3600,5.4418,-5.9879,1.1899,-0.003,0.004,-100.966,0.9817,0.8796,0.9407,0.9229,30.000,30.000,30.000,3.8434
4.3620,5.4390,-5.9951,1.1899,-0.005,0.006,-101.078,0.9815,0.8795,0.9407,0.9229,30.000,30.000,30.000,3.8434
4.3640,5.4363,-6.0023,1.1899,-0.008,0.001,-101.190,0.9812,0.8793,0.9404,0.9229,30.000,30.000,30.000,3.8430
4.3660,5.4335,-6.0095,1.1899,-0.006,0.002,-101.300,0.9814,0.8795,0.9408,0.9230,30.000,30.000,30.000,3.8443
4.3680,5.4307,-6.0166,1.1900,-0.003,0.003,-101.409,0.9810,0.8796,0.9404,0.9230,30.000,30.000,30.000,3.8458
4.3700,5.4279,-6.0238,1.1900,-0.004,0.002,-101.519,0.9811,0.8798,0.9400,0.9230,30.000,30.000,30.000,3.8465
4.3720,5.4250,-6.0309,1.1900,-0.003,0.001,-101.630,0.9810,0.8799,0.9396,0.9229,30.000,30.000,30.000,3.8462
4.3740,5.4222,-6.0381,1.1900,-0.004,0.001,-101.741,0.9809,0.8800,0.9394,0.9229,30.000,30.000,30.000,3.8460
4.3760,5.4194,-6.0452,1.1899,-0.002,0.001,-101.851,0.9807,0.8801,0.9390,0.9229,30.000,30.000,30.000,3.8454
4.3780,5.4165,-6.0524,1.1899,-0.002,0.005,-101.962,0.9805,0.8802,0.9389,0.9229,30.000,30.000,30.000,3.8457
4.3800,5.4137,-6.0595,1.1900,-0.005,0.002,-102.072,0.9802,0.8803,0.9390,0.9230,30.000,30.000,30.000,3.8448
4.3820,5.4108,-6.0666,1.1900,-0.012,0.001,-102.184,0.9802,0.8800,0.9386,0.9232,30.000,30.000,30.000,3.8482
4.3840,5.4079,-6.0738,1.1901,-0.013,0.002,-102.297,0.9799,0.8798,0.9385,0.9233,30.000,30.000,30.000,3.8502
4.3860,5.4050,-6.0809,1.1901,-0.016,0.004,-102.409,0.9797,0.8795,0.9389,0.9234,30.000,30.000,30.000,3.8520
4.3880,5.4020,-6.0880,1.1901,-0.020,0.006,-102.522,0.9796,0.8793,0.9390,0.9235,30.000,30.000,30.000,3.8536
4.3900,5.3991,-6.0951,1.1901,-0.023,0.009,-102.634,0.9794,0.8791,0.9390,0.9235,30.000,30.000,30.000,3.8545
4.3920,5.3961,-6.1023,1.1901,-0.025,0.013,-102.746,0.9790,0.8788,0.9391,0.9235,30.000,30.000,30.000,3.8543
4.3940,5.3931,-6.1094,1.1901,-0.020,0.013,-102.857,0.9783,0.8786,0.9391,0.9235,30.000,30.000,30.000,3.8554
4.3960,5.3902,-6.1165,1.1900,-0.015,0.011,-102.969,0.9785,0.8784,0.9392,0.9234,30.000,30.000,30.000,3.8582
4.3980,5.3871,-6.1236,1.1900,-0.012,0.006,-103.083,0.9784,0.8782,0.9392,0.9233,30.000,30.000,30.000,3.8618
4.4000,5.3841,-6.1307,1.1900,-0.007,0.001,-103.197,0.9788,0.8780,0.9391,0.9232,30.000,30.000,30.000,3.8621
4.4020,5.3810,-6.1378,1.1900,-0.002,-0.001,-103.311,0.9790,0.8779,0.9392,0.9231,30.000,30.000,30.000,3.8619
4.4040,5.3780,-6.1449,1.1899,-0.000,-0.002,-103.424,0.9791,0.8777,0.9391,0.9230,30.000,30.000,30.000,3.8622
4.4060,5.3749,-6.1520,1.1899,-0.000,-0.002,-103.536,0.9790,0.8775,0.9392,0.9231,30.000,30.000,30.000,3.8614
4.4080,5.3719,-6.1591,1.1900,-0.002,0.000,-103.646,0.9788,0.8775,0.9393,0.9233,30.000,30.000,30.000,3.8621
4.4100,5.3688,-6.1662,1.1900,-0.006,0.003,-103.755,0.9786,0.8774,0.9396,0.9237,30.000,30.000,30.000,3.8638
4.4120,5.3657,-6.1732,1.1900,-0.007,0.005,-103.864,0.9781,0.8773,0.9397,0.9241,30.000,30.000,30.000,3.8657
4.4140,5.3626,-6.1803,1.1899,-0.012,0.006,-103.974,0.9781,0.8772,0.9398,0.9244,30.000,30.000,30.000,3.8677
4.4160,5.3594,-6.1874,1.1899,-0.014,0.011,-104.083,0.9778,0.8772,0.9399,0.9247,30.000,30.000,30.000,3.8696
4.4180,5.3563,-6.1945,1.1899,-0.020,0.015,-104.190,0.9774,0.8772,0.9400,0.9249,30.000,30.000,30.000,3.8708
4.4200,5.3531,-6.2016,1.1898,-0.033,0.014,-104.296,0.9768,0.8772,0.9401,0.9251,30.000,30.000,30.000,3.8722
4.4220,5.3500,-6.2086,1.1899,-0.032,0.021,-104.402,0.9765,0.8770,0.9399,0.9253,30.000,30.000,30.000,3.8758
4.4240,5.3467,-6.2157,1.1899,-0.047,0.029,-104.505,0.9760,0.8768,0.9410,0.9254,30.000,30.000,30.000,3.8825
4.4260,5.3434,-6.2227,1.1901,-0.029,0.027,-104.607,0.9750,0.8767,0.9419,0.9255,30.000,30.000,30.000,3.8877
4.4280,5.3400,-6.2297,1.1903,-0.024,0.018,-104.715,0.9763,0.8765,0.9418,0.9255,30.000,30.000,30.000,3.9012
4.4300,5.3366,-6.2367,1.1906,-0.027,0.009,-104.828,0.9762,0.8763,0.9416,0.9255,30.000,30.000,30.000,3.9046
4.4320,5.3331,-6.2438,1.1907,-0.030,0.001,-104.941,0.9759,0.8762,0.9414,0.9255,30.000,30.000,30.000,3.9034
4.4340,5.3297,-6.2508,1.1909,-0.031,-0.008,-105.052,0.9755,0.8760,0.9412,0.9255,30.000,30.000,30.000,3.9028
4.4360,5.3262,-6.2578,1.1910,-0.031,-0.016,-105.163,0.9751,0.8759,0.9410,0.9254,30.000,30.000,30.000,3.9028
4.4380,5.3228,-6.2648,1.1910,-0.032,-0.025,-105.274,0.9745,0.8757,0.9407,0.9253,30.000,30.000,30.000,3.9029
4.4400,5.3194,-6.2718,1.1910,-0.033,-0.034,-105.385,0.9740,0.8756,0.9404,0.9251,30.000,30.000,30.000,3.9032
4.4420,5.3159,-6.2788,1.1910,-0.028,-0.040,-105.496,0.9733,0.8754,0.9401,0.9250,30.000,30.000,30.000,3.9040
4.4440,5.3125,-6.2858,1.1910,-0.023,-0.046,-105.606,0.9726,0.8752,0.9402,0.9248,30.000,30.000,30.000,3.9047
4.4460,5.3090,-6.2928,1.1910,-0.014,-0.049,-105.716,0.9718,0.8751,0.9402,0.9246,30.000,30.000,30.000,3.9064
4.4480,5.3055,-6.2998,1.1909,-0.009,-0.052,-105.824,0.9709,0.8749,0.9400,0.9244,30.000,30.000,30.000,3.9091
4.4500,5.3021,-6.3068,1.1909,-0.002,-0.053,-105.932,0.9700,0.8748,0.9399,0.9242,30.000,30.000,30.000,3.9098
4.4520,5.2986,-6.3138,1.1908,0.005,-0.053,-106.040,0.9691,0.8746,0.9400,0.9240,30.000,30.000,30.000,3.9108
4.4540,5.2951,-6.3208,1.1907,0.006,-0.048,-106.148,0.9681,0.8745,0.9401,0.9239,30.000,30.000,30.000,3.9122
4.4560,5.2916,-6.3278,1.1906,0.007,-0.042,-106.254,0.9670,0.8743,0.9404,0.9243,30.000,30.000,30.000,3.9136
4.4580,5.2881,-6.3348,1.1905,0.002,-0.032,-106.360,0.9659,0.8742,0.9406,0.9247,30.000,30.000,30.000,3.9159
4.4600,5.2846,-6.3419,1.1904,-0.005,-0.022,-106.466,0.9647,0.8740,0.9405,0.9246,30.000,30.000,30.000,3.9183
4.4620,5.2811,-6.3489,1.1902,-0.008,-0.009,-106.570,0.9635,0.8739,0.9406,0.9244,30.000,30.000,30.000,3.9213
4.4640,5.2776,-6.3559,1.1901,-0.011,0.004,-106.674,0.9623,0.8737,0.9410,0.9242,30.000,30.000,30.000,3.9231
4.4660,5.2741,-6.3629,1.1899,-0.006,0.012,-106.779,0.9608,0.8736,0.9414,0.9240,30.000,30.000,30.000,3.9259
4.4680,5.2706,-6.3699,1.1897,0.001,0.018,-106.883,0.9608,0.8734,0.9416,0.9237,30.000,30.000,30.000,3.9282
4.4700,5.2671,-6.3770,1.1895,0.004,0.027,-106.986,0.9603,0.8733,0.9418,0.9234,30.000,30.000,30.000,3.9281
4.4720,5.2636,-6.3840,1.1897,-0.016,0.001,-107.089,0.9598,0.8732,0.9413,0.9232,30.000,30.000,30.000,3.9265
4.4740,5.2602,-6.3911,1.1901,-0.011,-0.016,-107.184,0.9612,0.8739,0.9421,0.9230,30.000,30.000,30.000,3.9222
4.4760,5.2567,-6.3981,1.1904,-0.005,-0.026,-107.276,0.9616,0.8747,0.9416,0.9234,30.000,30.000,30.000,3.9230
4.4780,5.2533,-6.4052,1.1907,-0.002,-0.037,-107.369,0.9621,0.8755,0.9415,0.9235,30.000,30.000,30.000,3.9234
4.4800,5.2498,-6.4122,1.1910,0.001,-0.048,-107.463,0.9625,0.8764,0.9412,0.9235,30.000,30.000,30.000,3.9225
4.4820,5.2464,-6.4192,1.1912,0.004,-0.059,-107.556,0.9628,0.8774,0.9409,0.9236,30.000,30.000,30.000,3.9216
4.4840,5.2429,-6.4263,1.1914,0.007,-0.070,-107.650,0.9631,0.8785,0.9406,0.9236,30.000,30.000,30.000,3.9208
4.4860,5.2394,-6.4333,1.1915,0.009,-0.081,-107.742,0.9632,0.8795,0.9402,0.9236,30.000,30.000,30.000,3.9200
4.4880,5.2360,-6.4404,1.1916,0.010,-0.092,-107.835,0.9633,0.8807,0.9398,0.9235,30.000,30.000,30.000,3.9190
4.4900,5.2325,-6.4474,1.1918,0.005,-0.099,-107.928,0.9633,0.8819,0.9394,0.9236,30.000,30.000,30.000,3.9176
4.4920,5.2291,-6.4544,1.1918,0.001,-0.106,-108.020,0.9632,0.8831,0.9390,0.9241,30.000,30.000,30.000,3.9167
4.4940,5.2257,-6.4615,1.1919,-0.004,-0.112,-108.112,0.9631,0.8844,0.9385,0.9245,30.000,30.000,30.000,3.9165
4.4960,5.2222,-6.4685,1.1919,-0.007,-0.116,-108.204,0.9629,0.8858,0.9381,0.9249,30.000,30.000,30.000,3.9162
4.4980,5.2188,-6.4755,1.1919,-0.008,-0.118,-108.296,0.9626,0.8872,0.9379,0.9252,30.000,30.000,30.000,3.9161
4.5000,5.2153,-6.4825,1.1919,-0.008,-0.118,-108.387,0.9622,0.8886,0.9381,0.9256,30.000,30.000,30.000,3.9168
4.5020,5.2118,-6.4896,1.1919,-0.006,-0.114,-108.477,0.9617,0.8900,0.9379,0.9260,30.000,30.000,30.000,3.9182
4.5040,5.2083,-6.4966,1.1919,-0.003,-0.110,-108.567,0.9612,0.8915,0.9381,0.9264,30.000,30.000,30.000,3.9180
4.5060,5.2048,-6.5036,1.1918,-0.001,-0.106,-108.658,0.9607,0.8930,0.9382,0.9267,30.000,30.000,30.000,3.9183
4.5080,5.2014,-6.5106,1.1917,-0.001,-0.102,-108.748,0.9601,0.8946,0.9383,0.9270,30.000,30.000,30.000,3.9184
4.5100,5.1979,-6.5176,1.1916,0.000,-0.097,-108.838,0.9594,0.8962,0.9383,0.9274,30.000,30.000,30.000,3.9184
4.5120,5.1944,-6.5247,1.1914,-0.001,-0.089,-108.928,0.9587,0.8978,0.9382,0.9277,30.000,30.000,30.000,3.9188
4.5140,5.1909,-6.5317,1.1913,-0.003,-0.079,-109.017,0.9580,0.8993,0.9383,0.9284,30.000,30.000,30.000,3.9197
4.5160,5.1874,-6.5387,1.1911,-0.004,-0.068,-109.105,0.9572,0.9009,0.9382,0.9290,30.000,30.000,30.000,3.9211
4.5180,5.1839,-6.5457,1.1909,-0.006,-0.056,-109.193,0.9564,0.9025,0.9383,0.9295,30.000,30.000,30.000,3.9217
4.5200,5.1804,-6.5527,1.1907,-0.004,-0.043,-109.282,0.9555,0.9041,0.9383,0.9300,30.000,30.000,30.000,3.9223
4.5220,5.1768,-6.5597,1.1904,-0.003,-0.028,-109.370,0.9546,0.9058,0.9380,0.9305,30.000,30.000,30.000,3.9233
4.5240,5.1733,-6.5667,1.1902,-0.002,-0.012,-109.457,0.9536,0.9074,0.9379,0.9309,30.000,30.000,30.000,3.9238
4.5260,5.1698,-6.5738,1.1899,-0.004,0.003,-109.544,0.9527,0.9089,0.9378,0.9313,30.000,30.000,30.000,3.9244
4.5280,5.1662,-6.5808,1.1898,-0.010,0.004,-109.631,0.9516,0.9103,0.9376,0.9316,30.000,30.000,30.000,3.9250
4.5300,5.1626,-6.5877,1.1899,-0.012,0.001,-109.724,0.9502,0.9107,0.9379,0.9318,30.000,30.000,30.000,3.9322
4.5320,5.1589,-6.5947,1.1900,-0.016,0.002,-109.818,0.9502,0.9108,0.9374,0.9321,30.000,30.000,30.000,3.9378
4.5340,5.1552,-6.6016,1.1901,-0.012,0.003,-109.913,0.9498,0.9110,0.9375,0.9323,30.000,30.000,30.000,3.9382
4.5360,5.1515,-6.6086,1.1901,-0.011,0.002,-110.008,0.9492,0.9111,0.9372,0.9324,30.000,30.000,30.000,3.9401
4.5380,5.1478,-6.6155,1.1902,-0.011,0.001,-110.103,0.9485,0.9111,0.9368,0.9325,30.000,30.000,30.000,3.9410
4.5400,5.1441,-6.6225,1.1901,-0.011,-0.000,-110.199,0.9478,0.9112,0.9364,0.9326,30.000,30.000,30.000,3.9416
4.5420,5.1403,-6.6294,1.1901,-0.009,-0.001,-110.294,0.9470,0.9113,0.9359,0.9326,30.000,30.000,30.000,3.9422
4.5440,5.1366,-6.6364,1.1900,-0.006,-0.001,-110.389,0.9463,0.9113,0.9356,0.9326,30.000,30.000,30.000,3.9431
4.5460,5.1329,-6.6434,1.1900,-0.002,-0.001,-110.484,0.9454,0.9113,0.9354,0.9325,30.000,30.000,30.000,3.9442
4.5480,5.1291,-6.6503,1.1899,-0.002,-0.000,-110.579,0.9446,0.9113,0.9353,0.9325,30.000,30.000,30.000,3.9459
4.5500,5.1254,-6.6572,1.1900,-0.002,0.000,-110.675,0.9439,0.9110,0.9349,0.9328,30.000,30.000,30.000,3.9498
4.5520,5.1216,-6.6642,1.1900,-0.003,-0.001,-110.772,0.9434,0.9106,0.9350,0.9331,30.000,30.000,30.000,3.9527
4.5540,5.1177,-6.6711,1.1900,-0.010,-0.003,-110.871,0.9430,0.9103,0.9351,0.9333,30.000,30.000,30.000,3.9575
4.5560,5.1139,-6.6780,1.1900,-0.008,-0.004,-110.971,0.9428,0.9098,0.9348,0.9335,30.000,30.000,30.000,3.9598
4.5580,5.1100,-6.6849,1.1901,-0.009,-0.001,-111.071,0.9425,0.9094,0.9343,0.9337,30.000,30.000,30.000,3.9639
4.5600,5.1061,-6.6918,1.1901,-0.007,0.001,-111.169,0.9422,0.9090,0.9343,0.9339,30.000,30.000,30.000,3.9660
4.5620,5.1021,-6.6987,1.1901,-0.009,0.003,-111.268,0.9419,0.9086,0.9342,0.9339,30.000,30.000,30.000,3.9680
4.5640,5.0982,-6.7056,1.1900,-0.010,0.004,-111.366,0.9417,0.9081,0.9341,0.9340,30.000,30.000,30.000,3.9695
4.5660,5.0943,-6.7125,1.1900,-0.008,0.004,-111.465,0.9415,0.9077,0.9339,0.9340,30.000,30.000,30.000,3.9714
4.5680,5.0903,-6.7194,1.1900,-0.006,0.002,-111.564,0.9414,0.9073,0.9339,0.9340,30.000,30.000,30.000,3.9738
4.5700,5.0863,-6.7263,1.1899,-0.007,0.002,-111.664,0.9416,0.9068,0.9336,0.9339,30.000,30.000,30.000,3.9773
4.5720,5.0823,-6.7331,1.1899,-0.008,0.005,-111.764,0.9415,0.9062,0.9338,0.9338,30.000,30.000,30.000,3.9785
4.5740,5.0783,-6.7400,1.1899,-0.006,0.004,-111.865,0.9413,0.9056,0.9332,0.9337,30.000,30.000,30.000,3.9807
4.5760,5.0742,-6.7469,1.1900,-0.007,0.002,-111.967,0.9415,0.9051,0.9328,0.9335,30.000,30.000,30.000,3.9844
4.5780,5.0701,-6.7537,1.1901,-0.008,-0.001,-112.072,0.9419,0.9046,0.9327,0.9333,30.000,30.000,30.000,3.9866
4.5800,5.0660,-6.7605,1.1901,-0.012,-0.002,-112.177,0.9422,0.9040,0.9325,0.9331,30.000,30.000,30.000,3.9893
4.5820,5.0619,-6.7674,1.1901,-0.013,-0.001,-112.282,0.9425,0.9035,0.9326,0.9329,30.000,30.000,30.000,3.9902
4.5840,5.0577,-6.7742,1.1901,-0.012,-0.001,-112.387,0.9428,0.9029,0.9325,0.9326,30.000,30.000,30.000,3.9916
4.5860,5.0536,-6.7810,1.1901,-0.012,-0.000,-112.492,0.9431,0.9024,0.9325,0.9323,30.000,30.000,30.000,3.9923
4.5880,5.0494,-6.7878,1.1901,-0.009,0.001,-112.597,0.9434,0.9019,0.9325,0.9320,30.000,30.000,30.000,3.9936
4.5900,5.0453,-6.7947,1.1901,-0.010,0.002,-112.702,0.9437,0.9013,0.9327,0.9317,30.000,30.000,30.000,3.9946
4.5920,5.0411,-6.8015,1.1900,-0.005,0.002,-112.807,0.9439,0.9008,0.9328,0.9313,30.000,30.000,30.000,3.9953
4.5940,5.0369,-6.8083,1.1899,-0.004,0.001,-112.911,0.9442,0.9002,0.9326,0.9309,30.000,30.000,30.000,3.9967
4.5960,5.0327,-6.8151,1.1899,-0.003,-0.002,-113.017,0.9447,0.8998,0.9327,0.9305,30.000,30.000,30.000,3.9995
4.5980,5.0284,-6.8219,1.1899,-0.007,-0.002,-113.124,0.9452,0.8994,0.9329,0.9301,30.000,30.000,30.000,4.0016
4.6000,5.0242,-6.8286,1.1899,-0.003,0.001,-113.232,0.9456,0.8990,0.9330,0.9296,30.000,30.000,30.000,4.0051
4.6020,5.0198,-6.8354,1.1900,-0.005,0.003,-113.341,0.9462,0.8986,0.9338,0.9294,30.000,30.000,30.000,4.0072
4.6040,5.0155,-6.8421,1.1900,-0.007,0.003,-113.451,0.9468,0.8983,0.9344,0.9290,30.000,30.000,30.000,4.0102
4.6060,5.0111,-6.8489,1.1900,-0.008,0.003,-113.561,0.9477,0.8979,0.9349,0.9287,30.000,30.000,30.000,4.0114
4.6080,5.0068,-6.8556,1.1900,-0.009,0.001,-113.672,0.9483,0.8975,0.9352,0.9283,30.000,30.000,30.000,4.0120
4.6100,5.0024,-6.8623,1.1900,-0.006,0.000,-113.784,0.9492,0.8971,0.9354,0.9280,30.000,30.000,30.000,4.0134
4.6120,4.9980,-6.8691,1.1900,-0.005,-0.000,-113.895,0.9499,0.8967,0.9354,0.9276,30.000,30.000,30.000,4.0142
4.6140,4.9936,-6.8758,1.1900,-0.002,0.000,-114.006,0.9506,0.8963,0.9356,0.9272,30.000,30.000,30.000,4.0145
4.6160,4.9892,-6.8825,1.1900,-0.001,-0.000,-114.116,0.9513,0.8959,0.9358,0.9267,30.000,30.000,30.000,4.0153
4.6180,4.9848,-6.8892,1.1899,-0.003,0.000,-114.227,0.9520,0.8956,0.9358,0.9262,30.000,30.000,30.000,4.0157
4.6200,4.9803,-6.8959,1.1899,-0.005,0.001,-114.337,0.9527,0.8953,0.9360,0.9259,30.000,30.000,30.000,4.0172
4.6220,4.9758,-6.9025,1.1900,-0.009,0.002,-114.449,0.9534,0.8951,0.9365,0.9256,30.000,30.000,30.000,4.0205
4.6240,4.9713,-6.9092,1.1900,-0.011,0.002,-114.561,0.9544,0.8948,0.9364,0.9253,30.000,30.000,30.000,4.0227
4.6260,4.9668,-6.9158,1.1900,-0.012,0.001,-114.674,0.9556,0.8945,0.9365,0.9250,30.000,30.000,30.000,4.0231
4.6280,4.9622,-6.9225,1.1900,-0.015,0.000,-114.788,0.9565,0.8942,0.9367,0.9246,30.000,30.000,30.000,4.0239
4.6300,4.9577,-6.9291,1.1901,-0.012,0.003,-114.902,0.9574,0.8938,0.9368,0.9243,30.000,30.000,30.000,4.0227
4.6320,4.9531,-6.9357,1.1901,-0.009,0.005,-115.014,0.9580,0.8935,0.9376,0.9239,30.000,30.000,30.000,4.0229
4.6340,4.9485,-6.9423,1.1900,-0.007,0.005,-115.127,0.9588,0.8932,0.9382,0.9235,30.000,30.000,30.000,4.0236
4.6360,4.9439,-6.9490,1.1900,-0.008,0.005,-115.239,0.9597,0.8929,0.9386,0.9231,30.000,30.000,30.000,4.0242
4.6380,4.9393,-6.9556,1.1899,-0.005,0.004,-115.352,0.9602,0.8928,0.9389,0.9227,30.000,30.000,30.000,4.0234
4.6400,4.9347,-6.9622,1.1900,-0.002,0.001,-115.465,0.9612,0.8927,0.9390,0.9222,30.000,30.000,30.000,4.0249
4.6420,4.9301,-6.9688,1.1900,-0.004,-0.000,-115.580,0.9618,0.8924,0.9395,0.9218,30.000,30.000,30.000,4.0264
4.6440,4.9255,-6.9753,1.1900,-0.005,-0.001,-115.695,0.9624,0.8921,0.9397,0.9214,30.000,30.000,30.000,4.0264
4.6460,4.9208,-6.9819,1.1899,-0.004,-0.001,-115.809,0.9630,0.8918,0.9397,0.9210,30.000,30.000,30.000,4.0260
4.6480,4.9162,-6.9885,1.1899,-0.005,-0.001,-115.923,0.9636,0.8915,0.9403,0.9207,30.000,30.000,30.000,4.0256
4.6500,4.9115,-6.9951,1.1899,-0.008,-0.002,-116.038,0.9642,0.8913,0.9406,0.9204,30.000,30.000,30.000,4.0258
4.6520,4.9068,-7.0016,1.1899,-0.008,0.000,-116.152,0.9650,0.8911,0.9408,0.9204,30.000,30.000,30.000,4.0262
4.6540,4.9021,-7.0082,1.1899,-0.009,0.002,-116.267,0.9656,0.8909,0.9406,0.9204,30.000,30.000,30.000,4.0281
4.6560,4.8974,-7.0147,1.1900,-0.011,0.005,-116.382,0.9664,0.8908,0.9407,0.9204,30.000,30.000,30.000,4.0312
4.6580,4.8926,-7.0212,1.1900,-0.015,0.009,-116.497,0.9672,0.8906,0.9413,0.9204,30.000,30.000,30.000,4.0318
4.6600,4.8879,-7.0277,1.1900,-0.013,0.009,-116.612,0.9675,0.8904,0.9416,0.9203,30.000,30.000,30.000,4.0325
4.6620,4.8831,-7.0342,1.1901,-0.014,0.007,-116.728,0.9689,0.8903,0.9416,0.9202,30.000,30.000,30.000,4.0334
4.6640,4.8783,-7.0407,1.1901,-0.014,0.006,-116.844,0.9699,0.8902,0.9416,0.9201,30.000,30.000,30.000,4.0325
4.6660,4.8735,-7.0472,1.1900,-0.013,0.003,-116.960,0.9707,0.8901,0.9416,0.9199,30.000,30.000,30.000,4.0319
4.6680,4.8687,-7.0536,1.1900,-0.012,-0.001,-117.076,0.9713,0.8899,0.9416,0.9198,30.000,30.000,30.000,4.0315
4.6700,4.8639,-7.0601,1.1900,-0.005,-0.002,-117.193,0.9720,0.8898,0.9415,0.9196,30.000,30.000,30.000,4.0315
4.6720,4.8590,-7.0666,1.1900,-0.002,-0.001,-117.310,0.9726,0.8896,0.9421,0.9194,30.000,30.000,30.000,4.0310
4.6740,4.8542,-7.0730,1.1900,-0.002,0.000,-117.426,0.9730,0.8895,0.9425,0.9194,30.000,30.000,30.000,4.0317
4.6760,4.8494,-7.0794,1.1900,-0.003,0.001,-117.543,0.9735,0.8894,0.9425,0.9195,30.000,30.000,30.000,4.0322
4.6780,4.8445,-7.0859,1.1900,-0.005,0.002,-117.661,0.9740,0.8893,0.9426,0.9196,30.000,30.000,30.000,4.0326
4.6800,4.8396,-7.0923,1.1899,-0.009,0.002,-117.779,0.9745,0.8892,0.9428,0.9196,30.000,30.000,30.000,4.0328
4.6820,4.8347,-7.0987,1.1899,-0.005,0.002,-117.897,0.9750,0.8891,0.9428,0.9197,30.000,30.000,30.000,4.0348
4.6840,4.8298,-7.1051,1.1900,-0.009,0.003,-118.014,0.9756,0.8891,0.9432,0.9197,30.000,30.000,30.000,4.0363
4.6860,4.8248,-7.1115,1.1900,-0.011,0.004,-118.132,0.9762,0.8890,0.9433,0.9197,30.000,30.000,30.000,4.0386
4.6880,4.8199,-7.1179,1.1900,-0.016,0.005,-118.249,0.9767,0.8889,0.9431,0.9196,30.000,30.000,30.000,4.0395
4.6900,4.8148,-7.1242,1.1900,-0.013,0.006,-118.367,0.9773,0.8889,0.9433,0.9196,30.000,30.000,30.000,4.0411
4.6920,4.8098,-7.1305,1.1900,-0.016,0.007,-118.485,0.9781,0.8888,0.9435,0.9195,30.000,30.000,30.000,4.0422
4.6940,4.8048,-7.1368,1.1900,-0.015,0.007,-118.602,0.9788,0.8887,0.9436,0.9194,30.000,30.000,30.000,4.0442
4.6960,4.7997,-7.1431,1.1901,-0.017,0.007,-118.720,0.9794,0.8886,0.9434,0.9193,30.000,30.000,30.000,4.0449
4.6980,4.7946,-7.1494,1.1901,-0.015,0.006,-118.838,0.9803,0.8885,0.9433,0.9191,30.000,30.000,30.000,4.0461
4.7000,4.7895,-7.1557,1.1901,-0.014,0.005,-118.956,0.9810,0.8884,0.9435,0.9190,30.000,30.000,30.000,4.0455
4.7020,4.7843,-7.1619,1.1901,-0.014,0.004,-119.074,0.9818,0.8883,0.9435,0.9188,30.000,30.000,30.000,4.0446
4.7040,4.7792,-7.1682,1.1901,-0.005,0.004,-119.192,0.9823,0.8882,0.9435,0.9186,30.000,30.000,30.000,4.0428
4.7060,4.7741,-7.1745,1.1900,-0.000,0.003,-119.309,0.9833,0.8881,0.9437,0.9184,30.000,30.000,30.000,4.0430
4.7080,4.7690,-7.1807,1.1900,-0.001,0.001,-119.427,0.9840,0.8880,0.9439,0.9181,30.000,30.000,30.000,4.0415
4.7100,4.7638,-7.1869,1.1899,-0.005,-0.000,-119.544,0.9845,0.8880,0.9441,0.9180,30.000,30.000,30.000,4.0394
4.7120,4.7587,-7.1932,1.1899,-0.009,-0.003,-119.663,0.9849,0.8880,0.9442,0.9180,30.000,30.000,30.000,4.0385
4.7140,4.7535,-7.1994,1.1899,-0.006,-0.001,-119.782,0.9856,0.8879,0.9440,0.9183,30.000,30.000,30.000,4.0402
4.7160,4.7483,-7.2056,1.1899,-0.008,0.002,-119.901,0.9861,0.8878,0.9451,0.9186,30.000,30.000,30.000,4.0434
4.7180,4.7431,-7.2117,1.1900,-0.007,0.004,-120.020,0.9869,0.8877,0.9457,0.9189,30.000,30.000,30.000,4.0460
4.7200,4.7379,-7.2179,1.1900,-0.007,0.006,-120.139,0.9873,0.8876,0.9459,0.9191,30.000,30.000,30.000,4.0460
4.7220,4.7326,-7.2241,1.1900,-0.005,0.006,-120.259,0.9879,0.8876,0.9460,0.9193,30.000,30.000,30.000,4.0455
4.7240,4.7274,-7.2302,1.1900,-0.005,0.005,-120.379,0.9885,0.8875,0.9460,0.9195,30.000,30.000,30.000,4.0447
4.7260,4.7221,-7.2364,1.1900,-0.004,0.003,-120.499,0.9890,0.8874,0.9459,0.9196,30.000,30.000,30.000,4.0445
4.7280,4.7169,-7.2425,1.1900,-0.005,0.001,-120.619,0.9895,0.8873,0.9459,0.9197,30.000,30.000,30.000,4.0440
4.7300,4.7116,-7.2487,1.1899,-0.005,0.001,-120.739,0.9900,0.8873,0.9457,0.9199,30.000,30.000,30.000,4.0439
4.7320,4.7063,-7.2548,1.1899,-0.004,0.001,-120.858,0.9902,0.8872,0.9459,0.9200,30.000,30.000,30.000,4.0435
4.7340,4.7010,-7.2609,1.1899,-0.004,0.001,-120.977,0.9906,0.8871,0.9456,0.9200,30.000,30.000,30.000,4.0438
4.7360,4.6957,-7.2670,1.1899,-0.007,0.002,-121.097,0.9910,0.8871,0.9456,0.9201,30.000,30.000,30.000,4.0438
4.7380,4.6904,-7.2731,1.1899,-0.014,0.003,-121.215,0.9912,0.8871,0.9459,0.9202,30.000,30.000,30.000,4.0432
4.7400,4.6851,-7.2792,1.1899,-0.007,0.003,-121.332,0.9910,0.8872,0.9458,0.9203,30.000,30.000,30.000,4.0438
4.7420,4.6797,-7.2853,1.1900,-0.008,0.004,-121.449,0.9915,0.8871,0.9450,0.9204,30.000,30.000,30.000,4.0455
4.7440,4.6743,-7.2913,1.1900,-0.015,0.007,-121.568,0.9920,0.8869,0.9441,0.9204,30.000,30.000,30.000,4.0488
4.7460,4.6689,-7.2973,1.1901,-0.012,0.009,-121.685,0.9921,0.8868,0.9437,0.9205,30.000,30.000,30.000,4.0451
4.7480,4.6635,-7.3033,1.1901,-0.010,0.009,-121.803,0.9921,0.8867,0.9433,0.9204,30.000,30.000,30.000,4.0454
4.7500,4.6581,-7.3094,1.1901,-0.010,0.008,-121.923,0.9922,0.8866,0.9429,0.9204,30.000,30.000,30.000,4.0465
4.7520,4.6527,-7.3154,1.1901,-0.009,0.006,-122.042,0.9925,0.8864,0.9424,0.9204,30.000,30.000,30.000,4.0446
4.7540,4.6472,-7.3214,1.1900,-0.008,0.005,-122.162,0.9928,0.8863,0.9419,0.9203,30.000,30.000,30.000,4.0431
4.7560,4.6418,-7.3273,1.1900,-0.003,0.002,-122.281,0.9928,0.8862,0.9414,0.9202,30.000,30.000,30.000,4.0417
4.7580,4.6364,-7.3333,1.1900,-0.002,-0.000,-122.399,0.9931,0.8862,0.9413,0.9200,30.000,30.000,30.000,4.0405
4.7600,4.6310,-7.3393,1.1899,-0.006,-0.001,-122.518,0.9931,0.8862,0.9413,0.9199,30.000,30.000,30.000,4.0398
4.7620,4.6255,-7.3453,1.1899,-0.002,-0.000,-122.637,0.9931,0.8861,0.9411,0.9201,30.000,30.000,30.000,4.0394
4.7640,4.6200,-7.3512,1.1900,-0.008,0.000,-122.755,0.9931,0.8861,0.9415,0.9202,30.000,30.000,30.000,4.0410
4.7660,4.6146,-7.3572,1.1900,-0.013,0.002,-122.875,0.9933,0.8858,0.9414,0.9205,30.000,30.000,30.000,4.0419
4.7680,4.6091,-7.3631,1.1901,-0.016,0.005,-122.996,0.9931,0.8855,0.9415,0.9207,30.000,30.000,30.000,4.0431
4.7700,4.6035,-7.3690,1.1901,-0.019,0.007,-123.116,0.9932,0.8852,0.9413,0.9210,30.000,30.000,30.000,4.0450
4.7720,4.5980,-7.3749,1.1902,-0.022,0.008,-123.237,0.9933,0.8849,0.9411,0.9212,30.000,30.000,30.000,4.0454
4.7740,4.5924,-7.3808,1.1902,-0.025,0.008,-123.358,0.9935,0.8846,0.9409,0.9214,30.000,30.000,30.000,4.0460
4.7760,4.5869,-7.3867,1.1902,-0.028,0.010,-123.480,0.9938,0.8843,0.9408,0.9216,30.000,30.000,30.000,4.0469
4.7780,4.5813,-7.3925,1.1902,-0.025,0.011,-123.602,0.9936,0.8840,0.9409,0.9217,30.000,30.000,30.000,4.0470
4.7800,4.5757,-7.3984,1.1902,-0.024,0.010,-123.723,0.9941,0.8837,0.9407,0.9218,30.000,30.000,30.000,4.0482
4.7820,4.5701,-7.4042,1.1902,-0.024,0.007,-123.845,0.9943,0.8834,0.9404,0.9219,30.000,30.000,30.000,4.0489
4.7840,4.5644,-7.4100,1.1902,-0.022,0.004,-123.968,0.9948,0.8831,0.9402,0.9219,30.000,30.000,30.000,4.0491
4.7860,4.5588,-7.4158,1.1902,-0.019,0.002,-124.091,0.9950,0.8828,0.9400,0.9219,30.000,30.000,30.000,4.0485
4.7880,4.5532,-7.4216,1.1901,-0.015,0.002,-124.214,0.9953,0.8825,0.9400,0.9219,30.000,30.000,30.000,4.0485
4.7900,4.5475,-7.4274,1.1901,-0.012,0.002,-124.337,0.9954,0.8822,0.9399,0.9219,30.000,30.000,30.000,4.0489
4.7920,4.5418,-7.4332,1.1900,-0.008,0.002,-124.459,0.9956,0.8819,0.9399,0.9219,30.000,30.000,30.000,4.0483
4.7940,4.5361,-7.4390,1.1899,-0.005,0.003,-124.580,0.9956,0.8817,0.9399,0.9218,30.000,30.000,30.000,4.0478
4.7960,4.5304,-7.4447,1.1899,-0.006,0.002,-124.701,0.9958,0.8813,0.9399,0.9217,30.000,30.000,30.000,4.0477
4.7980,4.5248,-7.4505,1.1900,-0.008,0.005,-124.816,0.9956,0.8815,0.9409,0.9217,30.000,30.000,30.000,4.0469
4.8000,4.5191,-7.4562,1.1900,-0.009,0.006,-124.930,0.9952,0.8817,0.9416,0.9216,30.000,30.000,30.000,4.0473
4.8020,4.5134,-7.4620,1.1900,-0.011,0.007,-125.044,0.9951,0.8819,0.9420,0.9216,30.000,30.000,30.000,4.0485
4.8040,4.5077,-7.4677,1.1900,-0.009,0.005,-125.159,0.9948,0.8821,0.9423,0.9215,30.000,30.000,30.000,4.0483
4.8060,4.5019,-7.4735,1.1900,-0.010,0.002,-125.274,0.9947,0.8822,0.9426,0.9214,30.000,30.000,30.000,4.0500
4.8080,4.4962,-7.4792,1.1900,-0.004,0.000,-125.391,0.9947,0.8823,0.9427,0.9212,30.000,30.000,30.000,4.0510
4.8100,4.4904,-7.4849,1.1900,-0.003,0.001,-125.508,0.9947,0.8824,0.9423,0.9211,30.000,30.000,30.000,4.0531
4.8120,4.4846,-7.4906,1.1899,-0.004,-0.001,-125.624,0.9946,0.8826,0.9422,0.9209,30.000,30.000,30.000,4.0525
4.8140,4.4789,-7.4962,1.1899,-0.004,-0.000,-125.741,0.9945,0.8826,0.9419,0.9207,30.000,30.000,30.000,4.0517
4.8160,4.4731,-7.5019,1.1899,-0.004,0.000,-125.858,0.9944,0.8826,0.9421,0.9206,30.000,30.000,30.000,4.0515
4.8180,4.4673,-7.5076,1.1899,-0.008,0.001,-125.975,0.9942,0.8826,0.9420,0.9206,30.000,30.000,30.000,4.0521
4.8200,4.4614,-7.5132,1.1899,-0.009,0.003,-126.092,0.9940,0.8825,0.9416,0.9205,30.000,30.000,30.000,4.0538
4.8220,4.4556,-7.5188,1.1899,-0.008,0.005,-126.209,0.9938,0.8824,0.9419,0.9204,30.000,30.000,30.000,4.0538
4.8240,4.4497,-7.5244,1.1899,-0.007,0.007,-126.326,0.9938,0.8823,0.9420,0.9203,30.000,30.000,30.000,4.0550
4.8260,4.4439,-7.5300,1.1899,-0.014,0.006,-126.443,0.9938,0.8822,0.9421,0.9202,30.000,30.000,30.000,4.0551
4.8280,4.4380,-7.5356,1.1899,-0.015,0.007,-126.560,0.9932,0.8822,0.9421,0.9200,30.000,30.000,30.000,4.0553
4.8300,4.4321,-7.5412,1.1899,-0.019,0.007,-126.678,0.9932,0.8822,0.9426,0.9198,30.000,30.000,30.000,4.0568
4.8320,4.4262,-7.5468,1.1900,-0.014,0.006,-126.796,0.9931,0.8821,0.9427,0.9196,30.000,30.000,30.000,4.0597
4.8340,4.4203,-7.5523,1.1900,-0.014,0.006,-126.915,0.9933,0.8821,0.9423,0.9194,30.000,30.000,30.000,4.0622
4.8360,4.4143,-7.5578,1.1901,-0.014,0.005,-127.035,0.9935,0.8820,0.9421,0.9192,30.000,30.000,30.000,4.0630
4.8380,4.4083,-7.5633,1.1901,-0.014,0.003,-127.156,0.9936,0.8820,0.9417,0.9190,30.000,30.000,30.000,4.0632
4.8400,4.4023,-7.5688,1.1901,-0.013,0.002,-127.277,0.9940,0.8819,0.9416,0.9187,30.000,30.000,30.000,4.0620
4.8420,4.3963,-7.5743,1.1901,-0.012,0.002,-127.398,0.9942,0.8819,0.9416,0.9184,30.000,30.000,30.000,4.0607
4.8440,4.3903,-7.5798,1.1901,-0.008,0.002,-127.519,0.9943,0.8818,0.9416,0.9181,30.000,30.000,30.000,4.0599
4.8460,4.3843,-7.5852,1.1900,-0.005,0.003,-127.640,0.9943,0.8818,0.9418,0.9178,30.000,30.000,30.000,4.0588
4.8480,4.3783,-7.5907,1.1899,-0.000,0.003,-127.760,0.9942,0.8817,0.9419,0.9175,30.000,30.000,30.000,4.0588
4.8500,4.3723,-7.5961,1.1899,-0.004,0.000,-127.881,0.9943,0.8816,0.9421,0.9172,30.000,30.000,30.000,4.0581
4.8520,4.3663,-7.6016,1.1899,-0.008,0.000,-128.002,0.9943,0.8815,0.9421,0.9171,30.000,30.000,30.000,4.0589
4.8540,4.3602,-7.6070,1.1899,-0.009,0.002,-128.123,0.9942,0.8814,0.9426,0.9169,30.000,30.000,30.000,4.0595
4.8560,4.3542,-7.6124,1.1900,-0.008,-0.001,-128.245,0.9942,0.8813,0.9428,0.9167,30.000,30.000,30.000,4.0631
4.8580,4.3481,-7.6178,1.1900,-0.009,-0.003,-128.367,0.9945,0.8812,0.9427,0.9166,30.000,30.000,30.000,4.0619
4.8600,4.3420,-7.6232,1.1900,-0.005,-0.003,-128.491,0.9946,0.8811,0.9425,0.9164,30.000,30.000,30.000,4.0620
4.8620,4.3359,-7.6285,1.1900,-0.003,-0.000,-128.614,0.9947,0.8810,0.9432,0.9162,30.000,30.000,30.000,4.0616
4.8640,4.3298,-7.6339,1.1900,-0.003,0.001,-128.738,0.9948,0.8809,0.9436,0.9161,30.000,30.000,30.000,4.0621
4.8660,4.3237,-7.6392,1.1900,-0.002,0.001,-128.860,0.9947,0.8809,0.9437,0.9159,30.000,30.000,30.000,4.0609
4.8680,4.3176,-7.6446,1.1899,-0.002,0.001,-128.982,0.9946,0.8809,0.9439,0.9157,30.000,30.000,30.000,4.0601
4.8700,4.3115,-7.6499,1.1899,-0.004,0.001,-129.104,0.9945,0.8808,0.9441,0.9156,30.000,30.000,30.000,4.0602
4.8720,4.3053,-7.6553,1.1899,-0.007,0.002,-129.225,0.9941,0.8808,0.9442,0.9154,30.000,30.000,30.000,4.0598
4.8740,4.2992,-7.6606,1.1899,-0.006,0.002,-129.345,0.9938,0.8808,0.9445,0.9153,30.000,30.000,30.000,4.0611
4.8760,4.2931,-7.6659,1.1899,-0.010,0.002,-129.465,0.9936,0.8807,0.9446,0.9151,30.000,30.000,30.000,4.0621
4.8780,4.2869,-7.6712,1.1899,-0.010,0.003,-129.585,0.9932,0.8806,0.9444,0.9149,30.000,30.000,30.000,4.0634
4.8800,4.2807,-7.6765,1.1899,-0.008,0.005,-129.705,0.9932,0.8806,0.9449,0.9147,30.000,30.000,30.000,4.0645
4.8820,4.2745,-7.6818,1.1899,-0.009,0.004,-129.825,0.9927,0.8805,0.9449,0.9145,30.000,30.000,30.000,4.0642
4.8840,4.2683,-7.6870,1.1900,-0.008,0.002,-129.947,0.9926,0.8803,0.9451,0.9143,30.000,30.000,30.000,4.0665
4.8860,4.2621,-7.6923,1.1900,-0.011,0.002,-130.070,0.9926,0.8802,0.9456,0.9141,30.000,30.000,30.000,4.0682
4.8880,4.2559,-7.6975,1.1900,-0.012,0.001,-130.192,0.9922,0.8800,0.9458,0.9138,30.000,30.000,30.000,4.0686
4.8900,4.2496,-7.7027,1.1900,-0.014,-0.002,-130.315,0.9921,0.8798,0.9458,0.9135,30.000,30.000,30.000,4.0687
4.8920,4.2434,-7.7080,1.1900,-0.016,-0.005,-130.438,0.9920,0.8796,0.9458,0.9132,30.000,30.000,30.000,4.0690
4.8940,4.2371,-7.7132,1.1899,-0.017,-0.011,-130.562,0.9919,0.8795,0.9458,0.9129,30.000,30.000,30.000,4.0694
4.8960,4.2309,-7.7183,1.1899,-0.023,-0.015,-130.687,0.9920,0.8793,0.9457,0.9126,30.000,30.000,30.000,4.0694
4.8980,4.2246,-7.7235,1.1899,-0.030,-0.020,-130.813,0.9921,0.8791,0.9455,0.9128,30.000,30.000,30.000,4.0698
4.9000,4.2183,-7.7287,1.1901,-0.016,-0.008,-130.940,0.9925,0.8789,0.9451,0.9131,30.000,30.000,30.000,4.0728
4.9020,4.2119,-7.7338,1.1902,-0.006,0.005,-131.066,0.9926,0.8787,0.9478,0.9134,30.000,30.000,30.000,4.0736
4.9040,4.2056,-7.7389,1.1903,-0.000,0.016,-131.191,0.9927,0.8785,0.9502,0.9138,30.000,30.000,30.000,4.0768
4.9060,4.1992,-7.7440,1.1904,-0.002,0.020,-131.316,0.9927,0.8784,0.9524,0.9141,30.000,30.000,30.000,4.0775
4.9080,4.1929,-7.7492,1.1904,0.000,0.022,-131.438,0.9925,0.8785,0.9545,0.9144,30.000,30.000,30.000,4.0764
4.9100,4.1866,-7.7544,1.1905,0.001,0.023,-131.561,0.9923,0.8786,0.9564,0.9146,30.000,30.000,30.000,4.0791
4.9120,4.1803,-7.7595,1.1905,0.001,0.023,-131.684,0.9919,0.8787,0.9583,0.9148,30.000,30.000,30.000,4.0816
4.9140,4.1740,-7.7647,1.1905,0.001,0.023,-131.808,0.9915,0.8788,0.9600,0.9150,30.000,30.000,30.000,4.0840
4.9160,4.1676,-7.7699,1.1904,-0.001,0.021,-131.931,0.9910,0.8788,0.9615,0.9151,30.000,30.000,30.000,4.0862
4.9180,4.1613,-7.7750,1.1903,-0.004,0.018,-132.055,0.9904,0.8789,0.9630,0.9153,30.000,30.000,30.000,4.0886
4.9200,4.1550,-7.7802,1.1902,-0.007,0.013,-132.180,0.9898,0.8788,0.9643,0.9154,30.000,30.000,30.000,4.0910
4.9220,4.1486,-7.7854,1.1901,-0.008,0.007,-132.305,0.9891,0.8788,0.9654,0.9154,30.000,30.000,30.000,4.0939
4.9240,4.1423,-7.7906,1.1899,-0.008,0.001,-132.430,0.9885,0.8788,0.9663,0.9155,30.000,30.000,30.000,4.0968
4.9260,4.1359,-7.7957,1.1897,-0.007,-0.008,-132.556,0.9879,0.8788,0.9671,0.9155,30.000,30.000,30.000,4.0998
4.9280,4.1295,-7.8009,1.1897,-0.022,-0.009,-132.683,0.9873,0.8787,0.9677,0.9154,30.000,30.000,30.000,4.1024
4.9300,4.1231,-7.8060,1.1897,-0.043,-0.012,-132.811,0.9872,0.8786,0.9681,0.9170,30.000,30.000,30.000,4.1057
4.9320,4.1167,-7.8111,1.1898,-0.042,-0.011,-132.938,0.9870,0.8785,0.9677,0.9184,30.000,30.000,30.000,4.1133
4.9340,4.1101,-7.8161,1.1901,-0.041,0.000,-133.070,0.9882,0.8784,0.9663,0.9199,30.000,30.000,30.000,4.1281
4.9360,4.1036,-7.8212,1.1904,-0.031,0.011,-133.202,0.9883,0.8783,0.9670,0.9213,30.000,30.000,30.000,4.1222
4.9380,4.0970,-7.8262,1.1906,-0.021,0.020,-133.333,0.9885,0.8782,0.9670,0.9227,30.000,30.000,30.000,4.1241
4.9400,4.0905,-7.8312,1.1908,-0.014,0.028,-133.465,0.9884,0.8781,0.9670,0.9241,30.000,30.000,30.000,4.1267
4.9420,4.0839,-7.8362,1.1909,-0.009,0.037,-133.597,0.9883,0.8780,0.9669,0.9254,30.000,30.000,30.000,4.1287
4.9440,4.0774,-7.8412,1.1910,-0.003,0.045,-133.728,0.9881,0.8779,0.9667,0.9266,30.000,30.000,30.000,4.1301
4.9460,4.0708,-7.8463,1.1910,0.004,0.053,-133.859,0.9878,0.8778,0.9665,0.9278,30.000,30.000,30.000,4.1316
4.9480,4.0642,-7.8513,1.1911,0.001,0.053,-133.990,0.9874,0.8777,0.9661,0.9289,30.000,30.000,30.000,4.1327
4.9500,4.0577,-7.8563,1.1911,0.002,0.053,-134.119,0.9870,0.8779,0.9657,0.9299,30.000,30.000,30.000,4.1323
4.9520,4.0512,-7.8614,1.1911,0.002,0.052,-134.247,0.9864,0.8780,0.9652,0.9309,30.000,30.000,30.000,4.1340
4.9540,4.0446,-7.8665,1.1911,0.001,0.051,-134.376,0.9858,0.8782,0.9647,0.9318,30.000,30.000,30.000,4.1357
4.9560,4.0381,-7.8715,1.1910,0.001,0.050,-134.504,0.9851,0.8783,0.9640,0.9327,30.000,30.000,30.000,4.1372
4.9580,4.0315,-7.8766,1.1909,-0.002,0.046,-134.632,0.9844,0.8785,0.9634,0.9335,30.000,30.000,30.000,4.1385
4.9600,4.0249,-7.8816,1.1908,-0.005,0.041,-134.760,0.9836,0.8786,0.9627,0.9342,30.000,30.000,30.000,4.1400
4.9620,4.0184,-7.8867,1.1906,-0.010,0.035,-134.888,0.9828,0.8787,0.9619,0.9349,30.000,30.000,30.000,4.1415
4.9640,4.0118,-7.8917,1.1905,-0.010,0.026,-135.017,0.9819,0.8787,0.9611,0.9354,30.000,30.000,30.000,4.1433
4.9660,4.0053,-7.8968,1.1903,-0.009,0.015,-135.145,0.9815,0.8787,0.9602,0.9360,30.000,30.000,30.000,4.1452
4.9680,3.9987,-7.9018,1.1901,-0.009,0.004,-135.273,0.9811,0.8788,0.9592,0.9364,30.000,30.000,30.000,4.1467
4.9700,3.9921,-7.9069,1.1899,-0.012,-0.007,-135.402,0.9807,0.8788,0.9583,0.9368,30.000,30.000,30.000,4.1475
4.9720,3.9855,-7.9119,1.1899,-0.005,-0.003,-135.532,0.9804,0.8788,0.9572,0.9369,30.000,30.000,30.000,4.1497
4.9740,3.9788,-7.9169,1.1899,-0.011,0.001,-135.659,0.9800,0.8788,0.9542,0.9377,30.000,30.000,30.000,4.1528
4.9760,3.9721,-7.9218,1.1900,-0.009,0.005,-135.785,0.9798,0.8787,0.9520,0.9381,30.000,30.000,30.000,4.1567
4.9780,3.9654,-7.9267,1.1901,-0.015,0.010,-135.913,0.9801,0.8786,0.9504,0.9386,30.000,30.000,30.000,4.1566
4.9800,3.9587,-7.9316,1.1902,-0.017,0.012,-136.043,0.9798,0.8785,0.9488,0.9389,30.000,30.000,30.000,4.1565
4.9820,3.9520,-7.9365,1.1902,-0.018,0.012,-136.174,0.9804,0.8785,0.9472,0.9393,30.000,30.000,30.000,4.1565
4.9840,3.9452,-7.9413,1.1903,-0.020,0.010,-136.305,0.9805,0.8784,0.9456,0.9395,30.000,30.000,30.000,4.1566
4.9860,3.9385,-7.9462,1.1903,-0.022,0.008,-136.435,0.9809,0.8783,0.9440,0.9397,30.000,30.000,30.000,4.1551
4.9880,3.9317,-7.9510,1.1903,-0.024,0.005,-136.565,0.9812,0.8782,0.9424,0.9398,30.000,30.000,30.000,4.1538
4.9900,3.9250,-7.9559,1.1903,-0.025,0.003,-136.696,0.9814,0.8781,0.9408,0.9399,30.000,30.000,30.000,4.1527
4.9920,3.9182,-7.9607,1.1902,-0.027,0.001,-136.826,0.9816,0.8780,0.9394,0.9400,30.000,30.000,30.000,4.1516
4.9940,3.9114,-7.9655,1.1902,-0.025,-0.005,-136.957,0.9817,0.8779,0.9381,0.9400,30.000,30.000,30.000,4.1511
4.9960,3.9047,-7.9703,1.1901,-0.019,-0.006,-137.087,0.9821,0.8778,0.9365,0.9400,30.000,30.000,30.000,4.1501
4.9980,3.8979,-7.9751,1.1901,-0.010,-0.004,-137.219,0.9823,0.8777,0.9359,0.9399,30.000,30.000,30.000,4.1503
5.0000,3.8911,-7.9798,1.1900,-0.005,0.000,-137.349,0.9825,0.8776,0.9347,0.9398,30.000,30.000,30.000,4.1507
5.0020,3.8843,-7.9846,1.1900,-0.002,0.000,-137.478,0.9826,0.8775,0.9336,0.9397,30.000,30.000,30.000,4.1491
5.0040,3.8775,-7.9893,1.1899,0.001,0.002,-137.606,0.9827,0.8775,0.9328,0.9394,30.000,30.000,30.000,4.1472
5.0060,3.8707,-7.9941,1.1899,-0.003,-0.000,-137.734,0.9826,0.8776,0.9319,0.9393,30.000,30.000,30.000,4.1455
5.0080,3.8639,-7.9988,1.1900,-0.007,0.000,-137.862,0.9826,0.8775,0.9314,0.9394,30.000,30.000,30.000,4.1467
5.0100,3.8570,-8.0035,1.1900,-0.008,0.002,-137.990,0.9826,0.8773,0.9304,0.9393,30.000,30.000,30.000,4.1487
5.0120,3.8502,-8.0081,1.1900,-0.012,0.003,-138.118,0.9825,0.8771,0.9300,0.9392,30.000,30.000,30.000,4.1490
5.0140,3.8433,-8.0128,1.1901,-0.013,0.002,-138.247,0.9827,0.8770,0.9295,0.9390,30.000,30.000,30.000,4.1492
5.0160,3.8364,-8.0175,1.1901,-0.015,0.002,-138.376,0.9831,0.8768,0.9289,0.9389,30.000,30.000,30.000,4.1490
5.0180,3.8295,-8.0221,1.1900,-0.020,0.003,-138.505,0.9830,0.8766,0.9284,0.9387,30.000,30.000,30.000,4.1487
5.0200,3.8226,-8.0267,1.1900,-0.024,0.001,-138.633,0.9832,0.8765,0.9277,0.9384,30.000,30.000,30.000,4.1495
5.0220,3.8157,-8.0313,1.1901,-0.016,0.001,-138.762,0.9835,0.8763,0.9269,0.9381,30.000,30.000,30.000,4.1500
5.0240,3.8087,-8.0358,1.1901,-0.015,0.004,-138.891,0.9841,0.8761,0.9271,0.9378,30.000,30.000,30.000,4.1508
5.0260,3.8018,-8.0403,1.1901,-0.014,0.004,-139.020,0.9845,0.8760,0.9272,0.9375,30.000,30.000,30.000,4.1515
5.0280,3.7948,-8.0449,1.1901,-0.012,0.004,-139.150,0.9849,0.8758,0.9271,0.9371,30.000,30.000,30.000,4.1504
5.0300,3.7879,-8.0494,1.1901,-0.010,0.002,-139.280,0.9855,0.8757,0.9269,0.9367,30.000,30.000,30.000,4.1498
5.0320,3.7809,-8.0539,1.1900,-0.007,0.000,-139.410,0.9859,0.8755,0.9267,0.9363,30.000,30.000,30.000,4.1486
5.0340,3.7739,-8.0583,1.1900,-0.004,0.001,-139.540,0.9863,0.8753,0.9264,0.9358,30.000,30.000,30.000,4.1477
5.0360,3.7669,-8.0628,1.1899,-0.004,0.000,-139.670,0.9866,0.8752,0.9260,0.9353,30.000,30.000,30.000,4.1468
5.0380,3.7599,-8.0673,1.1899,-0.004,0.001,-139.797,0.9869,0.8751,0.9259,0.9349,30.000,30.000,30.000,4.1463
5.0400,3.7529,-8.0717,1.1899,-0.011,0.001,-139.922,0.9871,0.8751,0.9254,0.9345,30.000,30.000,30.000,4.1467
5.0420,3.7459,-8.0761,1.1899,-0.016,-0.003,-140.046,0.9874,0.8751,0.9249,0.9340,30.000,30.000,30.000,4.1469
5.0440,3.7388,-8.0804,1.1899,-0.019,-0.009,-140.173,0.9880,0.8751,0.9243,0.9335,30.000,30.000,30.000,4.1463
5.0460,3.7318,-8.0848,1.1899,-0.031,-0.015,-140.301,0.9890,0.8751,0.9237,0.9330,30.000,30.000,30.000,4.1458
5.0480,3.7247,-8.0891,1.1899,-0.037,-0.023,-140.430,0.9896,0.8751,0.9230,0.9324,30.000,30.000,30.000,4.1430
5.0500,3.7176,-8.0934,1.1899,-0.046,-0.031,-140.560,0.9902,0.8751,0.9224,0.9320,30.000,30.000,30.000,4.1414
5.0520,3.7105,-8.0977,1.1899,-0.058,-0.039,-140.690,0.9909,0.8751,0.9217,0.9315,30.000,30.000,30.000,4.1408
5.0540,3.7035,-8.1020,1.1899,-0.071,-0.046,-140.820,0.9924,0.8751,0.9211,0.9319,30.000,30.000,30.000,4.1372
5.0560,3.6964,-8.1063,1.1899,-0.079,-0.055,-140.950,0.9935,0.8751,0.9204,0.9320,30.000,30.000,30.000,4.1343
5.0580,3.6893,-8.1105,1.1900,-0.092,-0.064,-141.079,0.9939,0.8751,0.9198,0.9320,30.000,30.000,30.000,4.1330
5.0600,3.6822,-8.1148,1.1900,-0.102,-0.076,-141.208,0.9944,0.8751,0.9191,0.9322,30.000,30.000,30.000,4.1319
5.0620,3.6751,-8.1190,1.1903,-0.076,-0.064,-141.337,0.9955,0.8751,0.9182,0.9325,30.000,30.000,30.000,4.1324
5.0640,3.6679,-8.1231,1.1908,-0.017,-0.022,-141.463,0.9958,0.8750,0.9209,0.9330,30.000,30.000,30.000,4.1366
5.0660,3.6607,-8.1271,1.1913,0.037,0.020,-141.588,0.9960,0.8749,0.9199,0.9334,30.000,30.000,30.000,4.1407
5.0680,3.6535,-8.1313,1.1919,0.072,0.049,-141.711,0.9961,0.8748,0.9186,0.9339,30.000,30.000,30.000,4.1361
5.0700,3.6463,-8.1353,1.1925,0.089,0.067,-141.839,0.9963,0.8745,0.9175,0.9340,30.000,30.000,30.000,4.1351
5.0720,3.6391,-8.1394,1.1931,0.108,0.085,-141.966,0.9964,0.8744,0.9162,0.9342,30.000,30.000,30.000,4.1312
5.0740,3.6320,-8.1436,1.1937,0.121,0.098,-142.092,0.9963,0.8743,0.9150,0.9343,30.000,30.000,30.000,4.1281
5.0760,3.6248,-8.1477,1.1943,0.134,0.112,-142.216,0.9961,0.8744,0.9138,0.9344,30.000,30.000,30.000,4.1252
5.0780,3.6177,-8.1518,1.1948,0.148,0.126,-142.339,0.9958,0.8745,0.9127,0.9345,30.000,30.000,30.000,4.1230
5.0800,3.6105,-8.1559,1.1953,0.161,0.140,-142.461,0.9954,0.8746,0.9115,0.9345,30.000,30.000,30.000,4.1212
5.0820,3.6034,-8.1600,1.1958,0.173,0.155,-142.584,0.9948,0.8747,0.9104,0.9344,30.000,30.000,30.000,4.1193
5.0840,3.5962,-8.1641,1.1962,0.186,0.169,-142.706,0.9942,0.8748,0.9093,0.9343,30.000,30.000,30.000,4.1176
5.0860,3.5891,-8.1682,1.1966,0.198,0.183,-142.827,0.9935,0.8748,0.9082,0.9342,30.000,30.000,30.000,4.1159
5.0880,3.5820,-8.1723,1.1969,0.209,0.197,-142.949,0.9928,0.8749,0.9071,0.9341,30.000,30.000,30.000,4.1144
5.0900,3.5748,-8.1764,1.1972,0.215,0.207,-143.070,0.9919,0.8750,0.9061,0.9339,30.000,30.000,30.000,4.1128
5.0920,3.5677,-8.1805,1.1975,0.218,0.217,-143.191,0.9910,0.8749,0.9050,0.9336,30.000,30.000,30.000,4.1117
5.0940,3.5606,-8.1846,1.1978,0.221,0.227,-143.313,0.9900,0.8749,0.9040,0.9334,30.000,30.000,30.000,4.1105
5.0960,3.5534,-8.1886,1.1980,0.224,0.236,-143.434,0.9890,0.8749,0.9030,0.9331,30.000,30.000,30.000,4.1092
5.0980,3.5463,-8.1927,1.1982,0.225,0.245,-143.555,0.9879,0.8749,0.9020,0.9327,30.000,30.000,30.000,4.1081
5.1000,3.5392,-8.1968,1.1984,0.225,0.254,-143.675,0.9868,0.8749,0.9010,0.9324,30.000,30.000,30.000,4.1071
5.1020,3.5321,-8.2009,1.1985,0.223,0.261,-143.796,0.9856,0.8749,0.9001,0.9320,30.000,30.000,30.000,4.1062
5.1040,3.5249,-8.2050,1.1986,0.220,0.268,-143.916,0.9844,0.8749,0.8991,0.9316,30.000,30.000,30.000,4.1052
5.1060,3.5178,-8.2091,1.1987,0.215,0.275,-144.037,0.9831,0.8749,0.8982,0.9312,30.000,30.000,30.000,4.1045
5.1080,3.5107,-8.2131,1.1987,0.209,0.280,-144.157,0.9818,0.8749,0.8973,0.9307,30.000,30.000,30.000,4.1036
5.1100,3.5036,-8.2172,1.1987,0.202,0.286,-144.277,0.9805,0.8749,0.8964,0.9302,30.000,30.000,30.000,4.1029
5.1120,3.4965,-8.2213,1.1986,0.193,0.290,-144.397,0.9791,0.8749,0.8955,0.9297,30.000,30.000,30.000,4.1021
5.1140,3.4893,-8.2254,1.1986,0.183,0.294,-144.517,0.9777,0.8750,0.8947,0.9292,30.000,30.000,30.000,4.1015
5.1160,3.4822,-8.2294,1.1985,0.172,0.297,-144.637,0.9763,0.8750,0.8938,0.9286,30.000,30.000,30.000,4.1008
5.1180,3.4751,-8.2335,1.1983,0.159,0.298,-144.756,0.9749,0.8750,0.8930,0.9280,30.000,30.000,30.000,4.1002
5.1200,3.4680,-8.2376,1.1982,0.144,0.299,-144.876,0.9735,0.8751,0.8922,0.9275,30.000,30.000,30.000,4.0997
5.1220,3.4609,-8.2417,1.1980,0.128,0.298,-144.996,0.9720,0.8751,0.8914,0.9269,30.000,30.000,30.000,4.0991
5.1240,3.4538,-8.2458,1.1978,0.110,0.297,-145.115,0.9706,0.8752,0.8906,0.9262,30.000,30.000,30.000,4.0986
5.1260,3.4467,-8.2498,1.1975,0.092,0.295,-145.234,0.9691,0.8752,0.8898,0.9256,30.000,30.000,30.000,4.0981
5.1280,3.4395,-8.2539,1.1972,0.074,0.293,-145.354,0.9676,0.8752,0.8891,0.9249,30.000,30.000,30.000,4.0977
5.1300,3.4324,-8.2580,1.1969,0.054,0.289,-145.473,0.9661,0.8753,0.8883,0.9243,30.000,30.000,30.000,4.0974
5.1320,3.4253,-8.2621,1.1966,0.032,0.284,-145.592,0.9646,0.8754,0.8876,0.9236,30.000,30.000,30.000,4.0967
5.1340,3.4182,-8.2661,1.1962,0.009,0.278,-145.711,0.9632,0.8754,0.8869,0.9229,30.000,30.000,30.000,4.0964
5.1360,3.4111,-8.2702,1.1958,-0.014,0.272,-145.829,0.9617,0.8755,0.8862,0.9222,30.000,30.000,30.000,4.0960
5.1380,3.4040,-8.2743,1.1953,-0.038,0.265,-145.948,0.9602,0.8755,0.8855,0.9215,30.000,30.000,30.000,4.0957
5.1400,3.3969,-8.2784,1.1949,-0.060,0.255,-146.067,0.9586,0.8756,0.8848,0.9208,30.000,30.000,30.000,4.0955
5.1420,3.3898,-8.2824,1.1944,-0.074,0.240,-146.186,0.9574,0.8757,0.8842,0.9200,30.000,30.000,30.000,4.0958
5.1440,3.3826,-8.2864,1.1941,-0.078,0.212,-146.308,0.9565,0.8758,0.8835,0.9192,30.000,30.000,30.000,4.0984
5.1460,3.3754,-8.2903,1.1939,-0.082,0.175,-146.437,0.9574,0.8758,0.8827,0.9184,30.000,30.000,30.000,4.1025
5.1480,3.3682,-8.2942,1.1937,-0.094,0.135,-146.570,0.9566,0.8759,0.8820,0.9176,30.000,30.000,30.000,4.1022
5.1500,3.3609,-8.2980,1.1934,-0.115,0.096,-146.708,0.9565,0.8760,0.8813,0.9168,30.000,30.000,30.000,4.1036
5.1520,3.3536,-8.3018,1.1931,-0.133,0.057,-146.843,0.9563,0.8761,0.8806,0.9160,30.000,30.000,30.000,4.1001
5.1540,3.3464,-8.3056,1.1927,-0.148,0.018,-146.978,0.9561,0.8762,0.8800,0.9152,30.000,30.000,30.000,4.0976
5.1560,3.3391,-8.3094,1.1925,-0.149,-0.012,-147.110,0.9557,0.8762,0.8794,0.9145,30.000,30.000,30.000,4.0961
5.1580,3.3319,-8.3132,1.1921,-0.151,-0.041,-147.243,0.9553,0.8763,0.8793,0.9137,30.000,30.000,30.000,4.0949
5.1600,3.3246,-8.3170,1.1918,-0.154,-0.071,-147.376,0.9549,0.8763,0.8792,0.9130,30.000,30.000,30.000,4.0934
5.1620,3.3173,-8.3208,1.1918,-0.094,-0.057,-147.508,0.9541,0.8763,0.8792,0.9124,30.000,30.000,30.000,4.0949
5.1640,3.3100,-8.3244,1.1917,-0.054,-0.043,-147.637,0.9532,0.8763,0.8814,0.9119,30.000,30.000,30.000,4.0984
5.1660,3.3027,-8.3281,1.1917,-0.011,-0.029,-147.764,0.9524,0.8763,0.8839,0.9113,30.000,30.000,30.000,4.0982
5.1680,3.2954,-8.3318,1.1916,0.034,-0.016,-147.892,0.9515,0.8763,0.8866,0.9107,30.000,30.000,30.000,4.0984
5.1700,3.2880,-8.3355,1.1914,0.078,-0.003,-148.020,0.9506,0.8763,0.8895,0.9101,30.000,30.000,30.000,4.0995
5.1720,3.2807,-8.3392,1.1914,0.100,0.005,-148.147,0.9498,0.8762,0.8926,0.9095,30.000,30.000,30.000,4.0998
5.1740,3.2734,-8.3429,1.1914,0.099,0.005,-148.278,0.9489,0.8766,0.8958,0.9094,30.000,30.000,30.000,4.1008
5.1760,3.2661,-8.3466,1.1914,0.093,0.004,-148.413,0.9481,0.8766,0.8991,0.9095,30.000,30.000,30.000,4.1040
5.1780,3.2588,-8.3503,1.1914,0.087,0.002,-148.547,0.9473,0.8767,0.9026,0.9097,30.000,30.000,30.000,4.1067
5.1800,3.2514,-8.3541,1.1913,0.081,-0.001,-148.681,0.9464,0.8768,0.9062,0.9097,30.000,30.000,30.000,4.1098
5.1820,3.2441,-8.3578,1.1912,0.075,-0.004,-148.815,0.9455,0.8769,0.9099,0.9098,30.000,30.000,30.000,4.1132
5.1840,3.2368,-8.3615,1.1911,0.067,-0.006,-148.950,0.9446,0.8769,0.9136,0.9098,30.000,30.000,30.000,4.1168
5.1860,3.2294,-8.3652,1.1909,0.059,-0.009,-149.085,0.9438,0.8770,0.9174,0.9101,30.000,30.000,30.000,4.1208
5.1880,3.2221,-8.3690,1.1908,0.043,-0.008,-149.221,0.9428,0.8771,0.9213,0.9103,30.000,30.000,30.000,4.1251
5.1900,3.2147,-8.3727,1.1906,0.028,-0.007,-149.356,0.9419,0.8771,0.9251,0.9111,30.000,30.000,30.000,4.1300
5.1920,3.2073,-8.3765,1.1904,0.012,-0.008,-149.492,0.9410,0.8772,0.9290,0.9118,30.000,30.000,30.000,4.1357
5.1940,3.2000,-8.3803,1.1901,-0.002,-0.007,-149.628,0.9400,0.8773,0.9328,0.9125,30.000,30.000,30.000,4.1416
5.1960,3.1926,-8.3840,1.1900,-0.005,-0.002,-149.765,0.9390,0.8773,0.9363,0.9133,30.000,30.000,30.000,4.1480
5.1980,3.1852,-8.3878,1.1899,-0.004,0.001,-149.901,0.9384,0.8774,0.9387,0.9142,30.000,30.000,30.000,4.1547
5.2000,3.1777,-8.3916,1.1899,-0.005,0.002,-150.035,0.9384,0.8776,0.9405,0.9153,30.000,30.000,30.000,4.1596
5.2020,3.1703,-8.3953,1.1899,-0.005,0.000,-150.169,0.9384,0.8777,0.9420,0.9162,30.000,30.000,30.000,4.1642
5.2040,3.1628,-8.3990,1.1899,-0.008,-0.000,-150.304,0.9387,0.8778,0.9429,0.9171,30.000,30.000,30.000,4.1683
5.2060,3.1554,-8.4027,1.1900,-0.008,0.004,-150.440,0.9389,0.8780,0.9436,0.9180,30.000,30.000,30.000,4.1715
5.2080,3.1479,-8.4064,1.1900,-0.012,0.007,-150.574,0.9390,0.8781,0.9436,0.9189,30.000,30.000,30.000,4.1741
5.2100,3.1404,-8.4101,1.1900,-0.008,0.004,-150.707,0.9390,0.8783,0.9438,0.9196,30.000,30.000,30.000,4.1761
5.2120,3.1329,-8.4137,1.1901,-0.009,-0.000,-150.843,0.9392,0.8784,0.9438,0.9205,30.000,30.000,30.000,4.1792
5.2140,3.1253,-8.4174,1.1901,-0.012,-0.005,-150.979,0.9394,0.8785,0.9440,0.9212,30.000,30.000,30.000,4.1812
5.2160,3.1178,-8.4210,1.1901,-0.011,-0.007,-151.117,0.9398,0.8787,0.9439,0.9219,30.000,30.000,30.000,4.1830
5.2180,3.1103,-8.4246,1.1901,-0.010,-0.008,-151.253,0.9400,0.8788,0.9444,0.9226,30.000,30.000,30.000,4.1845
5.2200,3.1027,-8.4283,1.1900,-0.006,-0.005,-151.388,0.9401,0.8789,0.9446,0.9232,30.000,30.000,30.000,4.1871
5.2220,3.0951,-8.4319,1.1900,-0.003,-0.002,-151.521,0.9402,0.8790,0.9452,0.9238,30.000,30.000,30.000,4.1893
5.2240,3.0876,-8.4354,1.1900,-0.002,0.000,-151.654,0.9402,0.8792,0.9454,0.9244,30.000,30.000,30.000,4.1917
5.2260,3.0800,-8.4390,1.1899,-0.003,0.001,-151.786,0.9403,0.8793,0.9456,0.9250,30.000,30.000,30.000,4.1938
5.2280,3.0724,-8.4426,1.1899,-0.004,-0.001,-151.919,0.9406,0.8795,0.9458,0.9256,30.000,30.000,30.000,4.1962
5.2300,3.0648,-8.4461,1.1899,-0.006,-0.001,-152.051,0.9408,0.8797,0.9461,0.9261,30.000,30.000,30.000,4.1988
5.2320,3.0571,-8.4497,1.1899,-0.011,-0.003,-152.183,0.9412,0.8799,0.9463,0.9268,30.000,30.000,30.000,4.2015
5.2340,3.0495,-8.4531,1.1900,-0.013,-0.002,-152.314,0.9418,0.8801,0.9462,0.9274,30.000,30.000,30.000,4.2045
5.2360,3.0418,-8.4566,1.1900,-0.018,0.001,-152.446,0.9424,0.8803,0.9470,0.9279,30.000,30.000,30.000,4.2063
5.2380,3.0341,-8.4600,1.1901,-0.019,0.003,-152.577,0.9427,0.8805,0.9475,0.9284,30.000,30.000,30.000,4.2091
5.2400,3.0264,-8.4634,1.1901,-0.021,0.005,-152.709,0.9433,0.8807,0.9476,0.9289,30.000,30.000,30.000,4.2120
5.2420,3.0187,-8.4668,1.1902,-0.020,0.004,-152.841,0.9441,0.8810,0.9479,0.9293,30.000,30.000,30.000,4.2137
5.2440,3.0109,-8.4701,1.1902,-0.025,0.001,-152.974,0.9450,0.8812,0.9481,0.9297,30.000,30.000,30.000,4.2161
5.2460,3.0032,-8.4735,1.1903,-0.027,-0.002,-153.108,0.9459,0.8814,0.9480,0.9300,30.000,30.000,30.000,4.2170
5.2480,2.9954,-8.4768,1.1903,-0.030,-0.007,-153.243,0.9470,0.8816,0.9483,0.9303,30.000,30.000,30.000,4.2180
5.2500,2.9877,-8.4800,1.1904,-0.027,-0.005,-153.379,0.9481,0.8818,0.9483,0.9305,30.000,30.000,30.000,4.2200
5.2520,2.9799,-8.4833,1.1904,-0.032,-0.003,-153.512,0.9490,0.8820,0.9491,0.9308,30.000,30.000,30.000,4.2213
5.2540,2.9721,-8.4865,1.1904,-0.034,0.001,-153.643,0.9499,0.8822,0.9496,0.9309,30.000,30.000,30.000,4.2231
5.2560,2.9642,-8.4897,1.1905,-0.035,0.002,-153.774,0.9508,0.8824,0.9497,0.9311,30.000,30.000,30.000,4.2244
5.2580,2.9564,-8.4929,1.1905,-0.037,0.004,-153.905,0.9517,0.8826,0.9497,0.9312,30.000,30.000,30.000,4.2248
5.2600,2.9486,-8.4961,1.1905,-0.037,0.004,-154.037,0.9527,0.8828,0.9496,0.9312,30.000,30.000,30.000,4.2253
5.2620,2.9408,-8.4993,1.1904,-0.035,0.002,-154.170,0.9537,0.8830,0.9496,0.9312,30.000,30.000,30.000,4.2257
5.2640,2.9329,-8.5024,1.1904,-0.035,0.002,-154.304,0.9548,0.8832,0.9497,0.9312,30.000,30.000,30.000,4.2263
5.2660,2.9251,-8.5056,1.1903,-0.035,0.002,-154.437,0.9560,0.8834,0.9498,0.9311,30.000,30.000,30.000,4.2262
5.2680,2.9172,-8.5087,1.1903,-0.034,-0.000,-154.570,0.9568,0.8836,0.9501,0.9310,30.000,30.000,30.000,4.2267
5.2700,2.9094,-8.5118,1.1902,-0.031,-0.002,-154.703,0.9582,0.8838,0.9499,0.9309,30.000,30.000,30.000,4.2270
5.2720,2.9015,-8.5149,1.1902,-0.024,-0.002,-154.837,0.9592,0.8840,0.9503,0.9308,30.000,30.000,30.000,4.2274
5.2740,2.8936,-8.5179,1.1902,-0.019,-0.001,-154.970,0.9604,0.8842,0.9502,0.9306,30.000,30.000,30.000,4.2287
5.2760,2.8857,-8.5209,1.1901,-0.017,0.000,-155.103,0.9618,0.8843,0.9503,0.9304,30.000,30.000,30.000,4.2284
5.2780,2.8778,-8.5239,1.1901,-0.015,0.001,-155.235,0.9630,0.8845,0.9507,0.9302,30.000,30.000,30.000,4.2279
5.2800,2.8698,-8.5269,1.1900,-0.011,0.001,-155.368,0.9640,0.8847,0.9507,0.9299,30.000,30.000,30.000,4.2273
5.2820,2.8619,-8.5298,1.1899,-0.005,0.001,-155.500,0.9652,0.8848,0.9510,0.9296,30.000,30.000,30.000,4.2270
5.2840,2.8540,-8.5327,1.1899,-0.002,0.003,-155.633,0.9663,0.8850,0.9513,0.9293,30.000,30.000,30.000,4.2279
5.2860,2.8460,-8.5356,1.1899,-0.008,0.004,-155.764,0.9678,0.8851,0.9515,0.9292,30.000,30.000,30.000,4.2276
5.2880,2.8381,-8.5385,1.1899,-0.015,0.003,-155.896,0.9689,0.8851,0.9518,0.9291,30.000,30.000,30.000,4.2271
5.2900,2.8301,-8.5413,1.1900,-0.010,0.006,-156.029,0.9700,0.8851,0.9520,0.9290,30.000,30.000,30.000,4.2293
5.2920,2.8221,-8.5441,1.1901,-0.014,0.006,-156.158,0.9717,0.8851,0.9527,0.9288,30.000,30.000,30.000,4.2304
5.2940,2.8141,-8.5468,1.1901,-0.019,0.006,-156.287,0.9727,0.8851,0.9533,0.9287,30.000,30.000,30.000,4.2298
5.2960,2.8061,-8.5495,1.1901,-0.023,0.006,-156.415,0.9737,0.8852,0.9537,0.9284,30.000,30.000,30.000,4.2297
5.2980,2.7981,-8.5523,1.1902,-0.024,0.006,-156.544,0.9749,0.8852,0.9540,0.9282,30.000,30.000,30.000,4.2297
5.3000,2.7901,-8.5550,1.1902,-0.023,0.007,-156.672,0.9758,0.8852,0.9541,0.9279,30.000,30.000,30.000,4.2293
5.3020,2.7821,-8.5576,1.1902,-0.022,0.005,-156.800,0.9770,0.8852,0.9544,0.9276,30.000,30.000,30.000,4.2294
5.3040,2.7740,-8.5603,1.1902,-0.025,0.004,-156.929,0.9782,0.8852,0.9545,0.9273,30.000,30.000,30.000,4.2289
5.3060,2.7660,-8.5629,1.1902,-0.025,0.003,-157.058,0.9791,0.8852,0.9547,0.9269,30.000,30.000,30.000,4.2282
5.3080,2.7580,-8.5656,1.1902,-0.027,0.003,-157.187,0.9802,0.8852,0.9550,0.9265,30.000,30.000,30.000,4.2275
5.3100,2.7499,-8.5681,1.1902,-0.023,0.004,-157.315,0.9813,0.8852,0.9552,0.9262,30.000,30.000,30.000,4.2275
5.3120,2.7419,-8.5707,1.1902,-0.023,0.005,-157.442,0.9822,0.8852,0.9557,0.9258,30.000,30.000,30.000,4.2269
5.3140,2.7338,-8.5732,1.1902,-0.020,0.005,-157.569,0.9833,0.8852,0.9560,0.9253,30.000,30.000,30.000,4.2276
5.3160,2.7257,-8.5757,1.1901,-0.021,0.006,-157.696,0.9844,0.8852,0.9563,0.9249,30.000,30.000,30.000,4.2268
5.3180,2.7176,-8.5782,1.1901,-0.022,0.005,-157.823,0.9853,0.8851,0.9565,0.9244,30.000,30.000,30.000,4.2259
5.3200,2.7096,-8.5807,1.1900,-0.021,0.006,-157.951,0.9866,0.8851,0.9565,0.9240,30.000,30.000,30.000,4.2254
5.3220,2.7015,-8.5832,1.1900,-0.018,0.007,-158.078,0.9873,0.8851,0.9570,0.9235,30.000,30.000,30.000,4.2238
5.3240,2.6934,-8.5856,1.1900,-0.016,0.008,-158.206,0.9884,0.8851,0.9571,0.9230,30.000,30.000,30.000,4.2243
5.3260,2.6853,-8.5880,1.1899,-0.018,0.009,-158.333,0.9897,0.8850,0.9574,0.9225,30.000,30.000,30.000,4.2231
5.3280,2.6772,-8.5904,1.1899,-0.019,0.008,-158.460,0.9903,0.8851,0.9574,0.9220,30.000,30.000,30.000,4.2212
5.3300,2.6691,-8.5927,1.1899,-0.018,0.005,-158.586,0.9916,0.8852,0.9580,0.9215,30.000,30.000,30.000,4.2215
5.3320,2.6609,-8.5950,1.1899,-0.012,0.003,-158.714,0.9925,0.8854,0.9581,0.9209,30.000,30.000,30.000,4.2215
5.3340,2.6528,-8.5973,1.1900,-0.010,0.002,-158.841,0.9938,0.8855,0.9583,0.9204,30.000,30.000,30.000,4.2214
5.3360,2.6447,-8.5995,1.1900,-0.010,0.002,-158.966,0.9948,0.8856,0.9587,0.9198,30.000,30.000,30.000,4.2196
5.3380,2.6365,-8.6018,1.1900,-0.010,0.003,-159.091,0.9958,0.8857,0.9588,0.9192,30.000,30.000,30.000,4.2183
5.3400,2.6284,-8.6040,1.1900,-0.008,0.005,-159.214,0.9964,0.8858,0.9592,0.9187,30.000,30.000,30.000,4.2164
5.3420,2.6203,-8.6062,1.1900,-0.007,0.004,-159.338,0.9973,0.8859,0.9594,0.9181,30.000,30.000,30.000,4.2156
5.3440,2.6121,-8.6083,1.1900,-0.007,0.003,-159.463,0.9981,0.8860,0.9596,0.9175,30.000,30.000,30.000,4.2145
5.3460,2.6040,-8.6105,1.1900,-0.006,0.002,-159.588,0.9990,0.8861,0.9599,0.9169,30.000,30.000,30.000,4.2133
5.3480,2.5958,-8.6126,1.1899,-0.008,0.003,-159.713,0.9997,0.8862,0.9601,0.9163,30.000,30.000,30.000,4.2117
5.3500,2.5877,-8.6147,1.1899,-0.011,0.003,-159.837,1.0001,0.8863,0.9603,0.9157,30.000,30.000,30.000,4.2103
5.3520,2.5795,-8.6168,1.1899,-0.011,0.005,-159.960,1.0007,0.8864,0.9606,0.9151,30.000,30.000,30.000,4.2107
5.3540,2.5713,-8.6188,1.1899,-0.012,0.005,-160.083,1.0014,0.8865,0.9610,0.9145,30.000,30.000,30.000,4.2113
5.3560,2.5632,-8.6208,1.1900,-0.020,0.007,-160.205,1.0024,0.8866,0.9612,0.9139,30.000,30.000,30.000,4.2113
5.3580,2.5549,-8.6227,1.1900,-0.028,0.014,-160.326,1.0031,0.8868,0.9617,0.9133,30.000,30.000,30.000,4.2125
5.3600,2.5467,-8.6246,1.1901,-0.029,0.019,-160.445,1.0032,0.8868,0.9618,0.9127,30.000,30.000,30.000,4.2118
5.3620,2.5385,-8.6265,1.1903,-0.035,0.021,-160.565,1.0046,0.8870,0.9620,0.9121,30.000,30.000,30.000,4.2128
5.3640,2.5303,-8.6283,1.1904,-0.038,0.018,-160.687,1.0052,0.8871,0.9622,0.9114,30.000,30.000,30.000,4.2133
5.3660,2.5221,-8.6301,1.1905,-0.038,0.013,-160.810,1.0073,0.8872,0.9622,0.9108,30.000,30.000,30.000,4.2106
5.3680,2.5138,-8.6319,1.1906,-0.040,0.009,-160.932,1.0088,0.8873,0.9622,0.9102,30.000,30.000,30.000,4.2062
5.3700,2.5056,-8.6337,1.1907,-0.042,0.006,-161.054,1.0100,0.8874,0.9621,0.9096,30.000,30.000,30.000,4.2022
5.3720,2.4974,-8.6354,1.1907,-0.045,0.003,-161.177,1.0109,0.8876,0.9619,0.9089,30.000,30.000,30.000,4.1984
5.3740,2.4892,-8.6372,1.1907,-0.048,0.000,-161.298,1.0117,0.8877,0.9617,0.9083,30.000,30.000,30.000,4.1948
5.3760,2.4810,-8.6390,1.1907,-0.048,-0.001,-161.420,1.0122,0.8877,0.9614,0.9077,30.000,30.000,30.000,4.1915
5.3780,2.4728,-8.6407,1.1906,-0.046,-0.001,-161.541,1.0125,0.8878,0.9613,0.9071,30.000,30.000,30.000,4.1886
5.3800,2.4647,-8.6425,1.1905,-0.044,0.000,-161.661,1.0126,0.8879,0.9613,0.9065,30.000,30.000,30.000,4.1861
5.3820,2.4565,-8.6442,1.1904,-0.040,0.001,-161.782,1.0126,0.8880,0.9616,0.9059,30.000,30.000,30.000,4.1847
5.3840,2.4483,-8.6460,1.1903,-0.033,0.002,-161.903,1.0124,0.8880,0.9615,0.9053,30.000,30.000,30.000,4.1835
5.3860,2.4401,-8.6477,1.1902,-0.024,0.004,-162.024,1.0123,0.8881,0.9619,0.9047,30.000,30.000,30.000,4.1829
5.3880,2.4319,-8.6493,1.1901,-0.016,0.006,-162.145,1.0121,0.8881,0.9621,0.9041,30.000,30.000,30.000,4.1835
5.3900,2.4237,-8.6510,1.1900,-0.010,0.006,-162.267,1.0121,0.8882,0.9623,0.9035,30.000,30.000,30.000,4.1830
5.3920,2.4155,-8.6526,1.1899,-0.009,0.002,-162.389,1.0122,0.8882,0.9626,0.9029,30.000,30.000,30.000,4.1827
5.3940,2.4073,-8.6542,1.1898,-0.013,-0.001,-162.511,1.0122,0.8886,0.9628,0.9023,30.000,30.000,30.000,4.1817
5.3960,2.3991,-8.6558,1.1898,-0.020,-0.004,-162.633,1.0120,0.8889,0.9629,0.9018,30.000,30.000,30.000,4.1818
5.3980,2.3908,-8.6573,1.1898,-0.027,-0.008,-162.756,1.0123,0.8892,0.9628,0.9017,30.000,30.000,30.000,4.1805
5.4000,2.3826,-8.6589,1.1898,-0.035,-0.013,-162.881,1.0129,0.8894,0.9627,0.9015,30.000,30.000,30.000,4.1792
5.4020,2.3744,-8.6604,1.1899,-0.023,-0.007,-163.007,1.0135,0.8897,0.9621,0.9016,30.000,30.000,30.000,4.1799
5.4040,2.3662,-8.6618,1.1901,-0.013,0.003,-163.132,1.0132,0.8899,0.9647,0.9017,30.000,30.000,30.000,4.1785
5.4060,2.3579,-8.6632,1.1901,-0.006,0.012,-163.257,1.0134,0.8901,0.9667,0.9017,30.000,30.000,30.000,4.1817
5.4080,2.3497,-8.6647,1.1902,-0.003,0.016,-163.381,1.0135,0.8904,0.9685,0.9017,30.000,30.000,30.000,4.1815
5.4100,2.3414,-8.6661,1.1903,-0.003,0.018,-163.507,1.0135,0.8904,0.9700,0.9017,30.000,30.000,30.000,4.1817
5.4120,2.3332,-8.6675,1.1903,-0.003,0.020,-163.633,1.0133,0.8905,0.9714,0.9017,30.000,30.000,30.000,4.1821
5.4140,2.3250,-8.6690,1.1903,-0.004,0.019,-163.759,1.0130,0.8906,0.9727,0.9016,30.000,30.000,30.000,4.1827
5.4160,2.3167,-8.6704,1.1903,-0.007,0.018,-163.886,1.0125,0.8906,0.9738,0.9016,30.000,30.000,30.000,4.1836
5.4180,2.3085,-8.6719,1.1902,-0.008,0.016,-164.013,1.0120,0.8906,0.9748,0.9015,30.000,30.000,30.000,4.1848
5.4200,2.3002,-8.6733,1.1901,-0.009,0.013,-164.140,1.0116,0.8906,0.9756,0.9014,30.000,30.000,30.000,4.1857
5.4220,2.2920,-8.6747,1.1900,-0.012,0.009,-164.268,1.0113,0.8906,0.9763,0.9014,30.000,30.000,30.000,4.1866
5.4240,2.2837,-8.6761,1.1900,-0.001,0.002,-164.396,1.0107,0.8906,0.9769,0.9012,30.000,30.000,30.000,4.1872
5.4260,2.2755,-8.6775,1.1899,-0.001,-0.004,-164.525,1.0107,0.8909,0.9763,0.9011,30.000,30.000,30.000,4.1900
5.4280,2.2672,-8.6788,1.1899,-0.006,-0.002,-164.655,1.0104,0.8910,0.9758,0.9010,30.000,30.000,30.000,4.1886
5.4300,2.2589,-8.6802,1.1899,-0.008,0.000,-164.784,1.0101,0.8911,0.9757,0.9014,30.000,30.000,30.000,4.1880
5.4320,2.2506,-8.6815,1.1899,-0.010,0.003,-164.912,1.0096,0.8912,0.9750,0.9018,30.000,30.000,30.000,4.1890
5.4340,2.2424,-8.6828,1.1900,-0.010,0.005,-165.040,1.0093,0.8914,0.9747,0.9021,30.000,30.000,30.000,4.1895
5.4360,2.2341,-8.6840,1.1900,-0.014,0.004,-165.170,1.0093,0.8914,0.9740,0.9024,30.000,30.000,30.000,4.1920
5.4380,2.2258,-8.6852,1.1900,-0.017,0.004,-165.300,1.0093,0.8914,0.9730,0.9027,30.000,30.000,30.000,4.1902
5.4400,2.2175,-8.6864,1.1901,-0.017,0.004,-165.431,1.0093,0.8914,0.9724,0.9030,30.000,30.000,30.000,4.1895
5.4420,2.2092,-8.6875,1.1901,-0.021,0.004,-165.562,1.0093,0.8915,0.9718,0.9033,30.000,30.000,30.000,4.1898
5.4440,2.2009,-8.6887,1.1901,-0.024,0.004,-165.693,1.0094,0.8915,0.9711,0.9036,30.000,30.000,30.000,4.1890
5.4460,2.1926,-8.6898,1.1902,-0.028,0.005,-165.824,1.0095,0.8915,0.9704,0.9038,30.000,30.000,30.000,4.1891
5.4480,2.1843,-8.6909,1.1902,-0.032,0.005,-165.954,1.0096,0.8915,0.9701,0.9041,30.000,30.000,30.000,4.1884
5.4500,2.1760,-8.6919,1.1902,-0.029,0.006,-166.085,1.0098,0.8914,0.9695,0.9043,30.000,30.000,30.000,4.1890
5.4520,2.1676,-8.6929,1.1903,-0.031,0.006,-166.216,1.0100,0.8914,0.9684,0.9045,30.000,30.000,30.000,4.1894
5.4540,2.1593,-8.6939,1.1904,-0.033,0.007,-166.347,1.0105,0.8914,0.9673,0.9047,30.000,30.000,30.000,4.1881
5.4560,2.1510,-8.6948,1.1904,-0.038,0.008,-166.479,1.0109,0.8914,0.9664,0.9049,30.000,30.000,30.000,4.1856
5.4580,2.1427,-8.6958,1.1904,-0.042,0.011,-166.610,1.0110,0.8913,0.9656,0.9051,30.000,30.000,30.000,4.1829
5.4600,2.1344,-8.6967,1.1904,-0.038,0.013,-166.741,1.0107,0.8913,0.9649,0.9053,30.000,30.000,30.000,4.1810
5.4620,2.1261,-8.6976,1.1903,-0.036,0.013,-166.872,1.0112,0.8912,0.9644,0.9054,30.000,30.000,30.000,4.1806
5.4640,2.1178,-8.6985,1.1903,-0.033,0.011,-167.004,1.0113,0.8912,0.9637,0.9055,30.000,30.000,30.000,4.1797
5.4660,2.1094,-8.6994,1.1903,-0.030,0.008,-167.137,1.0120,0.8911,0.9631,0.9057,30.000,30.000,30.000,4.1794
5.4680,2.1011,-8.7002,1.1903,-0.030,0.007,-167.270,1.0121,0.8910,0.9625,0.9058,30.000,30.000,30.000,4.1770
5.4700,2.0928,-8.7010,1.1903,-0.025,0.006,-167.403,1.0121,0.8910,0.9619,0.9058,30.000,30.000,30.000,4.1763
5.4720,2.0845,-8.7018,1.1902,-0.022,0.005,-167.535,1.0126,0.8909,0.9615,0.9059,30.000,30.000,30.000,4.1748
5.4740,2.0762,-8.7026,1.1902,-0.018,0.005,-167.666,1.0129,0.8908,0.9610,0.9060,30.000,30.000,30.000,4.1731
5.4760,2.0679,-8.7033,1.1901,-0.018,0.005,-167.797,1.0130,0.8907,0.9605,0.9060,30.000,30.000,30.000,4.1717
5.4780,2.0596,-8.7041,1.1899,-0.015,0.007,-167.927,1.0129,0.8906,0.9599,0.9061,30.000,30.000,30.000,4.1694
5.4800,2.0513,-8.7048,1.1899,-0.008,0.005,-168.056,1.0125,0.8905,0.9597,0.9061,30.000,30.000,30.000,4.1685
5.4820,2.0430,-8.7055,1.1900,-0.006,0.002,-168.186,1.0128,0.8909,0.9587,0.9061,30.000,30.000,30.000,4.1698
5.4840,2.0347,-8.7062,1.1900,-0.008,0.000,-168.317,1.0128,0.8911,0.9581,0.9061,30.000,30.000,30.000,4.1677
5.4860,2.0263,-8.7068,1.1900,-0.007,0.001,-168.449,1.0127,0.8913,0.9577,0.9061,30.000,30.000,30.000,4.1679
5.4880,2.0180,-8.7074,1.1900,-0.006,0.002,-168.580,1.0126,0.8915,0.9577,0.9060,30.000,30.000,30.000,4.1673
5.4900,2.0097,-8.7080,1.1900,-0.006,0.003,-168.710,1.0127,0.8916,0.9571,0.9060,30.000,30.000,30.000,4.1661
5.4920,2.0014,-8.7086,1.1900,-0.009,0.004,-168.840,1.0126,0.8918,0.9566,0.9060,30.000,30.000,30.000,4.1640
5.4940,1.9931,-8.7091,1.1899,-0.012,0.003,-168.970,1.0122,0.8919,0.9559,0.9059,30.000,30.000,30.000,4.1617
5.4960,1.9848,-8.7097,1.1899,-0.011,0.003,-169.101,1.0123,0.8919,0.9551,0.9058,30.000,30.000,30.000,4.1606
5.4980,1.9765,-8.7102,1.1899,-0.010,0.004,-169.232,1.0118,0.8918,0.9550,0.9058,30.000,30.000,30.000,4.1587
5.5000,1.9682,-8.7107,1.1899,-0.008,0.003,-169.364,1.0117,0.8919,0.9545,0.9057,30.000,30.000,30.000,4.1593
5.5020,1.9599,-8.7112,1.1899,-0.011,0.003,-169.496,1.0116,0.8920,0.9544,0.9056,30.000,30.000,30.000,4.1586
5.5040,1.9516,-8.7117,1.1899,-0.009,0.003,-169.628,1.0114,0.8920,0.9539,0.9055,30.000,30.000,30.000,4.1580
5.5060,1.9433,-8.7121,1.1899,-0.010,0.003,-169.761,1.0114,0.8919,0.9540,0.9054,30.000,30.000,30.000,4.1573
5.5080,1.9350,-8.7125,1.1900,-0.009,0.004,-169.893,1.0113,0.8919,0.9538,0.9052,30.000,30.000,30.000,4.1578
5.5100,1.9267,-8.7128,1.1900,-0.012,0.004,-170.025,1.0112,0.8919,0.9538,0.9051,30.000,30.000,30.000,4.1584
5.5120,1.9184,-8.7132,1.1900,-0.012,0.005,-170.157,1.0113,0.8919,0.9536,0.9049,30.000,30.000,30.000,4.1569
5.5140,1.9101,-8.7135,1.1900,-0.011,0.005,-170.289,1.0112,0.8919,0.9534,0.9048,30.000,30.000,30.000,4.1574
5.5160,1.9018,-8.7138,1.1900,-0.015,0.006,-170.421,1.0113,0.8918,0.9534,0.9046,30.000,30.000,30.000,4.1564
5.5180,1.8934,-8.7140,1.1900,-0.016,0.006,-170.554,1.0113,0.8918,0.9532,0.9045,30.000,30.000,30.000,4.1553
5.5200,1.8851,-8.7143,1.1900,-0.019,0.006,-170.686,1.0114,0.8918,0.9531,0.9043,30.000,30.000,30.000,4.1544
5.5220,1.8768,-8.7145,1.1900,-0.020,0.009,-170.819,1.0118,0.8917,0.9527,0.9041,30.000,30.000,30.000,4.1545
5.5240,1.8685,-8.7147,1.1900,-0.013,0.010,-170.952,1.0115,0.8916,0.9531,0.9039,30.000,30.000,30.000,4.1532
5.5260,1.8602,-8.7148,1.1901,-0.011,0.009,-171.085,1.0119,0.8916,0.9528,0.9037,30.000,30.000,30.000,4.1541
5.5280,1.8519,-8.7149,1.1901,-0.012,0.008,-171.220,1.0122,0.8916,0.9525,0.9035,30.000,30.000,30.000,4.1529
5.5300,1.8436,-8.7151,1.1901,-0.013,0.006,-171.355,1.0125,0.8916,0.9521,0.9033,30.000,30.000,30.000,4.1505
5.5320,1.8353,-8.7152,1.1900,-0.012,0.005,-171.491,1.0127,0.8916,0.9517,0.9031,30.000,30.000,30.000,4.1482
5.5340,1.8270,-8.7152,1.1900,-0.009,0.004,-171.626,1.0130,0.8916,0.9514,0.9029,30.000,30.000,30.000,4.1466
5.5360,1.8187,-8.7153,1.1900,-0.006,0.003,-171.762,1.0133,0.8915,0.9514,0.9026,30.000,30.000,30.000,4.1446
5.5380,1.8105,-8.7154,1.1899,-0.004,0.003,-171.898,1.0135,0.8915,0.9513,0.9024,30.000,30.000,30.000,4.1435
5.5400,1.8022,-8.7154,1.1899,-0.006,0.001,-172.034,1.0139,0.8914,0.9513,0.9022,30.000,30.000,30.000,4.1418
5.5420,1.7939,-8.7154,1.1899,-0.009,0.002,-172.169,1.0137,0.8913,0.9512,0.9019,30.000,30.000,30.000,4.1406
5.5440,1.7856,-8.7154,1.1899,-0.007,0.004,-172.303,1.0137,0.8912,0.9517,0.9017,30.000,30.000,30.000,4.1414
5.5460,1.7773,-8.7153,1.1899,-0.008,0.005,-172.437,1.0138,0.8912,0.9513,0.9014,30.000,30.000,30.000,4.1404
5.5480,1.7690,-8.7152,1.1899,-0.010,0.006,-172.571,1.0139,0.8911,0.9510,0.9012,30.000,30.000,30.000,4.1396
5.5500,1.7608,-8.7151,1.1900,-0.012,0.006,-172.706,1.0139,0.8910,0.9509,0.9009,30.000,30.000,30.000,4.1385
5.5520,1.7525,-8.7150,1.1900,-0.011,0.007,-172.842,1.0140,0.8910,0.9511,0.9007,30.000,30.000,30.000,4.1373
5.5540,1.7442,-8.7149,1.1900,-0.013,0.007,-172.977,1.0142,0.8910,0.9511,0.9004,30.000,30.000,30.000,4.1362
5.5560,1.7360,-8.7147,1.1900,-0.011,0.006,-173.112,1.0143,0.8910,0.9512,0.9001,30.000,30.000,30.000,4.1366
5.5580,1.7277,-8.7145,1.1900,-0.015,0.007,-173.248,1.0147,0.8910,0.9514,0.8999,30.000,30.000,30.000,4.1355
5.5600,1.7194,-8.7143,1.1900,-0.016,0.008,-173.383,1.0145,0.8909,0.9515,0.8996,30.000,30.000,30.000,4.1335
5.5620,1.7112,-8.7140,1.1900,-0.014,0.008,-173.519,1.0148,0.8909,0.9517,0.8993,30.000,30.000,30.000,4.1334
5.5640,1.7029,-8.7138,1.1900,-0.015,0.009,-173.654,1.0148,0.8909,0.9517,0.8990,30.000,30.000,30.000,4.1323
5.5660,1.6946,-8.7135,1.1900,-0.016,0.009,-173.790,1.0149,0.8908,0.9518,0.8987,30.000,30.000,30.000,4.1317
5.5680,1.6864,-8.7132,1.1900,-0.015,0.009,-173.925,1.0150,0.8908,0.9520,0.8984,30.000,30.000,30.000,4.1308
5.5700,1.6781,-8.7128,1.1900,-0.013,0.007,-174.062,1.0153,0.8907,0.9522,0.8981,30.000,30.000,30.000,4.1328
5.5720,1.6699,-8.7124,1.1901,-0.015,0.004,-174.199,1.0157,0.8905,0.9527,0.8978,30.000,30.000,30.000,4.1328
5.5740,1.6616,-8.7119,1.1902,-0.017,0.002,-174.336,1.0166,0.8904,0.9530,0.8975,30.000,30.000,30.000,4.1333
5.5760,1.6534,-8.7115,1.1902,-0.020,0.002,-174.473,1.0169,0.8902,0.9529,0.8972,30.000,30.000,30.000,4.1318
5.5780,1.6451,-8.7110,1.1902,-0.025,0.002,-174.610,1.0171,0.8901,0.9531,0.8969,30.000,30.000,30.000,4.1293
5.5800,1.6369,-8.7105,1.1902,-0.027,0.004,-174.746,1.0173,0.8899,0.9530,0.8967,30.000,30.000,30.000,4.1272
5.5820,1.6286,-8.7100,1.1902,-0.025,0.006,-174.882,1.0171,0.8897,0.9534,0.8964,30.000,30.000,30.000,4.1252
5.5840,1.6204,-8.7095,1.1902,-0.025,0.008,-175.018,1.0171,0.8895,0.9537,0.8961,30.000,30.000,30.000,4.1250
5.5860,1.6122,-8.7090,1.1902,-0.021,0.008,-175.153,1.0171,0.8894,0.9538,0.8958,30.000,30.000,30.000,4.1252
5.5880,1.6040,-8.7084,1.1901,-0.021,0.009,-175.289,1.0173,0.8892,0.9542,0.8954,30.000,30.000,30.000,4.1239
5.5900,1.5957,-8.7078,1.1901,-0.019,0.008,-175.426,1.0174,0.8890,0.9544,0.8951,30.000,30.000,30.000,4.1240
5.5920,1.5875,-8.7072,1.1900,-0.016,0.006,-175.563,1.0175,0.8888,0.9546,0.8948,30.000,30.000,30.000,4.1231
5.5940,1.5793,-8.7066,1.1900,-0.013,0.005,-175.701,1.0180,0.8886,0.9548,0.8945,30.000,30.000,30.000,4.1221
5.5960,1.5711,-8.7060,1.1899,-0.006,0.005,-175.839,1.0181,0.8885,0.9551,0.8942,30.000,30.000,30.000,4.1225
5.5980,1.5628,-8.7053,1.1899,-0.004,0.006,-175.976,1.0180,0.8883,0.9557,0.8939,30.000,30.000,30.000,4.1221
5.6000,1.5546,-8.7045,1.1899,-0.006,0.002,-176.114,1.0181,0.8881,0.9560,0.8936,30.000,30.000,30.000,4.1230
5.6020,1.5464,-8.7038,1.1899,-0.004,0.001,-176.249,1.0183,0.8882,0.9561,0.8933,30.000,30.000,30.000,4.1207
5.6040,1.5382,-8.7031,1.1899,-0.005,0.001,-176.384,1.0184,0.8883,0.9565,0.8931,30.000,30.000,30.000,4.1188
5.6060,1.5300,-8.7024,1.1900,-0.002,0.000,-176.519,1.0183,0.8883,0.9567,0.8929,30.000,30.000,30.000,4.1171
5.6080,1.5218,-8.7016,1.1899,-0.006,-0.000,-176.653,1.0182,0.8883,0.9573,0.8927,30.000,30.000,30.000,4.1171
5.6100,1.5136,-8.7008,1.1899,-0.007,0.002,-176.788,1.0179,0.8883,0.9576,0.8925,30.000,30.000,30.000,4.1165
5.6120,1.5054,-8.7000,1.1899,-0.009,0.005,-176.921,1.0172,0.8882,0.9577,0.8923,30.000,30.000,30.000,4.1159
5.6140,1.4972,-8.6992,1.1899,-0.011,0.005,-177.054,1.0169,0.8881,0.9573,0.8920,30.000,30.000,30.000,4.1159
5.6160,1.4890,-8.6984,1.1899,-0.011,0.006,-177.187,1.0165,0.8879,0.9575,0.8918,30.000,30.000,30.000,4.1158
5.6180,1.4809,-8.6975,1.1900,-0.010,0.004,-177.322,1.0162,0.8877,0.9580,0.8916,30.000,30.000,30.000,4.1172
5.6200,1.4727,-8.6967,1.1900,-0.012,0.004,-177.456,1.0161,0.8877,0.9580,0.8914,30.000,30.000,30.000,4.1172
5.6220,1.4645,-8.6957,1.1900,-0.016,0.003,-177.591,1.0159,0.8877,0.9583,0.8912,30.000,30.000,30.000,4.1172
5.6240,1.4563,-8.6948,1.1901,-0.013,0.002,-177.727,1.0157,0.8877,0.9583,0.8910,30.000,30.000,30.000,4.1171
5.6260,1.4481,-8.6939,1.1901,-0.013,0.003,-177.863,1.0155,0.8876,0.9589,0.8908,30.000,30.000,30.000,4.1167
5.6280,1.4399,-8.6929,1.1901,-0.014,0.004,-177.999,1.0153,0.8875,0.9593,0.8906,30.000,30.000,30.000,4.1163
5.6300,1.4318,-8.6919,1.1901,-0.011,0.004,-178.136,1.0150,0.8875,0.9595,0.8903,30.000,30.000,30.000,4.1165
5.6320,1.4236,-8.6909,1.1901,-0.010,0.005,-178.272,1.0148,0.8874,0.9599,0.8901,30.000,30.000,30.000,4.1160
5.6340,1.4154,-8.6899,1.1900,-0.008,0.005,-178.408,1.0144,0.8874,0.9601,0.8899,30.000,30.000,30.000,4.1154
5.6360,1.4073,-8.6889,1.1900,-0.005,0.003,-178.545,1.0142,0.8873,0.9603,0.8897,30.000,30.000,30.000,4.1162
5.6380,1.3991,-8.6878,1.1900,-0.008,0.000,-178.682,1.0140,0.8871,0.9608,0.8895,30.000,30.000,30.000,4.1165
5.6400,1.3909,-8.6867,1.1899,-0.009,-0.000,-178.819,1.0137,0.8869,0.9608,0.8892,30.000,30.000,30.000,4.1161
5.6420,1.3828,-8.6856,1.1899,-0.012,0.002,-178.956,1.0134,0.8867,0.9611,0.8890,30.000,30.000,30.000,4.1163
5.6440,1.3746,-8.6845,1.1899,-0.004,0.003,-179.092,1.0129,0.8865,0.9617,0.8889,30.000,30.000,30.000,4.1192
5.6460,1.3665,-8.6833,1.1900,-0.003,0.002,-179.227,1.0130,0.8865,0.9611,0.8887,30.000,30.000,30.000,4.1203
5.6480,1.3583,-8.6821,1.1900,-0.010,0.002,-179.363,1.0129,0.8864,0.9603,0.8885,30.000,30.000,30.000,4.1206
5.6500,1.3502,-8.6809,1.1901,-0.016,0.004,-179.500,1.0129,0.8864,0.9597,0.8883,30.000,30.000,30.000,4.1205
5.6520,1.3420,-8.6797,1.1901,-0.018,0.009,-179.636,1.0126,0.8863,0.9596,0.8882,30.000,30.000,30.000,4.1164
5.6540,1.3339,-8.6784,1.1901,-0.016,0.012,-179.771,1.0119,0.8862,0.9596,0.8880,30.000,30.000,30.000,4.1148
5.6560,1.3258,-8.6772,1.1901,-0.016,0.012,-179.907,1.0118,0.8861,0.9595,0.8878,30.000,30.000,30.000,4.1152
5.6580,1.3176,-8.6759,1.1901,-0.016,0.010,179.956,1.0115,0.8860,0.9594,0.8876,30.000,30.000,30.000,4.1142
5.6600,1.3095,-8.6747,1.1900,-0.017,0.008,179.817,1.0114,0.8858,0.9591,0.8874,30.000,30.000,30.000,4.1143
5.6620,1.3014,-8.6734,1.1900,-0.018,0.008,179.678,1.0114,0.8856,0.9589,0.8872,30.000,30.000,30.000,4.1137
5.6640,1.2932,-8.6720,1.1899,-0.018,0.008,179.539,1.0108,0.8854,0.9589,0.8870,30.000,30.000,30.000,4.1120
5.6660,1.2851,-8.6707,1.1899,-0.016,0.006,179.400,1.0105,0.8852,0.9590,0.8869,30.000,30.000,30.000,4.1118
5.6680,1.2770,-8.6694,1.1899,-0.010,0.004,179.261,1.0104,0.8852,0.9594,0.8867,30.000,30.000,30.000,4.1124
5.6700,1.2689,-8.6680,1.1898,-0.011,0.003,179.122,1.0103,0.8850,0.9594,0.8865,30.000,30.000,30.000,4.1130
5.6720,1.2608,-8.6666,1.1899,-0.009,0.002,178.984,1.0101,0.8848,0.9595,0.8863,30.000,30.000,30.000,4.1162
5.6740,1.2527,-8.6651,1.1900,-0.012,0.001,178.845,1.0101,0.8848,0.9605,0.8862,30.000,30.000,30.000,4.1156
5.6760,1.2446,-8.6637,1.1900,-0.016,-0.000,178.706,1.0099,0.8848,0.9613,0.8860,30.000,30.000,30.000,4.1162
5.6780,1.2365,-8.6622,1.1900,-0.013,0.001,178.567,1.0098,0.8848,0.9618,0.8859,30.000,30.000,30.000,4.1169
5.6800,1.2284,-8.6607,1.1901,-0.011,0.002,178.427,1.0097,0.8847,0.9617,0.8857,30.000,30.000,30.000,4.1169
5.6820,1.2203,-8.6592,1.1901,-0.011,0.004,178.288,1.0095,0.8847,0.9614,0.8856,30.000,30.000,30.000,4.1163
5.6840,1.2122,-8.6577,1.1900,-0.009,0.006,178.148,1.0092,0.8847,0.9612,0.8854,30.000,30.000,30.000,4.1143
5.6860,1.2041,-8.6562,1.1900,-0.007,0.006,178.009,1.0089,0.8846,0.9609,0.8853,30.000,30.000,30.000,4.1131
5.6880,1.1960,-8.6546,1.1900,-0.006,0.002,177.868,1.0087,0.8846,0.9605,0.8851,30.000,30.000,30.000,4.1122
5.6900,1.1880,-8.6531,1.1900,-0.007,0.000,177.726,1.0087,0.8843,0.9604,0.8849,30.000,30.000,30.000,4.1130
5.6920,1.1799,-8.6515,1.1900,-0.006,0.000,177.584,1.0082,0.8840,0.9607,0.8848,30.000,30.000,30.000,4.1116
5.6940,1.1718,-8.6499,1.1899,-0.008,0.001,177.442,1.0078,0.8837,0.9610,0.8846,30.000,30.000,30.000,4.1123
5.6960,1.1638,-8.6483,1.1899,-0.009,0.002,177.300,1.0076,0.8833,0.9608,0.8846,30.000,30.000,30.000,4.1127
5.6980,1.1557,-8.6467,1.1899,-0.010,0.004,177.160,1.0071,0.8831,0.9614,0.8845,30.000,30.000,30.000,4.1117
5.7000,1.1476,-8.6451,1.1900,-0.007,0.004,177.020,1.0063,0.8830,0.9612,0.8844,30.000,30.000,30.000,4.1112
5.7020,1.1396,-8.6434,1.1900,-0.009,0.003,176.881,1.0060,0.8830,0.9613,0.8843,30.000,30.000,30.000,4.1119
5.7040,1.1315,-8.6418,1.1900,-0.007,0.002,176.741,1.0053,0.8828,0.9611,0.8842,30.000,30.000,30.000,4.1109
5.7060,1.1235,-8.6402,1.1899,-0.007,0.001,176.601,1.0049,0.8827,0.9614,0.8841,30.000,30.000,30.000,4.1113
5.7080,1.1154,-8.6385,1.1900,-0.003,0.001,176.460,1.0042,0.8825,0.9614,0.8840,30.000,30.000,30.000,4.1119
5.7100,1.1074,-8.6368,1.1900,-0.004,0.000,176.319,1.0036,0.8824,0.9620,0.8840,30.000,30.000,30.000,4.1121
5.7120,1.0993,-8.6351,1.1899,-0.004,0.000,176.178,1.0030,0.8822,0.9624,0.8840,30.000,30.000,30.000,4.1137
5.7140,1.0913,-8.6334,1.1900,-0.002,-0.000,176.037,1.0025,0.8821,0.9625,0.8839,30.000,30.000,30.000,4.1154
5.7160,1.0832,-8.6317,1.1900,-0.003,0.000,175.895,1.0019,0.8820,0.9629,0.8839,30.000,30.000,30.000,4.1150
5.7180,1.0752,-8.6299,1.1899,-0.005,0.001,175.754,1.0012,0.8818,0.9631,0.8839,30.000,30.000,30.000,4.1155
5.7200,1.0671,-8.6282,1.1899,-0.006,0.001,175.613,1.0005,0.8817,0.9633,0.8839,30.000,30.000,30.000,4.1165
5.7220,1.0591,-8.6264,1.1899,-0.008,0.001,175.472,0.9998,0.8816,0.9636,0.8840,30.000,30.000,30.000,4.1176
5.7240,1.0510,-8.6246,1.1899,-0.010,0.002,175.332,0.9991,0.8815,0.9636,0.8840,30.000,30.000,30.000,4.1191
5.7260,1.0430,-8.6228,1.1899,-0.006,0.002,175.191,0.9985,0.8814,0.9639,0.8840,30.000,30.000,30.000,4.1221
5.7280,1.0350,-8.6209,1.1900,-0.008,0.001,175.050,0.9982,0.8812,0.9641,0.8841,30.000,30.000,30.000,4.1246
5.7300,1.0269,-8.6190,1.1900,-0.014,0.000,174.909,0.9980,0.8810,0.9643,0.8841,30.000,30.000,30.000,4.1276
5.7320,1.0189,-8.6171,1.1901,-0.019,0.000,174.767,0.9976,0.8808,0.9644,0.8841,30.000,30.000,30.000,4.1289
5.7340,1.0109,-8.6151,1.1901,-0.021,0.001,174.626,0.9973,0.8806,0.9646,0.8841,30.000,30.000,30.000,4.1311
5.7360,1.0029,-8.6131,1.1902,-0.026,0.002,174.484,0.9971,0.8804,0.9648,0.8842,30.000,30.000,30.000,4.1338
5.7380,0.9948,-8.6111,1.1902,-0.032,0.003,174.343,0.9969,0.8802,0.9652,0.8842,30.000,30.000,30.000,4.1341
5.7400,0.9868,-8.6090,1.1903,-0.041,0.003,174.202,0.9970,0.8800,0.9654,0.8842,30.000,30.000,30.000,4.1347
5.7420,0.9788,-8.6070,1.1903,-0.035,0.004,174.060,0.9965,0.8798,0.9654,0.8842,30.000,30.000,30.000,4.1349
5.7440,0.9708,-8.6049,1.1904,-0.035,0.004,173.918,0.9966,0.8796,0.9661,0.8842,30.000,30.000,30.000,4.1377
5.7460,0.9628,-8.6027,1.1904,-0.042,0.005,173.776,0.9969,0.8794,0.9665,0.8842,30.000,30.000,30.000,4.1415
5.7480,0.9548,-8.6006,1.1904,-0.044,0.006,173.634,0.9966,0.8792,0.9666,0.8842,30.000,30.000,30.000,4.1419
5.7500,0.9468,-8.5984,1.1905,-0.046,0.006,173.491,0.9967,0.8790,0.9668,0.8842,30.000,30.000,30.000,4.1426
5.7520,0.9388,-8.5962,1.1905,-0.050,0.007,173.348,0.9970,0.8788,0.9669,0.8842,30.000,30.000,30.000,4.1446
5.7540,0.9309,-8.5939,1.1905,-0.053,0.009,173.206,0.9967,0.8786,0.9672,0.8842,30.000,30.000,30.000,4.1435
5.7560,0.9229,-8.5917,1.1906,-0.043,0.008,173.064,0.9969,0.8785,0.9674,0.8842,30.000,30.000,30.000,4.1466
5.7580,0.9149,-8.5894,1.1906,-0.042,0.005,172.920,0.9974,0.8783,0.9676,0.8842,30.000,30.000,30.000,4.1492
5.7600,0.9069,-8.5871,1.1907,-0.045,0.002,172.776,0.9980,0.8781,0.9678,0.8842,30.000,30.000,30.000,4.1489
5.7620,0.8990,-8.5847,1.1906,-0.047,0.000,172.632,0.9984,0.8779,0.9678,0.8842,30.000,30.000,30.000,4.1482
5.7640,0.8910,-8.5824,1.1906,-0.049,-0.002,172.488,0.9986,0.8777,0.9679,0.8841,30.000,30.000,30.000,4.1473
5.7660,0.8831,-8.5801,1.1905,-0.051,-0.005,172.344,0.9988,0.8775,0.9679,0.8841,30.000,30.000,30.000,4.1459
5.7680,0.8751,-8.5777,1.1905,-0.048,-0.006,172.200,0.9987,0.8773,0.9675,0.8841,30.000,30.000,30.000,4.1451
5.7700,0.8672,-8.5753,1.1904,-0.041,-0.004,172.057,0.9987,0.8772,0.9680,0.8841,30.000,30.000,30.000,4.1452
5.7720,0.8592,-8.5730,1.1903,-0.034,-0.000,171.913,0.9987,0.8770,0.9680,0.8841,30.000,30.000,30.000,4.1468
5.7740,0.8513,-8.5706,1.1902,-0.024,0.004,171.770,0.9983,0.8768,0.9683,0.8840,30.000,30.000,30.000,4.1467
5.7760,0.8433,-8.5681,1.1901,-0.015,0.007,171.628,0.9982,0.8766,0.9683,0.8840,30.000,30.000,30.000,4.1479
5.7780,0.8354,-8.5657,1.1900,-0.007,0.005,171.484,0.9981,0.8764,0.9682,0.8840,30.000,30.000,30.000,4.1480
5.7800,0.8275,-8.5633,1.1899,-0.003,0.002,171.341,0.9981,0.8763,0.9679,0.8839,30.000,30.000,30.000,4.1472
5.7820,0.8196,-8.5608,1.1899,-0.005,0.004,171.197,0.9979,0.8761,0.9678,0.8839,30.000,30.000,30.000,4.1468
5.7840,0.8116,-8.5584,1.1898,-0.013,0.000,171.052,0.9978,0.8760,0.9679,0.8842,30.000,30.000,30.000,4.1467
5.7860,0.8037,-8.5559,1.1898,-0.020,-0.005,170.907,0.9978,0.8760,0.9678,0.8844,30.000,30.000,30.000,4.1466
5.7880,0.7958,-8.5535,1.1899,-0.022,-0.005,170.764,0.9979,0.8760,0.9672,0.8848,30.000,30.000,30.000,4.1470
5.7900,0.7879,-8.5509,1.1900,-0.022,-0.002,170.621,0.9982,0.8759,0.9681,0.8853,30.000,30.000,30.000,4.1507
5.7920,0.7800,-8.5483,1.1901,-0.022,0.001,170.477,0.9984,0.8759,0.9680,0.8856,30.000,30.000,30.000,4.1557
5.7940,0.7721,-8.5457,1.1903,-0.025,0.005,170.333,0.9991,0.8759,0.9682,0.8860,30.000,30.000,30.000,4.1552
5.7960,0.7642,-8.5430,1.1903,-0.025,0.007,170.189,0.9995,0.8759,0.9683,0.8864,30.000,30.000,30.000,4.1540
5.7980,0.7564,-8.5404,1.1904,-0.027,0.009,170.045,0.9997,0.8758,0.9682,0.8868,30.000,30.000,30.000,4.1533
5.8000,0.7485,-8.5378,1.1904,-0.029,0.011,169.900,0.9996,0.8758,0.9681,0.8871,30.000,30.000,30.000,4.1525
5.8020,0.7406,-8.5351,1.1904,-0.030,0.012,169.755,0.9998,0.8758,0.9678,0.8875,30.000,30.000,30.000,4.1518
5.8040,0.7328,-8.5325,1.1904,-0.028,0.011,169.611,0.9996,0.8758,0.9675,0.8879,30.000,30.000,30.000,4.1506
5.8060,0.7249,-8.5298,1.1904,-0.026,0.009,169.465,0.9999,0.8757,0.9671,0.8882,30.000,30.000,30.000,4.1506
5.8080,0.7170,-8.5271,1.1903,-0.025,0.006,169.319,0.9999,0.8757,0.9666,0.8886,30.000,30.000,30.000,4.1507
5.8100,0.7092,-8.5244,1.1902,-0.026,0.003,169.172,1.0003,0.8757,0.9660,0.8889,30.000,30.000,30.000,4.1497
5.8120,0.7013,-8.5217,1.1901,-0.019,0.001,169.026,1.0002,0.8756,0.9653,0.8893,30.000,30.000,30.000,4.1483
5.8140,0.6935,-8.5190,1.1900,-0.013,0.001,168.879,1.0003,0.8756,0.9653,0.8896,30.000,30.000,30.000,4.1482
5.8160,0.6857,-8.5163,1.1899,-0.008,0.001,168.732,1.0005,0.8756,0.9649,0.8900,30.000,30.000,30.000,4.1483
5.8180,0.6779,-8.5135,1.1899,-0.002,0.006,168.586,1.0002,0.8755,0.9648,0.8903,30.000,30.000,30.000,4.1480
5.8200,0.6700,-8.5107,1.1898,-0.008,0.004,168.440,1.0002,0.8755,0.9643,0.8909,30.000,30.000,30.000,4.1486
5.8220,0.6622,-8.5079,1.1898,-0.012,0.003,168.295,1.0002,0.8753,0.9639,0.8915,30.000,30.000,30.000,4.1503
5.8240,0.6544,-8.5050,1.1899,-0.014,0.004,168.149,1.0004,0.8751,0.9637,0.8921,30.000,30.000,30.000,4.1537
5.8260,0.6466,-8.5021,1.1900,-0.017,0.005,168.005,1.0006,0.8749,0.9629,0.8926,30.000,30.000,30.000,4.1568
5.8280,0.6389,-8.4991,1.1901,-0.024,0.008,167.861,1.0013,0.8748,0.9624,0.8932,30.000,30.000,30.000,4.1579
5.8300,0.6311,-8.4962,1.1902,-0.026,0.011,167.716,1.0014,0.8746,0.9624,0.8938,30.000,30.000,30.000,4.1560
5.8320,0.6234,-8.4932,1.1903,-0.031,0.012,167.572,1.0015,0.8745,0.9621,0.8943,30.000,30.000,30.000,4.1566
5.8340,0.6156,-8.4902,1.1903,-0.035,0.012,167.427,1.0017,0.8743,0.9616,0.8948,30.000,30.000,30.000,4.1560
5.8360,0.6079,-8.4871,1.1904,-0.039,0.012,167.281,1.0021,0.8742,0.9612,0.8954,30.000,30.000,30.000,4.1551
5.8380,0.6001,-8.4841,1.1903,-0.045,0.011,167.136,1.0024,0.8740,0.9606,0.8959,30.000,30.000,30.000,4.1536
5.8400,0.5924,-8.4811,1.1903,-0.046,0.011,166.991,1.0023,0.8739,0.9599,0.8964,30.000,30.000,30.000,4.1521
5.8420,0.5847,-8.4781,1.1903,-0.045,0.012,166.845,1.0026,0.8737,0.9595,0.8969,30.000,30.000,30.000,4.1516
5.8440,0.5770,-8.4750,1.1902,-0.043,0.013,166.700,1.0023,0.8736,0.9592,0.8974,30.000,30.000,30.000,4.1512
5.8460,0.5693,-8.4719,1.1903,-0.033,0.011,166.556,1.0026,0.8734,0.9589,0.8979,30.000,30.000,30.000,4.1560
5.8480,0.5616,-8.4687,1.1903,-0.032,0.010,166.410,1.0036,0.8733,0.9589,0.8984,30.000,30.000,30.000,4.1565
5.8500,0.5539,-8.4655,1.1903,-0.030,0.007,166.264,1.0038,0.8732,0.9587,0.8988,30.000,30.000,30.000,4.1564
5.8520,0.5462,-8.4623,1.1903,-0.031,0.004,166.116,1.0046,0.8730,0.9583,0.8993,30.000,30.000,30.000,4.1566
5.8540,0.5385,-8.4591,1.1903,-0.028,0.002,165.969,1.0049,0.8729,0.9578,0.8998,30.000,30.000,30.000,4.1546
5.8560,0.5309,-8.4559,1.1903,-0.026,0.002,165.822,1.0053,0.8728,0.9577,0.9002,30.000,30.000,30.000,4.1535
5.8580,0.5232,-8.4527,1.1902,-0.021,0.002,165.676,1.0056,0.8726,0.9574,0.9006,30.000,30.000,30.000,4.1540
5.8600,0.5156,-8.4494,1.1902,-0.018,0.003,165.531,1.0059,0.8725,0.9574,0.9010,30.000,30.000,30.000,4.1536
5.8620,0.5080,-8.4461,1.1901,-0.015,0.005,165.386,1.0061,0.8724,0.9571,0.9014,30.000,30.000,30.000,4.1530
5.8640,0.5003,-8.4428,1.1900,-0.012,0.005,165.241,1.0061,0.8723,0.9569,0.9018,30.000,30.000,30.000,4.1523
5.8660,0.4927,-8.4395,1.1899,-0.009,0.003,165.096,1.0063,0.8721,0.9564,0.9022,30.000,30.000,30.000,4.1518
5.8680,0.4851,-8.4362,1.1899,-0.006,0.000,164.952,1.0065,0.8721,0.9564,0.9025,30.000,30.000,30.000,4.1507
5.8700,0.4775,-8.4329,1.1899,-0.007,0.001,164.808,1.0067,0.8720,0.9560,0.9029,30.000,30.000,30.000,4.1515
5.8720,0.4699,-8.4295,1.1899,-0.009,0.003,164.665,1.0071,0.8719,0.9563,0.9035,30.000,30.000,30.000,4.1519
5.8740,0.4623,-8.4262,1.1900,-0.009,0.006,164.522,1.0067,0.8718,0.9560,0.9040,30.000,30.000,30.000,4.1510
5.8760,0.4547,-8.4228,1.1900,-0.010,0.005,164.380,1.0068,0.8717,0.9556,0.9046,30.000,30.000,30.000,4.1509
5.8780,0.4472,-8.4194,1.1900,-0.012,0.005,164.237,1.0068,0.8717,0.9551,0.9051,30.000,30.000,30.000,4.1502
5.8800,0.4396,-8.4160,1.1900,-0.011,0.005,164.094,1.0068,0.8716,0.9548,0.9056,30.000,30.000,30.000,4.1504
5.8820,0.4320,-8.4126,1.1900,-0.010,0.005,163.951,1.0067,0.8715,0.9547,0.9061,30.000,30.000,30.000,4.1506
5.8840,0.4245,-8.4091,1.1900,-0.010,0.005,163.808,1.0067,0.8714,0.9543,0.9066,30.000,30.000,30.000,4.1506
5.8860,0.4169,-8.4057,1.1900,-0.007,0.004,163.664,1.0067,0.8713,0.9541,0.9071,30.000,30.000,30.000,4.1521
5.8880,0.4094,-8.4022,1.1900,-0.008,0.002,163.522,1.0069,0.8713,0.9542,0.9075,30.000,30.000,30.000,4.1528
5.8900,0.4019,-8.3987,1.1900,-0.010,0.001,163.379,1.0070,0.8712,0.9540,0.9079,30.000,30.000,30.000,4.1525
5.8920,0.3944,-8.3951,1.1900,-0.011,0.003,163.236,1.0071,0.8711,0.9537,0.9084,30.000,30.000,30.000,4.1529
5.8940,0.3868,-8.3916,1.1900,-0.010,0.005,163.095,1.0068,0.8711,0.9539,0.9087,30.000,30.000,30.000,4.1525
5.8960,0.3793,-8.3880,1.1900,-0.012,0.006,162.954,1.0067,0.8710,0.9537,0.9091,30.000,30.000,30.000,4.1531
5.8980,0.3718,-8.3844,1.1900,-0.012,0.005,162.813,1.0065,0.8709,0.9535,0.9094,30.000,30.000,30.000,4.1531
5.9000,0.3644,-8.3808,1.1899,-0.015,0.006,162.672,1.0066,0.8709,0.9534,0.9097,30.000,30.000,30.000,4.1543
5.9020,0.3569,-8.3772,1.1899,-0.018,0.007,162.532,1.0061,0.8708,0.9533,0.9100,30.000,30.000,30.000,4.1543
5.9040,0.3494,-8.3736,1.1899,-0.020,0.006,162.393,1.0060,0.8708,0.9532,0.9103,30.000,30.000,30.000,4.1565
5.9060,0.3420,-8.3699,1.1900,-0.015,0.006,162.252,1.0062,0.8707,0.9527,0.9106,30.000,30.000,30.000,4.1591
5.9080,0.3345,-8.3661,1.1901,-0.014,0.005,162.111,1.0064,0.8707,0.9533,0.9108,30.000,30.000,30.000,4.1609
5.9100,0.3271,-8.3624,1.1901,-0.013,0.003,161.969,1.0070,0.8706,0.9537,0.9110,30.000,30.000,30.000,4.1621
5.9120,0.3197,-8.3586,1.1901,-0.013,0.001,161.826,1.0072,0.8706,0.9539,0.9112,30.000,30.000,30.000,4.1611
5.9140,0.3123,-8.3548,1.1901,-0.014,-0.000,161.683,1.0073,0.8705,0.9540,0.9114,30.000,30.000,30.000,4.1601
5.9160,0.3048,-8.3511,1.1901,-0.010,0.000,161.541,1.0072,0.8705,0.9540,0.9115,30.000,30.000,30.000,4.1599
5.9180,0.2974,-8.3473,1.1901,-0.009,0.002,161.399,1.0071,0.8704,0.9537,0.9117,30.000,30.000,30.000,4.1599
5.9200,0.2900,-8.3435,1.1900,-0.007,0.003,161.259,1.0068,0.8704,0.9536,0.9118,30.000,30.000,30.000,4.1595
5.9220,0.2827,-8.3396,1.1899,-0.003,0.005,161.120,1.0065,0.8704,0.9535,0.9119,30.000,30.000,30.000,4.1594
5.9240,0.2753,-8.3358,1.1899,-0.006,0.002,160.981,1.0064,0.8703,0.9534,0.9120,30.000,30.000,30.000,4.1593
5.9260,0.2679,-8.3320,1.1898,-0.011,0.000,160.842,1.0060,0.8703,0.9535,0.9120,30.000,30.000,30.000,4.1592
5.9280,0.2605,-8.3281,1.1899,-0.011,0.003,160.701,1.0061,0.8703,0.9533,0.9123,30.000,30.000,30.000,4.1618
5.9300,0.2532,-8.3242,1.1900,-0.014,0.007,160.564,1.0054,0.8702,0.9546,0.9125,30.000,30.000,30.000,4.1635
5.9320,0.2458,-8.3202,1.1900,-0.018,0.009,160.427,1.0052,0.8702,0.9554,0.9127,30.000,30.000,30.000,4.1684
5.9340,0.2385,-8.3163,1.1901,-0.025,0.010,160.290,1.0053,0.8702,0.9558,0.9128,30.000,30.000,30.000,4.1699
5.9360,0.2312,-8.3122,1.1902,-0.025,0.010,160.150,1.0052,0.8702,0.9562,0.9130,30.000,30.000,30.000,4.1722
5.9380,0.2239,-8.3082,1.1903,-0.028,0.008,160.009,1.0053,0.8701,0.9562,0.9131,30.000,30.000,30.000,4.1737
5.9400,0.2166,-8.3042,1.1903,-0.030,0.006,159.868,1.0056,0.8701,0.9560,0.9132,30.000,30.000,30.000,4.1747
5.9420,0.2093,-8.3001,1.1904,-0.032,0.003,159.726,1.0057,0.8701,0.9560,0.9132,30.000,30.000,30.000,4.1746
5.9440,0.2020,-8.2960,1.1904,-0.034,0.001,159.584,1.0060,0.8701,0.9558,0.9133,30.000,30.000,30.000,4.1741
5.9460,0.1947,-8.2919,1.1905,-0.034,0.001,159.443,1.0062,0.8701,0.9558,0.9134,30.000,30.000,30.000,4.1742
5.9480,0.1875,-8.2878,1.1905,-0.037,0.001,159.303,1.0061,0.8700,0.9558,0.9134,30.000,30.000,30.000,4.1733
5.9500,0.1802,-8.2837,1.1904,-0.039,0.003,159.164,1.0060,0.8700,0.9557,0.9134,30.000,30.000,30.000,4.1738
5.9520,0.1730,-8.2795,1.1904,-0.043,0.004,159.026,1.0059,0.8700,0.9558,0.9134,30.000,30.000,30.000,4.1739
5.9540,0.1657,-8.2754,1.1903,-0.044,0.006,158.888,1.0053,0.8700,0.9556,0.9133,30.000,30.000,30.000,4.1733
5.9560,0.1585,-8.2712,1.1903,-0.037,0.007,158.750,1.0052,0.8700,0.9558,0.9133,30.000,30.000,30.000,4.1749
5.9580,0.1513,-8.2670,1.1903,-0.035,0.009,158.613,1.0051,0.8700,0.9556,0.9132,30.000,30.000,30.000,4.1793
5.9600,0.1441,-8.2628,1.1903,-0.031,0.010,158.475,1.0052,0.8700,0.9557,0.9131,30.000,30.000,30.000,4.1790
5.9620,0.1369,-8.2585,1.1903,-0.028,0.008,158.335,1.0054,0.8700,0.9557,0.9130,30.000,30.000,30.000,4.1809
5.9640,0.1297,-8.2542,1.1903,-0.027,0.005,158.196,1.0058,0.8700,0.9556,0.9129,30.000,30.000,30.000,4.1803
5.9660,0.1225,-8.2499,1.1902,-0.025,0.003,158.055,1.0060,0.8700,0.9554,0.9128,30.000,30.000,30.000,4.1804
5.9680,0.1154,-8.2456,1.1902,-0.023,0.000,157.914,1.0063,0.8700,0.9556,0.9126,30.000,30.000,30.000,4.1806
5.9700,0.1082,-8.2413,1.1901,-0.019,-0.001,157.774,1.0065,0.8700,0.9554,0.9124,30.000,30.000,30.000,4.1794
5.9720,0.1011,-8.2369,1.1900,-0.010,0.001,157.634,1.0065,0.8701,0.9557,0.9123,30.000,30.000,30.000,4.1802
5.9740,0.0939,-8.2325,1.1900,-0.006,0.002,157.494,1.0067,0.8701,0.9552,0.9121,30.000,30.000,30.000,4.1800
5.9760,0.0868,-8.2281,1.1899,-0.006,0.001,157.356,1.0068,0.8701,0.9547,0.9119,30.000,30.000,30.000,4.1794
5.9780,0.0797,-8.2238,1.1899,-0.006,-0.001,157.219,1.0065,0.8701,0.9545,0.9117,30.000,30.000,30.000,4.1765
5.9800,0.0726,-8.2194,1.1899,-0.006,-0.001,157.082,1.0064,0.8701,0.9546,0.9115,30.000,30.000,30.000,4.1752
5.9820,0.0655,-8.2150,1.1899,-0.008,-0.000,156.946,1.0062,0.8701,0.9547,0.9116,30.000,30.000,30.000,4.1761
5.9840,0.0584,-8.2106,1.1899,-0.009,0.001,156.810,1.0059,0.8702,0.9549,0.9117,30.000,30.000,30.000,4.1783
5.9860,0.0513,-8.2061,1.1899,-0.014,0.002,156.676,1.0056,0.8702,0.9548,0.9117,30.000,30.000,30.000,4.1806
5.9880,0.0443,-8.2016,1.1899,-0.017,0.004,156.543,1.0056,0.8702,0.9544,0.9117,30.000,30.000,30.000,4.1807
5.9900,0.0372,-8.1972,1.1900,-0.014,0.006,156.409,1.0051,0.8702,0.9547,0.9117,30.000,30.000,30.000,4.1809
5.9920,0.0302,-8.1926,1.1900,-0.019,0.008,156.274,1.0052,0.8703,0.9545,0.9117,30.000,30.000,30.000,4.1833
5.9940,0.0232,-8.1881,1.1900,-0.012,0.008,156.140,1.0048,0.8703,0.9541,0.9116,30.000,30.000,30.000,4.1834
5.9960,0.0162,-8.1835,1.1901,-0.013,0.007,156.004,1.0050,0.8703,0.9543,0.9116,30.000,30.000,30.000,4.1857
5.9980,0.0091,-8.1789,1.1901,-0.013,0.006,155.867,1.0051,0.8704,0.9545,0.9115,30.000,30.000,30.000,4.1847
6.0000,0.0021,-8.1743,1.1901,-0.014,0.005,155.730,1.0052,0.8704,0.9545,0.9114,30.000,30.000,30.000,4.1840
6.0020,-0.0048,-8.1697,1.1901,-0.014,0.004,155.594,1.0051,0.8705,0.9544,0.9113,30.000,30.000,30.000,4.1837
